timestamp,asset,orderflow_score,carry_score,funding_score,event_score,evidence_state,funding_rate,premium,funding_z,premium_z,source_funding,source_basis
2026-05-08 00:00:00.003000+00:00,BNBUSD,,,0.9343319417376018,,VERIFIED_BINANCE_PUBLIC_ARCHIVE_FUNDING_BASIS_CAUSAL,8.91e-06,0.00056244,-1.4401198373159676,-0.31614673603071014,BINANCE_USDM_MONTHLY_FUNDING_RATE_ARCHIVE,BINANCE_USDM_PREMIUM_INDEX_KLINES_ARCHIVE
2026-05-08 00:00:00.003000+00:00,BTCUSD,,,0.3937309144880242,,VERIFIED_BINANCE_PUBLIC_ARCHIVE_FUNDING_BASIS_CAUSAL,-7.406e-05,-0.0005275,-0.9922447929147122,0.33778604803348344,BINANCE_USDM_MONTHLY_FUNDING_RATE_ARCHIVE,BINANCE_USDM_PREMIUM_INDEX_KLINES_ARCHIVE
2026-05-08 00:00:00.003000+00:00,ETHUSD,,,-0.6592534680915978,,VERIFIED_BINANCE_PUBLIC_ARCHIVE_FUNDING_BASIS_CAUSAL,-9.68e-06,-0.00045054,0.3829377663917562,0.9969726590580709,BINANCE_USDM_MONTHLY_FUNDING_RATE_ARCHIVE,BINANCE_USDM_PREMIUM_INDEX_KLINES_ARCHIVE
2026-05-08 00:00:00.003000+00:00,SOLUSD,,,-1.1376739420563693,,VERIFIED_BINANCE_PUBLIC_ARCHIVE_FUNDING_BASIS_CAUSAL,9.448e-05,-0.00013544,0.587200147176899,1.8104752469090553,BINANCE_USDM_MONTHLY_FUNDING_RATE_ARCHIVE,BINANCE_USDM_PREMIUM_INDEX_KLINES_ARCHIVE
2026-05-08 00:00:00.003000+00:00,XRPUSD,,,0.20776495768172704,,VERIFIED_BINANCE_PUBLIC_ARCHIVE_FUNDING_BASIS_CAUSAL,-2.807e-05,-0.00042283,-0.9006875572005953,0.6391404417302231,BINANCE_USDM_MONTHLY_FUNDING_RATE_ARCHIVE,BINANCE_USDM_PREMIUM_INDEX_KLINES_ARCHIVE
2026-05-08 08:00:00.002000+00:00,BNBUSD,,,0.777933534763151,,VERIFIED_BINANCE_PUBLIC_ARCHIVE_FUNDING_BASIS_CAUSAL,0.0,0.00060251,-1.5035137976313993,0.10888678652026382,BINANCE_USDM_MONTHLY_FUNDING_RATE_ARCHIVE,BINANCE_USDM_PREMIUM_INDEX_KLINES_ARCHIVE
2026-05-08 08:00:00.002000+00:00,BTCUSD,,,-1.2000645703343866,,VERIFIED_BINANCE_PUBLIC_ARCHIVE_FUNDING_BASIS_CAUSAL,2.415e-05,-0.00050536,1.7416462474648735,0.5381314093971247,BINANCE_USDM_MONTHLY_FUNDING_RATE_ARCHIVE,BINANCE_USDM_PREMIUM_INDEX_KLINES_ARCHIVE
2026-05-08 08:00:00.002000+00:00,ETHUSD,,,-0.09406853390615624,,VERIFIED_BINANCE_PUBLIC_ARCHIVE_FUNDING_BASIS_CAUSAL,-2.849e-05,-0.00054787,0.022178177690064294,0.18193452483693529,BINANCE_USDM_MONTHLY_FUNDING_RATE_ARCHIVE,BINANCE_USDM_PREMIUM_INDEX_KLINES_ARCHIVE
2026-05-08 08:00:00.002000+00:00,SOLUSD,,,-1.37262837758459,,VERIFIED_BINANCE_PUBLIC_ARCHIVE_FUNDING_BASIS_CAUSAL,0.0001,-1.874e-05,0.681751207910066,2.2170338071867857,BINANCE_USDM_MONTHLY_FUNDING_RATE_ARCHIVE,BINANCE_USDM_PREMIUM_INDEX_KLINES_ARCHIVE
2026-05-08 08:00:00.002000+00:00,XRPUSD,,,0.07055739433705438,,VERIFIED_BINANCE_PUBLIC_ARCHIVE_FUNDING_BASIS_CAUSAL,-9e-06,-0.00044427,-0.46471673089338084,0.41119290589845575,BINANCE_USDM_MONTHLY_FUNDING_RATE_ARCHIVE,BINANCE_USDM_PREMIUM_INDEX_KLINES_ARCHIVE
2026-05-08 16:00:00.003000+00:00,BNBUSD,,,0.5132501789717518,,VERIFIED_BINANCE_PUBLIC_ARCHIVE_FUNDING_BASIS_CAUSAL,0.0,0.00063919,-1.3405991412019218,0.4979541081984561,BINANCE_USDM_MONTHLY_FUNDING_RATE_ARCHIVE,BINANCE_USDM_PREMIUM_INDEX_KLINES_ARCHIVE
2026-05-08 16:00:00.003000+00:00,BTCUSD,,,-1.2260873417196472,,VERIFIED_BINANCE_PUBLIC_ARCHIVE_FUNDING_BASIS_CAUSAL,-1.542e-05,-0.00034594,0.5105602450186952,2.1006204599096994,BINANCE_USDM_MONTHLY_FUNDING_RATE_ARCHIVE,BINANCE_USDM_PREMIUM_INDEX_KLINES_ARCHIVE
2026-05-08 16:00:00.003000+00:00,ETHUSD,,,-0.42176902793387905,,VERIFIED_BINANCE_PUBLIC_ARCHIVE_FUNDING_BASIS_CAUSAL,-3.358e-05,-0.00044002,-0.07566811487740714,1.0297477580365622,BINANCE_USDM_MONTHLY_FUNDING_RATE_ARCHIVE,BINANCE_USDM_PREMIUM_INDEX_KLINES_ARCHIVE
2026-05-08 16:00:00.003000+00:00,SOLUSD,,,1.1630329449787373,,VERIFIED_BINANCE_PUBLIC_ARCHIVE_FUNDING_BASIS_CAUSAL,-9.97e-06,-0.00043501,-1.8713889441763396,-0.29726450151500095,BINANCE_USDM_MONTHLY_FUNDING_RATE_ARCHIVE,BINANCE_USDM_PREMIUM_INDEX_KLINES_ARCHIVE
2026-05-08 16:00:00.003000+00:00,XRPUSD,,,0.5243143593761082,,VERIFIED_BINANCE_PUBLIC_ARCHIVE_FUNDING_BASIS_CAUSAL,-3.318e-05,-0.00048844,-0.9369427283033869,-0.019990797353878473,BINANCE_USDM_MONTHLY_FUNDING_RATE_ARCHIVE,BINANCE_USDM_PREMIUM_INDEX_KLINES_ARCHIVE
2026-05-09 00:00:00+00:00,BNBUSD,,,0.37051420983941924,,VERIFIED_BINANCE_PUBLIC_ARCHIVE_FUNDING_BASIS_CAUSAL,2.196e-05,0.00059967,-0.7086581805594984,0.04277286548512207,BINANCE_USDM_MONTHLY_FUNDING_RATE_ARCHIVE,BINANCE_USDM_PREMIUM_INDEX_KLINES_ARCHIVE
2026-05-09 00:00:00+00:00,BTCUSD,,,-0.8351074373582544,,VERIFIED_BINANCE_PUBLIC_ARCHIVE_FUNDING_BASIS_CAUSAL,1.841e-05,-0.0005232,1.372751433938263,0.17798699709379948,BINANCE_USDM_MONTHLY_FUNDING_RATE_ARCHIVE,BINANCE_USDM_PREMIUM_INDEX_KLINES_ARCHIVE
2026-05-09 00:00:00+00:00,ETHUSD,,,-1.4867653418548843,,VERIFIED_BINANCE_PUBLIC_ARCHIVE_FUNDING_BASIS_CAUSAL,6.199e-05,-0.00042487,1.8183632061846227,1.0814790632296485,BINANCE_USDM_MONTHLY_FUNDING_RATE_ARCHIVE,BINANCE_USDM_PREMIUM_INDEX_KLINES_ARCHIVE
2026-05-09 00:00:00+00:00,SOLUSD,,,-0.35174913414198655,,VERIFIED_BINANCE_PUBLIC_ARCHIVE_FUNDING_BASIS_CAUSAL,0.0001,-0.00039835,0.7162690276785343,-0.09377518018046067,BINANCE_USDM_MONTHLY_FUNDING_RATE_ARCHIVE,BINANCE_USDM_PREMIUM_INDEX_KLINES_ARCHIVE
2026-05-09 00:00:00+00:00,XRPUSD,,,-1.1461832609933085,,VERIFIED_BINANCE_PUBLIC_ARCHIVE_FUNDING_BASIS_CAUSAL,7.68e-05,-0.00039691,1.369948406734295,0.8726925273098805,BINANCE_USDM_MONTHLY_FUNDING_RATE_ARCHIVE,BINANCE_USDM_PREMIUM_INDEX_KLINES_ARCHIVE
2026-05-09 08:00:00.001000+00:00,BNBUSD,,,-1.0783118045977014,,VERIFIED_BINANCE_PUBLIC_ARCHIVE_FUNDING_BASIS_CAUSAL,0.00010676,0.00066236,1.3418633799681774,0.7561932124782307,BINANCE_USDM_MONTHLY_FUNDING_RATE_ARCHIVE,BINANCE_USDM_PREMIUM_INDEX_KLINES_ARCHIVE
2026-05-09 08:00:00.001000+00:00,BTCUSD,,,0.08086103896173887,,VERIFIED_BINANCE_PUBLIC_ARCHIVE_FUNDING_BASIS_CAUSAL,-3.792e-05,-0.00053761,-0.17848867411122885,0.03846162622097112,BINANCE_USDM_MONTHLY_FUNDING_RATE_ARCHIVE,BINANCE_USDM_PREMIUM_INDEX_KLINES_ARCHIVE
2026-05-09 08:00:00.001000+00:00,ETHUSD,,,-0.8543042910879033,,VERIFIED_BINANCE_PUBLIC_ARCHIVE_FUNDING_BASIS_CAUSAL,4.314e-05,-0.00050547,1.2471777816364804,0.37412558041741995,BINANCE_USDM_MONTHLY_FUNDING_RATE_ARCHIVE,BINANCE_USDM_PREMIUM_INDEX_KLINES_ARCHIVE
2026-05-09 08:00:00.001000+00:00,SOLUSD,,,0.49638136470100014,,VERIFIED_BINANCE_PUBLIC_ARCHIVE_FUNDING_BASIS_CAUSAL,4.331e-05,-0.00046235,-0.5424651930716994,-0.44005668558125655,BINANCE_USDM_MONTHLY_FUNDING_RATE_ARCHIVE,BINANCE_USDM_PREMIUM_INDEX_KLINES_ARCHIVE
2026-05-09 08:00:00.001000+00:00,XRPUSD,,,-1.1437731479002373,,VERIFIED_BINANCE_PUBLIC_ARCHIVE_FUNDING_BASIS_CAUSAL,8.976e-05,-0.00041032,1.5116842312627414,0.694104046012732,BINANCE_USDM_MONTHLY_FUNDING_RATE_ARCHIVE,BINANCE_USDM_PREMIUM_INDEX_KLINES_ARCHIVE
2026-05-09 16:00:00.002000+00:00,BNBUSD,,,0.4107380410576682,,VERIFIED_BINANCE_PUBLIC_ARCHIVE_FUNDING_BASIS_CAUSAL,7.448e-05,0.00046987,0.4842542865486663,-1.5046175525765215,BINANCE_USDM_MONTHLY_FUNDING_RATE_ARCHIVE,BINANCE_USDM_PREMIUM_INDEX_KLINES_ARCHIVE
2026-05-09 16:00:00.002000+00:00,BTCUSD,,,-1.0930563033031762,,VERIFIED_BINANCE_PUBLIC_ARCHIVE_FUNDING_BASIS_CAUSAL,3.645e-05,-0.00051509,1.7797377165579018,0.25377902043628886,BINANCE_USDM_MONTHLY_FUNDING_RATE_ARCHIVE,BINANCE_USDM_PREMIUM_INDEX_KLINES_ARCHIVE
2026-05-09 16:00:00.002000+00:00,ETHUSD,,,-1.0968659433379946,,VERIFIED_BINANCE_PUBLIC_ARCHIVE_FUNDING_BASIS_CAUSAL,8.76e-05,-0.00054635,1.9696675568759536,0.030108415680488915,BINANCE_USDM_MONTHLY_FUNDING_RATE_ARCHIVE,BINANCE_USDM_PREMIUM_INDEX_KLINES_ARCHIVE
2026-05-09 16:00:00.002000+00:00,SOLUSD,,,0.924640862160236,,VERIFIED_BINANCE_PUBLIC_ARCHIVE_FUNDING_BASIS_CAUSAL,1.497e-05,-0.00050243,-1.1496722376384754,-0.6496025143534988,BINANCE_USDM_MONTHLY_FUNDING_RATE_ARCHIVE,BINANCE_USDM_PREMIUM_INDEX_KLINES_ARCHIVE
2026-05-09 16:00:00.002000+00:00,XRPUSD,,,0.8497095273464116,,VERIFIED_BINANCE_PUBLIC_ARCHIVE_FUNDING_BASIS_CAUSAL,7.54e-05,-0.00079924,1.0973537871853591,-3.229453578440798,BINANCE_USDM_MONTHLY_FUNDING_RATE_ARCHIVE,BINANCE_USDM_PREMIUM_INDEX_KLINES_ARCHIVE
2026-05-10 00:00:00.003000+00:00,BNBUSD,,,0.6024199447022518,,VERIFIED_BINANCE_PUBLIC_ARCHIVE_FUNDING_BASIS_CAUSAL,2.289e-05,0.00055637,-0.7623516442974176,-0.40694786741927125,BINANCE_USDM_MONTHLY_FUNDING_RATE_ARCHIVE,BINANCE_USDM_PREMIUM_INDEX_KLINES_ARCHIVE
2026-05-10 00:00:00.003000+00:00,BTCUSD,,,-0.9018438439555829,,VERIFIED_BINANCE_PUBLIC_ARCHIVE_FUNDING_BASIS_CAUSAL,9e-07,-0.00042472,0.7070041794673628,1.1399812116634074,BINANCE_USDM_MONTHLY_FUNDING_RATE_ARCHIVE,BINANCE_USDM_PREMIUM_INDEX_KLINES_ARCHIVE
2026-05-10 00:00:00.003000+00:00,ETHUSD,,,-1.4649557055831943,,VERIFIED_BINANCE_PUBLIC_ARCHIVE_FUNDING_BASIS_CAUSAL,0.0001,-0.00044425,1.9403482562820276,0.8839203658401756,BINANCE_USDM_MONTHLY_FUNDING_RATE_ARCHIVE,BINANCE_USDM_PREMIUM_INDEX_KLINES_ARCHIVE
2026-05-10 00:00:00.003000+00:00,SOLUSD,,,1.7445808406270658,,VERIFIED_BINANCE_PUBLIC_ARCHIVE_FUNDING_BASIS_CAUSAL,-5.236e-05,-0.00052465,-2.5572299539040007,-0.7513430355108114,BINANCE_USDM_MONTHLY_FUNDING_RATE_ARCHIVE,BINANCE_USDM_PREMIUM_INDEX_KLINES_ARCHIVE
2026-05-10 00:00:00.003000+00:00,XRPUSD,,,0.025601114175392237,,VERIFIED_BINANCE_PUBLIC_ARCHIVE_FUNDING_BASIS_CAUSAL,1.12e-05,-0.00047145,-0.20051909526315398,0.18818752937631658,BINANCE_USDM_MONTHLY_FUNDING_RATE_ARCHIVE,BINANCE_USDM_PREMIUM_INDEX_KLINES_ARCHIVE
2026-05-10 08:00:00+00:00,BNBUSD,,,0.6582219117865834,,VERIFIED_BINANCE_PUBLIC_ARCHIVE_FUNDING_BASIS_CAUSAL,3.11e-06,0.00059212,-1.209220657639245,0.015220999811114022,BINANCE_USDM_MONTHLY_FUNDING_RATE_ARCHIVE,BINANCE_USDM_PREMIUM_INDEX_KLINES_ARCHIVE
2026-05-10 08:00:00+00:00,BTCUSD,,,-1.0036243967392562,,VERIFIED_BINANCE_PUBLIC_ARCHIVE_FUNDING_BASIS_CAUSAL,4.626e-05,-0.00053383,1.8236929726573596,0.0013183595060180825,BINANCE_USDM_MONTHLY_FUNDING_RATE_ARCHIVE,BINANCE_USDM_PREMIUM_INDEX_KLINES_ARCHIVE
2026-05-10 08:00:00+00:00,ETHUSD,,,-1.1453736126092977,,VERIFIED_BINANCE_PUBLIC_ARCHIVE_FUNDING_BASIS_CAUSAL,8.268e-05,-0.00045179,1.444368744383964,0.7799351182180387,BINANCE_USDM_MONTHLY_FUNDING_RATE_ARCHIVE,BINANCE_USDM_PREMIUM_INDEX_KLINES_ARCHIVE
2026-05-10 08:00:00+00:00,SOLUSD,,,0.7904884323135875,,VERIFIED_BINANCE_PUBLIC_ARCHIVE_FUNDING_BASIS_CAUSAL,1.717e-05,-0.00053708,-0.7884514538429226,-0.7929780726666223,BINANCE_USDM_MONTHLY_FUNDING_RATE_ARCHIVE,BINANCE_USDM_PREMIUM_INDEX_KLINES_ARCHIVE
2026-05-10 08:00:00+00:00,XRPUSD,,,0.024930577064399717,,VERIFIED_BINANCE_PUBLIC_ARCHIVE_FUNDING_BASIS_CAUSAL,3.884e-05,-0.00055133,0.3502567893325015,-0.4834929137717235,BINANCE_USDM_MONTHLY_FUNDING_RATE_ARCHIVE,BINANCE_USDM_PREMIUM_INDEX_KLINES_ARCHIVE
2026-05-10 16:00:00+00:00,BNBUSD,,,-0.8317594684966061,,VERIFIED_BINANCE_PUBLIC_ARCHIVE_FUNDING_BASIS_CAUSAL,7.97e-05,0.00067569,0.6942703991108804,0.999801664412493,BINANCE_USDM_MONTHLY_FUNDING_RATE_ARCHIVE,BINANCE_USDM_PREMIUM_INDEX_KLINES_ARCHIVE
2026-05-10 16:00:00+00:00,BTCUSD,,,-2.7360849380735237,,VERIFIED_BINANCE_PUBLIC_ARCHIVE_FUNDING_BASIS_CAUSAL,5.764e-05,-0.00016325,1.9136599180871368,3.7412710736124413,BINANCE_USDM_MONTHLY_FUNDING_RATE_ARCHIVE,BINANCE_USDM_PREMIUM_INDEX_KLINES_ARCHIVE
2026-05-10 16:00:00+00:00,ETHUSD,,,-2.853420140309489,,VERIFIED_BINANCE_PUBLIC_ARCHIVE_FUNDING_BASIS_CAUSAL,6.714e-05,5.178e-05,1.0971275278354349,5.0,BINANCE_USDM_MONTHLY_FUNDING_RATE_ARCHIVE,BINANCE_USDM_PREMIUM_INDEX_KLINES_ARCHIVE
2026-05-10 16:00:00+00:00,SOLUSD,,,0.19575610973824037,,VERIFIED_BINANCE_PUBLIC_ARCHIVE_FUNDING_BASIS_CAUSAL,-8.59e-06,-0.00021714,-1.261257694711719,1.1065236052293446,BINANCE_USDM_MONTHLY_FUNDING_RATE_ARCHIVE,BINANCE_USDM_PREMIUM_INDEX_KLINES_ARCHIVE
2026-05-10 16:00:00+00:00,XRPUSD,,,-2.1379329068017103,,VERIFIED_BINANCE_PUBLIC_ARCHIVE_FUNDING_BASIS_CAUSAL,6.689e-05,-6.906e-05,0.907700968555853,3.641549720213313,BINANCE_USDM_MONTHLY_FUNDING_RATE_ARCHIVE,BINANCE_USDM_PREMIUM_INDEX_KLINES_ARCHIVE
2026-05-11 00:00:00+00:00,BNBUSD,,,-1.5583684564346958,,VERIFIED_BINANCE_PUBLIC_ARCHIVE_FUNDING_BASIS_CAUSAL,9.23e-05,0.00079233,0.9272842157534297,2.329693639489576,BINANCE_USDM_MONTHLY_FUNDING_RATE_ARCHIVE,BINANCE_USDM_PREMIUM_INDEX_KLINES_ARCHIVE
2026-05-11 00:00:00+00:00,BTCUSD,,,-1.6878749074138664,,VERIFIED_BINANCE_PUBLIC_ARCHIVE_FUNDING_BASIS_CAUSAL,5.798e-05,-0.0003281,1.8465672054552595,1.4939176542521635,BINANCE_USDM_MONTHLY_FUNDING_RATE_ARCHIVE,BINANCE_USDM_PREMIUM_INDEX_KLINES_ARCHIVE
2026-05-11 00:00:00+00:00,ETHUSD,,,-0.8857597522564794,,VERIFIED_BINANCE_PUBLIC_ARCHIVE_FUNDING_BASIS_CAUSAL,7.463e-05,-0.00041952,1.1739496802920213,0.5335276179908172,BINANCE_USDM_MONTHLY_FUNDING_RATE_ARCHIVE,BINANCE_USDM_PREMIUM_INDEX_KLINES_ARCHIVE
2026-05-11 00:00:00+00:00,SOLUSD,,,-0.8718707602248177,,VERIFIED_BINANCE_PUBLIC_ARCHIVE_FUNDING_BASIS_CAUSAL,8.884e-05,-0.00021142,0.6993400724806861,1.0827416008009785,BINANCE_USDM_MONTHLY_FUNDING_RATE_ARCHIVE,BINANCE_USDM_PREMIUM_INDEX_KLINES_ARCHIVE
2026-05-11 00:00:00+00:00,XRPUSD,,,-0.839229245377913,,VERIFIED_BINANCE_PUBLIC_ARCHIVE_FUNDING_BASIS_CAUSAL,0.0001,-0.00047655,1.5291563307213645,-0.004014970041861328,BINANCE_USDM_MONTHLY_FUNDING_RATE_ARCHIVE,BINANCE_USDM_PREMIUM_INDEX_KLINES_ARCHIVE
2026-05-11 08:00:00+00:00,BNBUSD,,,0.14592671090881354,,VERIFIED_BINANCE_PUBLIC_ARCHIVE_FUNDING_BASIS_CAUSAL,8.28e-06,0.00069959,-1.1092325934829521,1.0314471455706893,BINANCE_USDM_MONTHLY_FUNDING_RATE_ARCHIVE,BINANCE_USDM_PREMIUM_INDEX_KLINES_ARCHIVE
2026-05-11 08:00:00+00:00,BTCUSD,,,-0.9213010474621453,,VERIFIED_BINANCE_PUBLIC_ARCHIVE_FUNDING_BASIS_CAUSAL,2.592e-05,-0.00039463,0.9594425621207497,0.8746836406571842,BINANCE_USDM_MONTHLY_FUNDING_RATE_ARCHIVE,BINANCE_USDM_PREMIUM_INDEX_KLINES_ARCHIVE
2026-05-11 08:00:00+00:00,ETHUSD,,,-0.5541750801348728,,VERIFIED_BINANCE_PUBLIC_ARCHIVE_FUNDING_BASIS_CAUSAL,1.995e-05,-0.00037207,0.3543025702208804,0.7984637033630858,BINANCE_USDM_MONTHLY_FUNDING_RATE_ARCHIVE,BINANCE_USDM_PREMIUM_INDEX_KLINES_ARCHIVE
2026-05-11 08:00:00+00:00,SOLUSD,,,-0.29514035321030085,,VERIFIED_BINANCE_PUBLIC_ARCHIVE_FUNDING_BASIS_CAUSAL,3.592e-05,-0.00021431,-0.2928972357026238,1.0138529618816532,BINANCE_USDM_MONTHLY_FUNDING_RATE_ARCHIVE,BINANCE_USDM_PREMIUM_INDEX_KLINES_ARCHIVE
2026-05-11 08:00:00+00:00,XRPUSD,,,-0.17062144633186893,,VERIFIED_BINANCE_PUBLIC_ARCHIVE_FUNDING_BASIS_CAUSAL,4.703e-05,-0.00050401,0.4694703547570441,-0.19463833063223415,BINANCE_USDM_MONTHLY_FUNDING_RATE_ARCHIVE,BINANCE_USDM_PREMIUM_INDEX_KLINES_ARCHIVE
2026-05-11 16:00:00+00:00,BNBUSD,,,1.211861833905382,,VERIFIED_BINANCE_PUBLIC_ARCHIVE_FUNDING_BASIS_CAUSAL,0.0,0.0005015,-1.264470634426841,-1.1475621888235985,BINANCE_USDM_MONTHLY_FUNDING_RATE_ARCHIVE,BINANCE_USDM_PREMIUM_INDEX_KLINES_ARCHIVE
2026-05-11 16:00:00+00:00,BTCUSD,,,-0.5560509397200357,,VERIFIED_BINANCE_PUBLIC_ARCHIVE_FUNDING_BASIS_CAUSAL,4.555e-05,-0.00054722,1.293550189837417,-0.34533703264565274,BINANCE_USDM_MONTHLY_FUNDING_RATE_ARCHIVE,BINANCE_USDM_PREMIUM_INDEX_KLINES_ARCHIVE
2026-05-11 16:00:00+00:00,ETHUSD,,,-0.13119702980555795,,VERIFIED_BINANCE_PUBLIC_ARCHIVE_FUNDING_BASIS_CAUSAL,3.355e-05,-0.00056439,0.5453157605258312,-0.37494808551922054,BINANCE_USDM_MONTHLY_FUNDING_RATE_ARCHIVE,BINANCE_USDM_PREMIUM_INDEX_KLINES_ARCHIVE
2026-05-11 16:00:00+00:00,SOLUSD,,,-0.30924695322576234,,VERIFIED_BINANCE_PUBLIC_ARCHIVE_FUNDING_BASIS_CAUSAL,6.498e-05,-0.00031606,0.251380072274942,0.37997314105454266,BINANCE_USDM_MONTHLY_FUNDING_RATE_ARCHIVE,BINANCE_USDM_PREMIUM_INDEX_KLINES_ARCHIVE
2026-05-11 16:00:00+00:00,XRPUSD,,,0.6999574274272671,,VERIFIED_BINANCE_PUBLIC_ARCHIVE_FUNDING_BASIS_CAUSAL,-1.879e-05,-0.0005344,-0.940276847386675,-0.4062336919213239,BINANCE_USDM_MONTHLY_FUNDING_RATE_ARCHIVE,BINANCE_USDM_PREMIUM_INDEX_KLINES_ARCHIVE
2026-05-12 00:00:00.002000+00:00,BNBUSD,,,0.5240136426574566,,VERIFIED_BINANCE_PUBLIC_ARCHIVE_FUNDING_BASIS_CAUSAL,6.651e-05,0.00044839,0.40738537553662946,-1.6623902204502283,BINANCE_USDM_MONTHLY_FUNDING_RATE_ARCHIVE,BINANCE_USDM_PREMIUM_INDEX_KLINES_ARCHIVE
2026-05-12 00:00:00.002000+00:00,BTCUSD,,,0.7573391487145208,,VERIFIED_BINANCE_PUBLIC_ARCHIVE_FUNDING_BASIS_CAUSAL,-1.15e-06,-0.00075498,0.24786106857628937,-1.9859171920699554,BINANCE_USDM_MONTHLY_FUNDING_RATE_ARCHIVE,BINANCE_USDM_PREMIUM_INDEX_KLINES_ARCHIVE
2026-05-12 00:00:00.002000+00:00,ETHUSD,,,0.2328848983855939,,VERIFIED_BINANCE_PUBLIC_ARCHIVE_FUNDING_BASIS_CAUSAL,3.946e-05,-0.00070854,0.5923756525358119,-1.24153668284509,BINANCE_USDM_MONTHLY_FUNDING_RATE_ARCHIVE,BINANCE_USDM_PREMIUM_INDEX_KLINES_ARCHIVE
2026-05-12 00:00:00.002000+00:00,SOLUSD,,,1.3642954156227893,,VERIFIED_BINANCE_PUBLIC_ARCHIVE_FUNDING_BASIS_CAUSAL,3.539e-05,-0.00082642,-0.31556023782895876,-2.646082855148582,BINANCE_USDM_MONTHLY_FUNDING_RATE_ARCHIVE,BINANCE_USDM_PREMIUM_INDEX_KLINES_ARCHIVE
2026-05-12 00:00:00.002000+00:00,XRPUSD,,,0.36719089937843646,,VERIFIED_BINANCE_PUBLIC_ARCHIVE_FUNDING_BASIS_CAUSAL,2.41e-05,-0.00058216,-0.06034363438597264,-0.7422264454803367,BINANCE_USDM_MONTHLY_FUNDING_RATE_ARCHIVE,BINANCE_USDM_PREMIUM_INDEX_KLINES_ARCHIVE
2026-05-12 08:00:00.008000+00:00,BNBUSD,,,1.0082809139870301,,VERIFIED_BINANCE_PUBLIC_ARCHIVE_FUNDING_BASIS_CAUSAL,0.0,0.00052234,-1.197104753053387,-0.7774962217948164,BINANCE_USDM_MONTHLY_FUNDING_RATE_ARCHIVE,BINANCE_USDM_PREMIUM_INDEX_KLINES_ARCHIVE
2026-05-12 08:00:00.008000+00:00,BTCUSD,,,-0.662821035808258,,VERIFIED_BINANCE_PUBLIC_ARCHIVE_FUNDING_BASIS_CAUSAL,3.877e-05,-0.00048491,1.0221193274200409,0.22367867939385686,BINANCE_USDM_MONTHLY_FUNDING_RATE_ARCHIVE,BINANCE_USDM_PREMIUM_INDEX_KLINES_ARCHIVE
2026-05-12 08:00:00.008000+00:00,ETHUSD,,,0.49490086886580775,,VERIFIED_BINANCE_PUBLIC_ARCHIVE_FUNDING_BASIS_CAUSAL,7.08e-06,-0.00070499,0.04828557794649357,-1.1587954149697315,BINANCE_USDM_MONTHLY_FUNDING_RATE_ARCHIVE,BINANCE_USDM_PREMIUM_INDEX_KLINES_ARCHIVE
2026-05-12 08:00:00.008000+00:00,SOLUSD,,,1.8152347812813403,,VERIFIED_BINANCE_PUBLIC_ARCHIVE_FUNDING_BASIS_CAUSAL,-6.049e-05,-0.00066768,-2.1227693079991012,-1.4393592486262992,BINANCE_USDM_MONTHLY_FUNDING_RATE_ARCHIVE,BINANCE_USDM_PREMIUM_INDEX_KLINES_ARCHIVE
2026-05-12 08:00:00.008000+00:00,XRPUSD,,,-0.3112863765030814,,VERIFIED_BINANCE_PUBLIC_ARCHIVE_FUNDING_BASIS_CAUSAL,2.648e-05,-0.00039171,0.015997906143815317,0.6721945069421843,BINANCE_USDM_MONTHLY_FUNDING_RATE_ARCHIVE,BINANCE_USDM_PREMIUM_INDEX_KLINES_ARCHIVE
2026-05-12 16:00:00+00:00,BNBUSD,,,-2.5161841771973177,,VERIFIED_BINANCE_PUBLIC_ARCHIVE_FUNDING_BASIS_CAUSAL,0.00015663,0.00081919,2.6541745716297984,2.3475292506687295,BINANCE_USDM_MONTHLY_FUNDING_RATE_ARCHIVE,BINANCE_USDM_PREMIUM_INDEX_KLINES_ARCHIVE
2026-05-12 16:00:00+00:00,BTCUSD,,,-1.471567461574202,,VERIFIED_BINANCE_PUBLIC_ARCHIVE_FUNDING_BASIS_CAUSAL,5.822e-05,-0.00030145,1.3467498821709354,1.624122280844861,BINANCE_USDM_MONTHLY_FUNDING_RATE_ARCHIVE,BINANCE_USDM_PREMIUM_INDEX_KLINES_ARCHIVE
2026-05-12 16:00:00+00:00,ETHUSD,,,-1.000681905785422,,VERIFIED_BINANCE_PUBLIC_ARCHIVE_FUNDING_BASIS_CAUSAL,3.956e-05,-0.00025062,0.5036792315324788,1.6081296187612413,BINANCE_USDM_MONTHLY_FUNDING_RATE_ARCHIVE,BINANCE_USDM_PREMIUM_INDEX_KLINES_ARCHIVE
2026-05-12 16:00:00+00:00,SOLUSD,,,-0.9642283307622646,,VERIFIED_BINANCE_PUBLIC_ARCHIVE_FUNDING_BASIS_CAUSAL,8.095e-05,-0.00016064,0.7022405746592888,1.284435588221457,BINANCE_USDM_MONTHLY_FUNDING_RATE_ARCHIVE,BINANCE_USDM_PREMIUM_INDEX_KLINES_ARCHIVE
2026-05-12 16:00:00+00:00,XRPUSD,,,0.43079076300127256,,VERIFIED_BINANCE_PUBLIC_ARCHIVE_FUNDING_BASIS_CAUSAL,-2.217e-05,-0.00045148,-0.9566661665339787,0.2119458413164796,BINANCE_USDM_MONTHLY_FUNDING_RATE_ARCHIVE,BINANCE_USDM_PREMIUM_INDEX_KLINES_ARCHIVE
2026-05-13 00:00:00.010000+00:00,BNBUSD,,,-0.8907683512605202,,VERIFIED_BINANCE_PUBLIC_ARCHIVE_FUNDING_BASIS_CAUSAL,0.0001297,0.00058438,1.7656036630045748,-0.17847480753776876,BINANCE_USDM_MONTHLY_FUNDING_RATE_ARCHIVE,BINANCE_USDM_PREMIUM_INDEX_KLINES_ARCHIVE
2026-05-13 00:00:00.010000+00:00,BTCUSD,,,-0.7694345464573276,,VERIFIED_BINANCE_PUBLIC_ARCHIVE_FUNDING_BASIS_CAUSAL,5.367e-05,-0.00046572,1.155642275599336,0.2974028775059835,BINANCE_USDM_MONTHLY_FUNDING_RATE_ARCHIVE,BINANCE_USDM_PREMIUM_INDEX_KLINES_ARCHIVE
2026-05-13 00:00:00.010000+00:00,ETHUSD,,,0.19381135076628114,,VERIFIED_BINANCE_PUBLIC_ARCHIVE_FUNDING_BASIS_CAUSAL,1.323e-05,-0.00059273,0.04254978292685763,-0.482697180835673,BINANCE_USDM_MONTHLY_FUNDING_RATE_ARCHIVE,BINANCE_USDM_PREMIUM_INDEX_KLINES_ARCHIVE
2026-05-13 00:00:00.010000+00:00,SOLUSD,,,-0.47006158614340743,,VERIFIED_BINANCE_PUBLIC_ARCHIVE_FUNDING_BASIS_CAUSAL,0.0001,-0.00045074,1.0768347179804005,-0.2715500194351398,BINANCE_USDM_MONTHLY_FUNDING_RATE_ARCHIVE,BINANCE_USDM_PREMIUM_INDEX_KLINES_ARCHIVE
2026-05-13 00:00:00.010000+00:00,XRPUSD,,,0.12791150037021765,,VERIFIED_BINANCE_PUBLIC_ARCHIVE_FUNDING_BASIS_CAUSAL,1.253e-05,-0.00049442,-0.13809120341401482,-0.11546964109446552,BINANCE_USDM_MONTHLY_FUNDING_RATE_ARCHIVE,BINANCE_USDM_PREMIUM_INDEX_KLINES_ARCHIVE
2026-05-13 08:00:00.003000+00:00,BNBUSD,,,0.24865402877896386,,VERIFIED_BINANCE_PUBLIC_ARCHIVE_FUNDING_BASIS_CAUSAL,6.636e-05,0.0005136,0.26205844928721866,-0.8728581686376314,BINANCE_USDM_MONTHLY_FUNDING_RATE_ARCHIVE,BINANCE_USDM_PREMIUM_INDEX_KLINES_ARCHIVE
2026-05-13 08:00:00.003000+00:00,BTCUSD,,,-1.0542519105830723,,VERIFIED_BINANCE_PUBLIC_ARCHIVE_FUNDING_BASIS_CAUSAL,5.437e-05,-0.00036793,1.0724629744219016,1.0319939436689474,BINANCE_USDM_MONTHLY_FUNDING_RATE_ARCHIVE,BINANCE_USDM_PREMIUM_INDEX_KLINES_ARCHIVE
2026-05-13 08:00:00.003000+00:00,ETHUSD,,,-0.7038472609644075,,VERIFIED_BINANCE_PUBLIC_ARCHIVE_FUNDING_BASIS_CAUSAL,5.046e-05,-0.00036958,0.5892326294146064,0.8439318106363866,BINANCE_USDM_MONTHLY_FUNDING_RATE_ARCHIVE,BINANCE_USDM_PREMIUM_INDEX_KLINES_ARCHIVE
2026-05-13 08:00:00.003000+00:00,SOLUSD,,,0.9632722495096979,,VERIFIED_BINANCE_PUBLIC_ARCHIVE_FUNDING_BASIS_CAUSAL,-1.573e-05,-0.00056669,-1.0359700498901883,-0.8744193823779874,BINANCE_USDM_MONTHLY_FUNDING_RATE_ARCHIVE,BINANCE_USDM_PREMIUM_INDEX_KLINES_ARCHIVE
2026-05-13 08:00:00.003000+00:00,XRPUSD,,,-1.841004022228254,,VERIFIED_BINANCE_PUBLIC_ARCHIVE_FUNDING_BASIS_CAUSAL,0.0001,-0.00022514,1.7494309530742382,1.952926662305384,BINANCE_USDM_MONTHLY_FUNDING_RATE_ARCHIVE,BINANCE_USDM_PREMIUM_INDEX_KLINES_ARCHIVE
2026-05-13 16:00:00.001000+00:00,BNBUSD,,,-0.4659009156520758,,VERIFIED_BINANCE_PUBLIC_ARCHIVE_FUNDING_BASIS_CAUSAL,0.0,0.00083664,-1.077385097498585,2.3521393761695504,BINANCE_USDM_MONTHLY_FUNDING_RATE_ARCHIVE,BINANCE_USDM_PREMIUM_INDEX_KLINES_ARCHIVE
2026-05-13 16:00:00.001000+00:00,BTCUSD,,,-1.1949342326850685,,VERIFIED_BINANCE_PUBLIC_ARCHIVE_FUNDING_BASIS_CAUSAL,1.749e-05,-0.00016639,0.11021258806483701,2.520705131665351,BINANCE_USDM_MONTHLY_FUNDING_RATE_ARCHIVE,BINANCE_USDM_PREMIUM_INDEX_KLINES_ARCHIVE
2026-05-13 16:00:00.001000+00:00,ETHUSD,,,-1.455776207836592,,VERIFIED_BINANCE_PUBLIC_ARCHIVE_FUNDING_BASIS_CAUSAL,5.45e-06,9.394e-05,-0.2730629020140224,3.5688017865428985,BINANCE_USDM_MONTHLY_FUNDING_RATE_ARCHIVE,BINANCE_USDM_PREMIUM_INDEX_KLINES_ARCHIVE
2026-05-13 16:00:00.001000+00:00,SOLUSD,,,1.754914929875096,,VERIFIED_BINANCE_PUBLIC_ARCHIVE_FUNDING_BASIS_CAUSAL,-0.00012043,-0.00049717,-2.79637331594588,-0.48202134689969234,BINANCE_USDM_MONTHLY_FUNDING_RATE_ARCHIVE,BINANCE_USDM_PREMIUM_INDEX_KLINES_ARCHIVE
2026-05-13 16:00:00.001000+00:00,XRPUSD,,,1.1300234420612176,,VERIFIED_BINANCE_PUBLIC_ARCHIVE_FUNDING_BASIS_CAUSAL,-5.79e-05,-0.00054807,-1.5915113683456292,-0.5659826432691588,BINANCE_USDM_MONTHLY_FUNDING_RATE_ARCHIVE,BINANCE_USDM_PREMIUM_INDEX_KLINES_ARCHIVE
2026-05-14 00:00:00.005000+00:00,BNBUSD,,,0.7315270693429298,,VERIFIED_BINANCE_PUBLIC_ARCHIVE_FUNDING_BASIS_CAUSAL,0.0,0.00056001,-0.974808797327616,-0.43418273513942407,BINANCE_USDM_MONTHLY_FUNDING_RATE_ARCHIVE,BINANCE_USDM_PREMIUM_INDEX_KLINES_ARCHIVE
2026-05-14 00:00:00.005000+00:00,BTCUSD,,,-1.3324475983580708,,VERIFIED_BINANCE_PUBLIC_ARCHIVE_FUNDING_BASIS_CAUSAL,3.928e-05,-0.00016479,0.5761106548986428,2.2568594181418162,BINANCE_USDM_MONTHLY_FUNDING_RATE_ARCHIVE,BINANCE_USDM_PREMIUM_INDEX_KLINES_ARCHIVE
2026-05-14 00:00:00.005000+00:00,ETHUSD,,,-0.774028156369582,,VERIFIED_BINANCE_PUBLIC_ARCHIVE_FUNDING_BASIS_CAUSAL,5.942e-05,-0.00030472,0.6542599011602883,0.9204115794031631,BINANCE_USDM_MONTHLY_FUNDING_RATE_ARCHIVE,BINANCE_USDM_PREMIUM_INDEX_KLINES_ARCHIVE
2026-05-14 00:00:00.005000+00:00,SOLUSD,,,1.3396297331584963,,VERIFIED_BINANCE_PUBLIC_ARCHIVE_FUNDING_BASIS_CAUSAL,-0.0001508,-0.00034091,-2.7319304088300758,0.3620710926623231,BINANCE_USDM_MONTHLY_FUNDING_RATE_ARCHIVE,BINANCE_USDM_PREMIUM_INDEX_KLINES_ARCHIVE
2026-05-14 00:00:00.005000+00:00,XRPUSD,,,0.7827021798851547,,VERIFIED_BINANCE_PUBLIC_ARCHIVE_FUNDING_BASIS_CAUSAL,-5.437e-05,-0.00046032,-1.5027084468082292,0.09730547968749217,BINANCE_USDM_MONTHLY_FUNDING_RATE_ARCHIVE,BINANCE_USDM_PREMIUM_INDEX_KLINES_ARCHIVE
2026-05-14 08:00:00+00:00,BNBUSD,,,0.9336204693418293,,VERIFIED_BINANCE_PUBLIC_ARCHIVE_FUNDING_BASIS_CAUSAL,0.0,0.00051412,-0.9066841325093272,-0.9665426588037761,BINANCE_USDM_MONTHLY_FUNDING_RATE_ARCHIVE,BINANCE_USDM_PREMIUM_INDEX_KLINES_ARCHIVE
2026-05-14 08:00:00+00:00,BTCUSD,,,0.20871340909475364,,VERIFIED_BINANCE_PUBLIC_ARCHIVE_FUNDING_BASIS_CAUSAL,2.928e-05,-0.00058475,0.22961154982830792,-0.7444439144451622,BINANCE_USDM_MONTHLY_FUNDING_RATE_ARCHIVE,BINANCE_USDM_PREMIUM_INDEX_KLINES_ARCHIVE
2026-05-14 08:00:00+00:00,ETHUSD,,,-0.42618025320746644,,VERIFIED_BINANCE_PUBLIC_ARCHIVE_FUNDING_BASIS_CAUSAL,5.526e-05,-0.00041173,0.5240773211631548,0.30652828126162507,BINANCE_USDM_MONTHLY_FUNDING_RATE_ARCHIVE,BINANCE_USDM_PREMIUM_INDEX_KLINES_ARCHIVE
2026-05-14 08:00:00+00:00,SOLUSD,,,0.6421565779147236,,VERIFIED_BINANCE_PUBLIC_ARCHIVE_FUNDING_BASIS_CAUSAL,-3.038e-05,-0.00052554,-0.607084400159056,-0.6850225729494285,BINANCE_USDM_MONTHLY_FUNDING_RATE_ARCHIVE,BINANCE_USDM_PREMIUM_INDEX_KLINES_ARCHIVE
2026-05-14 08:00:00+00:00,XRPUSD,,,0.0017264439257962394,,VERIFIED_BINANCE_PUBLIC_ARCHIVE_FUNDING_BASIS_CAUSAL,7.996e-05,-0.00064922,1.1318327711216851,-1.3871877067616067,BINANCE_USDM_MONTHLY_FUNDING_RATE_ARCHIVE,BINANCE_USDM_PREMIUM_INDEX_KLINES_ARCHIVE
2026-05-14 16:00:00+00:00,BNBUSD,,,-0.2160332509413458,,VERIFIED_BINANCE_PUBLIC_ARCHIVE_FUNDING_BASIS_CAUSAL,0.0,0.00076244,-0.832482946365301,1.4975530476494696,BINANCE_USDM_MONTHLY_FUNDING_RATE_ARCHIVE,BINANCE_USDM_PREMIUM_INDEX_KLINES_ARCHIVE
2026-05-14 16:00:00+00:00,BTCUSD,,,-0.5128133064421843,,VERIFIED_BINANCE_PUBLIC_ARCHIVE_FUNDING_BASIS_CAUSAL,4.094e-05,-0.0003948,0.49185905956220144,0.5384240526288298,BINANCE_USDM_MONTHLY_FUNDING_RATE_ARCHIVE,BINANCE_USDM_PREMIUM_INDEX_KLINES_ARCHIVE
2026-05-14 16:00:00+00:00,ETHUSD,,,0.01067849844217078,,VERIFIED_BINANCE_PUBLIC_ARCHIVE_FUNDING_BASIS_CAUSAL,3.946e-05,-0.00048149,0.027092864838579662,-0.05684349800753243,BINANCE_USDM_MONTHLY_FUNDING_RATE_ARCHIVE,BINANCE_USDM_PREMIUM_INDEX_KLINES_ARCHIVE
2026-05-14 16:00:00+00:00,SOLUSD,,,0.1857829890077769,,VERIFIED_BINANCE_PUBLIC_ARCHIVE_FUNDING_BASIS_CAUSAL,-5.361e-05,-0.00026436,-0.954237272759449,0.753438913355378,BINANCE_USDM_MONTHLY_FUNDING_RATE_ARCHIVE,BINANCE_USDM_PREMIUM_INDEX_KLINES_ARCHIVE
2026-05-14 16:00:00+00:00,XRPUSD,,,-0.8472133230763879,,VERIFIED_BINANCE_PUBLIC_ARCHIVE_FUNDING_BASIS_CAUSAL,0.0001,-0.00045597,1.4214937852117908,0.14531498046645092,BINANCE_USDM_MONTHLY_FUNDING_RATE_ARCHIVE,BINANCE_USDM_PREMIUM_INDEX_KLINES_ARCHIVE
2026-05-15 00:00:00+00:00,BNBUSD,,,-1.4010464635913509,,VERIFIED_BINANCE_PUBLIC_ARCHIVE_FUNDING_BASIS_CAUSAL,0.00012416,0.00073395,1.6332119749905463,1.1172886163256674,BINANCE_USDM_MONTHLY_FUNDING_RATE_ARCHIVE,BINANCE_USDM_PREMIUM_INDEX_KLINES_ARCHIVE
2026-05-15 00:00:00+00:00,BTCUSD,,,1.701017789090378,,VERIFIED_BINANCE_PUBLIC_ARCHIVE_FUNDING_BASIS_CAUSAL,-4.239e-05,-0.00053712,-2.7331956880095887,-0.43946702374467583,BINANCE_USDM_MONTHLY_FUNDING_RATE_ARCHIVE,BINANCE_USDM_PREMIUM_INDEX_KLINES_ARCHIVE
2026-05-15 00:00:00+00:00,ETHUSD,,,0.706896023359258,,VERIFIED_BINANCE_PUBLIC_ARCHIVE_FUNDING_BASIS_CAUSAL,-6.93e-06,-0.00045476,-1.335690697583793,0.06163080069295137,BINANCE_USDM_MONTHLY_FUNDING_RATE_ARCHIVE,BINANCE_USDM_PREMIUM_INDEX_KLINES_ARCHIVE
2026-05-15 00:00:00+00:00,SOLUSD,,,0.31504738766077794,,VERIFIED_BINANCE_PUBLIC_ARCHIVE_FUNDING_BASIS_CAUSAL,-1.584e-05,-0.00045352,-0.34205923382668946,-0.2820329090135527,BINANCE_USDM_MONTHLY_FUNDING_RATE_ARCHIVE,BINANCE_USDM_PREMIUM_INDEX_KLINES_ARCHIVE
2026-05-15 00:00:00+00:00,XRPUSD,,,0.13713094807496307,,VERIFIED_BINANCE_PUBLIC_ARCHIVE_FUNDING_BASIS_CAUSAL,8.567e-05,-0.00067494,1.0055115263811432,-1.533693972410204,BINANCE_USDM_MONTHLY_FUNDING_RATE_ARCHIVE,BINANCE_USDM_PREMIUM_INDEX_KLINES_ARCHIVE
2026-05-15 08:00:00.016000+00:00,BNBUSD,,,-0.14718383280427338,,VERIFIED_BINANCE_PUBLIC_ARCHIVE_FUNDING_BASIS_CAUSAL,0.0,0.00077382,-0.9011664260615438,1.4285008158624946,BINANCE_USDM_MONTHLY_FUNDING_RATE_ARCHIVE,BINANCE_USDM_PREMIUM_INDEX_KLINES_ARCHIVE
2026-05-15 08:00:00.016000+00:00,BTCUSD,,,1.1960816847288798,,VERIFIED_BINANCE_PUBLIC_ARCHIVE_FUNDING_BASIS_CAUSAL,-1.893e-05,-0.00060474,-1.4632981460363692,-0.8694837875752812,BINANCE_USDM_MONTHLY_FUNDING_RATE_ARCHIVE,BINANCE_USDM_PREMIUM_INDEX_KLINES_ARCHIVE
2026-05-15 08:00:00.016000+00:00,ETHUSD,,,0.7299110725189122,,VERIFIED_BINANCE_PUBLIC_ARCHIVE_FUNDING_BASIS_CAUSAL,3.88e-06,-0.00051307,-1.1243949176167078,-0.24776415073271743,BINANCE_USDM_MONTHLY_FUNDING_RATE_ARCHIVE,BINANCE_USDM_PREMIUM_INDEX_KLINES_ARCHIVE
2026-05-15 08:00:00.016000+00:00,SOLUSD,,,0.11069254599051076,,VERIFIED_BINANCE_PUBLIC_ARCHIVE_FUNDING_BASIS_CAUSAL,4.052e-05,-0.00054779,0.5382143531871703,-0.9038009783187876,BINANCE_USDM_MONTHLY_FUNDING_RATE_ARCHIVE,BINANCE_USDM_PREMIUM_INDEX_KLINES_ARCHIVE
2026-05-15 08:00:00.016000+00:00,XRPUSD,,,0.9297578506306847,,VERIFIED_BINANCE_PUBLIC_ARCHIVE_FUNDING_BASIS_CAUSAL,-2.987e-05,-0.00054407,-1.2692269699772343,-0.514851149207124,BINANCE_USDM_MONTHLY_FUNDING_RATE_ARCHIVE,BINANCE_USDM_PREMIUM_INDEX_KLINES_ARCHIVE
2026-05-15 16:00:00.012000+00:00,BNBUSD,,,2.1350720609558635,,VERIFIED_BINANCE_PUBLIC_ARCHIVE_FUNDING_BASIS_CAUSAL,0.0,0.00022338,-0.9011664260615438,-3.6431789480489205,BINANCE_USDM_MONTHLY_FUNDING_RATE_ARCHIVE,BINANCE_USDM_PREMIUM_INDEX_KLINES_ARCHIVE
2026-05-15 16:00:00.012000+00:00,BTCUSD,,,-0.021930040624109443,,VERIFIED_BINANCE_PUBLIC_ARCHIVE_FUNDING_BASIS_CAUSAL,1.548e-05,-0.00040267,-0.33936564014278037,0.4635136504503081,BINANCE_USDM_MONTHLY_FUNDING_RATE_ARCHIVE,BINANCE_USDM_PREMIUM_INDEX_KLINES_ARCHIVE
2026-05-15 16:00:00.012000+00:00,ETHUSD,,,0.21151670455899785,,VERIFIED_BINANCE_PUBLIC_ARCHIVE_FUNDING_BASIS_CAUSAL,1.397e-05,-0.00032679,-0.9849903269663729,0.733839945050016,BINANCE_USDM_MONTHLY_FUNDING_RATE_ARCHIVE,BINANCE_USDM_PREMIUM_INDEX_KLINES_ARCHIVE
2026-05-15 16:00:00.012000+00:00,SOLUSD,,,-0.4389347902455384,,VERIFIED_BINANCE_PUBLIC_ARCHIVE_FUNDING_BASIS_CAUSAL,2.053e-05,-0.00026942,0.21254225878150868,0.7156367731460191,BINANCE_USDM_MONTHLY_FUNDING_RATE_ARCHIVE,BINANCE_USDM_PREMIUM_INDEX_KLINES_ARCHIVE
2026-05-15 16:00:00.012000+00:00,XRPUSD,,,0.9204294975724027,,VERIFIED_BINANCE_PUBLIC_ARCHIVE_FUNDING_BASIS_CAUSAL,-6.287e-05,-0.00044232,-1.9030260620254777,0.28052185898135623,BINANCE_USDM_MONTHLY_FUNDING_RATE_ARCHIVE,BINANCE_USDM_PREMIUM_INDEX_KLINES_ARCHIVE
2026-05-16 00:00:00.005000+00:00,BNBUSD,,,1.476104281199245,,VERIFIED_BINANCE_PUBLIC_ARCHIVE_FUNDING_BASIS_CAUSAL,0.0,0.00032476,-0.8675369786169789,-2.2199087621331257,BINANCE_USDM_MONTHLY_FUNDING_RATE_ARCHIVE,BINANCE_USDM_PREMIUM_INDEX_KLINES_ARCHIVE
2026-05-16 00:00:00.005000+00:00,BTCUSD,,,0.16094474371357556,,VERIFIED_BINANCE_PUBLIC_ARCHIVE_FUNDING_BASIS_CAUSAL,3.938e-05,-0.00059566,0.43301199830313,-0.8868918728451046,BINANCE_USDM_MONTHLY_FUNDING_RATE_ARCHIVE,BINANCE_USDM_PREMIUM_INDEX_KLINES_ARCHIVE
2026-05-16 00:00:00.005000+00:00,ETHUSD,,,-0.4163781742204722,,VERIFIED_BINANCE_PUBLIC_ARCHIVE_FUNDING_BASIS_CAUSAL,7.065e-05,-0.00049301,0.9504616481582298,-0.23639051614789808,BINANCE_USDM_MONTHLY_FUNDING_RATE_ARCHIVE,BINANCE_USDM_PREMIUM_INDEX_KLINES_ARCHIVE
2026-05-16 00:00:00.005000+00:00,SOLUSD,,,-0.22299629432608292,,VERIFIED_BINANCE_PUBLIC_ARCHIVE_FUNDING_BASIS_CAUSAL,0.0001,-0.00062075,1.4814579522034705,-1.3151235097462797,BINANCE_USDM_MONTHLY_FUNDING_RATE_ARCHIVE,BINANCE_USDM_PREMIUM_INDEX_KLINES_ARCHIVE
2026-05-16 00:00:00.005000+00:00,XRPUSD,,,0.6118817367986754,,VERIFIED_BINANCE_PUBLIC_ARCHIVE_FUNDING_BASIS_CAUSAL,1.523e-05,-0.00061972,-0.2722552266545458,-1.0269808047526114,BINANCE_USDM_MONTHLY_FUNDING_RATE_ARCHIVE,BINANCE_USDM_PREMIUM_INDEX_KLINES_ARCHIVE
2026-05-16 08:00:00+00:00,BNBUSD,,,0.020138444363808128,,VERIFIED_BINANCE_PUBLIC_ARCHIVE_FUNDING_BASIS_CAUSAL,0.0,0.00073749,-0.7827017588381537,0.91188338443817,BINANCE_USDM_MONTHLY_FUNDING_RATE_ARCHIVE,BINANCE_USDM_PREMIUM_INDEX_KLINES_ARCHIVE
2026-05-16 08:00:00+00:00,BTCUSD,,,0.25364655194211744,,VERIFIED_BINANCE_PUBLIC_ARCHIVE_FUNDING_BASIS_CAUSAL,-2.1e-06,-0.00033727,-1.1631671618978636,0.8579897491149058,BINANCE_USDM_MONTHLY_FUNDING_RATE_ARCHIVE,BINANCE_USDM_PREMIUM_INDEX_KLINES_ARCHIVE
2026-05-16 08:00:00+00:00,ETHUSD,,,-0.42687148771991373,,VERIFIED_BINANCE_PUBLIC_ARCHIVE_FUNDING_BASIS_CAUSAL,4.496e-05,-0.00029328,0.06797144968827895,0.8655270897585785,BINANCE_USDM_MONTHLY_FUNDING_RATE_ARCHIVE,BINANCE_USDM_PREMIUM_INDEX_KLINES_ARCHIVE
2026-05-16 08:00:00+00:00,SOLUSD,,,-1.0602934385767098,,VERIFIED_BINANCE_PUBLIC_ARCHIVE_FUNDING_BASIS_CAUSAL,5.209e-05,-0.00013898,0.6854303067104778,1.5184594886354374,BINANCE_USDM_MONTHLY_FUNDING_RATE_ARCHIVE,BINANCE_USDM_PREMIUM_INDEX_KLINES_ARCHIVE
2026-05-16 08:00:00+00:00,XRPUSD,,,-0.09993996959516233,,VERIFIED_BINANCE_PUBLIC_ARCHIVE_FUNDING_BASIS_CAUSAL,-1.694e-05,-0.00032526,-0.800036551350468,1.1999112729731551,BINANCE_USDM_MONTHLY_FUNDING_RATE_ARCHIVE,BINANCE_USDM_PREMIUM_INDEX_KLINES_ARCHIVE
2026-05-16 16:00:00.005000+00:00,BNBUSD,,,1.2429890247019002,,VERIFIED_BINANCE_PUBLIC_ARCHIVE_FUNDING_BASIS_CAUSAL,0.0,0.00033808,-0.7098556864599287,-1.8945964381087539,BINANCE_USDM_MONTHLY_FUNDING_RATE_ARCHIVE,BINANCE_USDM_PREMIUM_INDEX_KLINES_ARCHIVE
2026-05-16 16:00:00.005000+00:00,BTCUSD,,,-0.018093430100776575,,VERIFIED_BINANCE_PUBLIC_ARCHIVE_FUNDING_BASIS_CAUSAL,4.955e-05,-0.00059567,0.7693459274601787,-0.9001040666718262,BINANCE_USDM_MONTHLY_FUNDING_RATE_ARCHIVE,BINANCE_USDM_PREMIUM_INDEX_KLINES_ARCHIVE
2026-05-16 16:00:00.005000+00:00,ETHUSD,,,-0.34914886259993083,,VERIFIED_BINANCE_PUBLIC_ARCHIVE_FUNDING_BASIS_CAUSAL,6.508e-05,-0.00048396,0.8237051093453612,-0.23086432786670633,BINANCE_USDM_MONTHLY_FUNDING_RATE_ARCHIVE,BINANCE_USDM_PREMIUM_INDEX_KLINES_ARCHIVE
2026-05-16 16:00:00.005000+00:00,SOLUSD,,,1.8322629056324944,,VERIFIED_BINANCE_PUBLIC_ARCHIVE_FUNDING_BASIS_CAUSAL,-0.00015361,-0.00062657,-2.2813867511105523,-1.2833337611593125,BINANCE_USDM_MONTHLY_FUNDING_RATE_ARCHIVE,BINANCE_USDM_PREMIUM_INDEX_KLINES_ARCHIVE
2026-05-16 16:00:00.005000+00:00,XRPUSD,,,0.964922325211127,,VERIFIED_BINANCE_PUBLIC_ARCHIVE_FUNDING_BASIS_CAUSAL,-3.918e-05,-0.00058844,-1.1304643355087554,-0.7625932015140255,BINANCE_USDM_MONTHLY_FUNDING_RATE_ARCHIVE,BINANCE_USDM_PREMIUM_INDEX_KLINES_ARCHIVE
2026-05-17 00:00:00+00:00,BNBUSD,,,0.3763758748233489,,VERIFIED_BINANCE_PUBLIC_ARCHIVE_FUNDING_BASIS_CAUSAL,0.0,0.00059323,-0.6807309062301439,-0.004386391992821625,BINANCE_USDM_MONTHLY_FUNDING_RATE_ARCHIVE,BINANCE_USDM_PREMIUM_INDEX_KLINES_ARCHIVE
2026-05-17 00:00:00+00:00,BTCUSD,,,-0.602685747880265,,VERIFIED_BINANCE_PUBLIC_ARCHIVE_FUNDING_BASIS_CAUSAL,4.037e-05,-0.00032831,0.36253139101347615,0.8962077396063403,BINANCE_USDM_MONTHLY_FUNDING_RATE_ARCHIVE,BINANCE_USDM_PREMIUM_INDEX_KLINES_ARCHIVE
2026-05-17 00:00:00+00:00,ETHUSD,,,-0.7839893763100969,,VERIFIED_BINANCE_PUBLIC_ARCHIVE_FUNDING_BASIS_CAUSAL,7.161e-05,-0.00039407,1.2176897745190667,0.2539111118324669,BINANCE_USDM_MONTHLY_FUNDING_RATE_ARCHIVE,BINANCE_USDM_PREMIUM_INDEX_KLINES_ARCHIVE
2026-05-17 00:00:00+00:00,SOLUSD,,,0.6492815389606115,,VERIFIED_BINANCE_PUBLIC_ARCHIVE_FUNDING_BASIS_CAUSAL,-5.139e-05,-0.00051251,-0.6775099340890351,-0.6147801671369824,BINANCE_USDM_MONTHLY_FUNDING_RATE_ARCHIVE,BINANCE_USDM_PREMIUM_INDEX_KLINES_ARCHIVE
2026-05-17 00:00:00+00:00,XRPUSD,,,0.6020271531341354,,VERIFIED_BINANCE_PUBLIC_ARCHIVE_FUNDING_BASIS_CAUSAL,-7.04e-06,-0.00058862,-0.4778810787047206,-0.75376124410342,BINANCE_USDM_MONTHLY_FUNDING_RATE_ARCHIVE,BINANCE_USDM_PREMIUM_INDEX_KLINES_ARCHIVE
2026-05-17 08:00:00.010000+00:00,BNBUSD,,,0.6485772434897031,,VERIFIED_BINANCE_PUBLIC_ARCHIVE_FUNDING_BASIS_CAUSAL,3.265e-05,0.00039471,-0.06603543358771007,-1.3605727889254724,BINANCE_USDM_MONTHLY_FUNDING_RATE_ARCHIVE,BINANCE_USDM_PREMIUM_INDEX_KLINES_ARCHIVE
2026-05-17 08:00:00.010000+00:00,BTCUSD,,,0.6137653004995216,,VERIFIED_BINANCE_PUBLIC_ARCHIVE_FUNDING_BASIS_CAUSAL,1.176e-05,-0.0005458,-0.6563390462732004,-0.5617307223316917,BINANCE_USDM_MONTHLY_FUNDING_RATE_ARCHIVE,BINANCE_USDM_PREMIUM_INDEX_KLINES_ARCHIVE
2026-05-17 08:00:00.010000+00:00,ETHUSD,,,0.12720100443383275,,VERIFIED_BINANCE_PUBLIC_ARCHIVE_FUNDING_BASIS_CAUSAL,4.855e-05,-0.00057687,0.39101653842222284,-0.7605780012579008,BINANCE_USDM_MONTHLY_FUNDING_RATE_ARCHIVE,BINANCE_USDM_PREMIUM_INDEX_KLINES_ARCHIVE
2026-05-17 08:00:00.010000+00:00,SOLUSD,,,0.9144661514221417,,VERIFIED_BINANCE_PUBLIC_ARCHIVE_FUNDING_BASIS_CAUSAL,-5.436e-05,-0.00063177,-0.6650276328070249,-1.2193354519517288,BINANCE_USDM_MONTHLY_FUNDING_RATE_ARCHIVE,BINANCE_USDM_PREMIUM_INDEX_KLINES_ARCHIVE
2026-05-17 08:00:00.010000+00:00,XRPUSD,,,0.024856380293650622,,VERIFIED_BINANCE_PUBLIC_ARCHIVE_FUNDING_BASIS_CAUSAL,1.073e-05,-0.00048015,-0.11949142702851441,0.09080867682673846,BINANCE_USDM_MONTHLY_FUNDING_RATE_ARCHIVE,BINANCE_USDM_PREMIUM_INDEX_KLINES_ARCHIVE
2026-05-17 16:00:00.009000+00:00,BNBUSD,,,1.1758212924742337,,VERIFIED_BINANCE_PUBLIC_ARCHIVE_FUNDING_BASIS_CAUSAL,0.0,0.00031442,-0.6444058735127621,-1.8253290267604765,BINANCE_USDM_MONTHLY_FUNDING_RATE_ARCHIVE,BINANCE_USDM_PREMIUM_INDEX_KLINES_ARCHIVE
2026-05-17 16:00:00.009000+00:00,BTCUSD,,,0.4554886017875963,,VERIFIED_BINANCE_PUBLIC_ARCHIVE_FUNDING_BASIS_CAUSAL,4.8e-07,-0.00042107,-0.9989001451196413,0.20868106228490307,BINANCE_USDM_MONTHLY_FUNDING_RATE_ARCHIVE,BINANCE_USDM_PREMIUM_INDEX_KLINES_ARCHIVE
2026-05-17 16:00:00.009000+00:00,ETHUSD,,,-0.19722843703518905,,VERIFIED_BINANCE_PUBLIC_ARCHIVE_FUNDING_BASIS_CAUSAL,5.341e-05,-0.00049546,0.6324456624349769,-0.33470372734232945,BINANCE_USDM_MONTHLY_FUNDING_RATE_ARCHIVE,BINANCE_USDM_PREMIUM_INDEX_KLINES_ARCHIVE
2026-05-17 16:00:00.009000+00:00,SOLUSD,,,1.5929775231562404,,VERIFIED_BINANCE_PUBLIC_ARCHIVE_FUNDING_BASIS_CAUSAL,-0.00012569,-0.0007304,-1.5265925166887935,-1.6741147532831202,BINANCE_USDM_MONTHLY_FUNDING_RATE_ARCHIVE,BINANCE_USDM_PREMIUM_INDEX_KLINES_ARCHIVE
2026-05-17 16:00:00.009000+00:00,XRPUSD,,,0.6713551228585689,,VERIFIED_BINANCE_PUBLIC_ARCHIVE_FUNDING_BASIS_CAUSAL,-3.311e-05,-0.00054577,-0.8691754345527654,-0.42957474189899547,BINANCE_USDM_MONTHLY_FUNDING_RATE_ARCHIVE,BINANCE_USDM_PREMIUM_INDEX_KLINES_ARCHIVE
2026-05-18 00:00:00.007000+00:00,BNBUSD,,,0.8421444784973606,,VERIFIED_BINANCE_PUBLIC_ARCHIVE_FUNDING_BASIS_CAUSAL,0.0,0.00039255,-0.5714254216876637,-1.1730233257092122,BINANCE_USDM_MONTHLY_FUNDING_RATE_ARCHIVE,BINANCE_USDM_PREMIUM_INDEX_KLINES_ARCHIVE
2026-05-18 00:00:00.007000+00:00,BTCUSD,,,0.7135891454863204,,VERIFIED_BINANCE_PUBLIC_ARCHIVE_FUNDING_BASIS_CAUSAL,-1.131e-05,-0.00043886,-1.3429235240949797,0.05559731725759687,BINANCE_USDM_MONTHLY_FUNDING_RATE_ARCHIVE,BINANCE_USDM_PREMIUM_INDEX_KLINES_ARCHIVE
2026-05-18 00:00:00.007000+00:00,ETHUSD,,,0.9976456393538484,,VERIFIED_BINANCE_PUBLIC_ARCHIVE_FUNDING_BASIS_CAUSAL,1.925e-05,-0.0006615,-0.7152024138683395,-1.3428540260583595,BINANCE_USDM_MONTHLY_FUNDING_RATE_ARCHIVE,BINANCE_USDM_PREMIUM_INDEX_KLINES_ARCHIVE
2026-05-18 00:00:00.007000+00:00,SOLUSD,,,1.224633949893915,,VERIFIED_BINANCE_PUBLIC_ARCHIVE_FUNDING_BASIS_CAUSAL,-0.00010788,-0.00068639,-1.1497813549405016,-1.3161204548369756,BINANCE_USDM_MONTHLY_FUNDING_RATE_ARCHIVE,BINANCE_USDM_PREMIUM_INDEX_KLINES_ARCHIVE
2026-05-18 00:00:00.007000+00:00,XRPUSD,,,0.2806835125571263,,VERIFIED_BINANCE_PUBLIC_ARCHIVE_FUNDING_BASIS_CAUSAL,-6.795e-05,-0.00033147,-1.4593934670615833,1.1599619873927658,BINANCE_USDM_MONTHLY_FUNDING_RATE_ARCHIVE,BINANCE_USDM_PREMIUM_INDEX_KLINES_ARCHIVE
2026-05-18 08:00:00.002000+00:00,BNBUSD,,,0.32751390978844924,,VERIFIED_BINANCE_PUBLIC_ARCHIVE_FUNDING_BASIS_CAUSAL,4.297e-05,0.00040015,0.27600850019911516,-1.0651524108843613,BINANCE_USDM_MONTHLY_FUNDING_RATE_ARCHIVE,BINANCE_USDM_PREMIUM_INDEX_KLINES_ARCHIVE
2026-05-18 08:00:00.002000+00:00,BTCUSD,,,-0.7065264100788384,,VERIFIED_BINANCE_PUBLIC_ARCHIVE_FUNDING_BASIS_CAUSAL,5.778e-05,-0.00043635,1.2414367136895723,0.052747150110163385,BINANCE_USDM_MONTHLY_FUNDING_RATE_ARCHIVE,BINANCE_USDM_PREMIUM_INDEX_KLINES_ARCHIVE
2026-05-18 08:00:00.002000+00:00,ETHUSD,,,0.6861091962646847,,VERIFIED_BINANCE_PUBLIC_ARCHIVE_FUNDING_BASIS_CAUSAL,6.52e-06,-0.0004372,-1.2431905581446925,-0.0052319761891196324,BINANCE_USDM_MONTHLY_FUNDING_RATE_ARCHIVE,BINANCE_USDM_PREMIUM_INDEX_KLINES_ARCHIVE
2026-05-18 08:00:00.002000+00:00,SOLUSD,,,-0.4525825085935382,,VERIFIED_BINANCE_PUBLIC_ARCHIVE_FUNDING_BASIS_CAUSAL,3.36e-06,-0.00032348,0.31162974205792526,0.6248581121370652,BINANCE_USDM_MONTHLY_FUNDING_RATE_ARCHIVE,BINANCE_USDM_PREMIUM_INDEX_KLINES_ARCHIVE
2026-05-18 08:00:00.002000+00:00,XRPUSD,,,-0.4047877825398453,,VERIFIED_BINANCE_PUBLIC_ARCHIVE_FUNDING_BASIS_CAUSAL,2.7e-06,-0.00036275,0.008819010947934596,0.8887496144855139,BINANCE_USDM_MONTHLY_FUNDING_RATE_ARCHIVE,BINANCE_USDM_PREMIUM_INDEX_KLINES_ARCHIVE
2026-05-18 16:00:00.007000+00:00,BNBUSD,,,1.409422492651976,,VERIFIED_BINANCE_PUBLIC_ARCHIVE_FUNDING_BASIS_CAUSAL,0.0,0.00017197,-0.6072449940160434,-2.389861657651449,BINANCE_USDM_MONTHLY_FUNDING_RATE_ARCHIVE,BINANCE_USDM_PREMIUM_INDEX_KLINES_ARCHIVE
2026-05-18 16:00:00.007000+00:00,BTCUSD,,,-0.8365316868009391,,VERIFIED_BINANCE_PUBLIC_ARCHIVE_FUNDING_BASIS_CAUSAL,7.178e-05,-0.0004685,1.679870653630675,-0.1942159393242936,BINANCE_USDM_MONTHLY_FUNDING_RATE_ARCHIVE,BINANCE_USDM_PREMIUM_INDEX_KLINES_ARCHIVE
2026-05-18 16:00:00.007000+00:00,ETHUSD,,,0.3253115789671122,,VERIFIED_BINANCE_PUBLIC_ARCHIVE_FUNDING_BASIS_CAUSAL,5.159e-05,-0.00070414,0.6650768578107367,-1.5357863350289276,BINANCE_USDM_MONTHLY_FUNDING_RATE_ARCHIVE,BINANCE_USDM_PREMIUM_INDEX_KLINES_ARCHIVE
2026-05-18 16:00:00.007000+00:00,SOLUSD,,,0.24672547459345257,,VERIFIED_BINANCE_PUBLIC_ARCHIVE_FUNDING_BASIS_CAUSAL,5.09e-06,-0.0006369,0.3808117863434694,-1.0137154601830238,BINANCE_USDM_MONTHLY_FUNDING_RATE_ARCHIVE,BINANCE_USDM_PREMIUM_INDEX_KLINES_ARCHIVE
2026-05-18 16:00:00.007000+00:00,XRPUSD,,,1.8276529775061219,,VERIFIED_BINANCE_PUBLIC_ARCHIVE_FUNDING_BASIS_CAUSAL,-5.319e-05,-0.00086754,-1.0543793761952542,-2.772765156886071,BINANCE_USDM_MONTHLY_FUNDING_RATE_ARCHIVE,BINANCE_USDM_PREMIUM_INDEX_KLINES_ARCHIVE
2026-05-19 00:00:00.001000+00:00,BNBUSD,,,0.660242195441827,,VERIFIED_BINANCE_PUBLIC_ARCHIVE_FUNDING_BASIS_CAUSAL,0.0,0.0004068,-0.5449181935139,-0.8011937533537378,BINANCE_USDM_MONTHLY_FUNDING_RATE_ARCHIVE,BINANCE_USDM_PREMIUM_INDEX_KLINES_ARCHIVE
2026-05-19 00:00:00.001000+00:00,BTCUSD,,,-0.5747884187452375,,VERIFIED_BINANCE_PUBLIC_ARCHIVE_FUNDING_BASIS_CAUSAL,5.164e-05,-0.00040655,0.8145475599363998,0.28174946840048326,BINANCE_USDM_MONTHLY_FUNDING_RATE_ARCHIVE,BINANCE_USDM_PREMIUM_INDEX_KLINES_ARCHIVE
2026-05-19 00:00:00.001000+00:00,ETHUSD,,,-1.4450529042124074,,VERIFIED_BINANCE_PUBLIC_ARCHIVE_FUNDING_BASIS_CAUSAL,0.0001,-0.00042552,2.5566954328853795,0.08637870250099658,BINANCE_USDM_MONTHLY_FUNDING_RATE_ARCHIVE,BINANCE_USDM_PREMIUM_INDEX_KLINES_ARCHIVE
2026-05-19 00:00:00.001000+00:00,SOLUSD,,,-0.0932031730104405,,VERIFIED_BINANCE_PUBLIC_ARCHIVE_FUNDING_BASIS_CAUSAL,3.87e-06,-0.00051094,0.3890227823751849,-0.2683541273242471,BINANCE_USDM_MONTHLY_FUNDING_RATE_ARCHIVE,BINANCE_USDM_PREMIUM_INDEX_KLINES_ARCHIVE
2026-05-19 00:00:00.001000+00:00,XRPUSD,,,0.3793071170681349,,VERIFIED_BINANCE_PUBLIC_ARCHIVE_FUNDING_BASIS_CAUSAL,-1.098e-05,-0.00058988,-0.19016304193884703,-0.61048320889282,BINANCE_USDM_MONTHLY_FUNDING_RATE_ARCHIVE,BINANCE_USDM_PREMIUM_INDEX_KLINES_ARCHIVE
2026-05-19 08:00:00.001000+00:00,BNBUSD,,,1.1729079004735967,,VERIFIED_BINANCE_PUBLIC_ARCHIVE_FUNDING_BASIS_CAUSAL,0.0,0.00019317,-0.5449181935139,-1.9404508756465595,BINANCE_USDM_MONTHLY_FUNDING_RATE_ARCHIVE,BINANCE_USDM_PREMIUM_INDEX_KLINES_ARCHIVE
2026-05-19 08:00:00.001000+00:00,BTCUSD,,,-0.12032208123835145,,VERIFIED_BINANCE_PUBLIC_ARCHIVE_FUNDING_BASIS_CAUSAL,4.809e-05,-0.00051688,0.666019991218811,-0.546642030959988,BINANCE_USDM_MONTHLY_FUNDING_RATE_ARCHIVE,BINANCE_USDM_PREMIUM_INDEX_KLINES_ARCHIVE
2026-05-19 08:00:00.001000+00:00,ETHUSD,,,0.020194893092480015,,VERIFIED_BINANCE_PUBLIC_ARCHIVE_FUNDING_BASIS_CAUSAL,5.687e-05,-0.00058251,0.591932315123504,-0.768350369800905,BINANCE_USDM_MONTHLY_FUNDING_RATE_ARCHIVE,BINANCE_USDM_PREMIUM_INDEX_KLINES_ARCHIVE
2026-05-19 08:00:00.001000+00:00,SOLUSD,,,0.9212638273869455,,VERIFIED_BINANCE_PUBLIC_ARCHIVE_FUNDING_BASIS_CAUSAL,-2.902e-05,-0.00082309,-0.06784457815604099,-1.964331798669162,BINANCE_USDM_MONTHLY_FUNDING_RATE_ARCHIVE,BINANCE_USDM_PREMIUM_INDEX_KLINES_ARCHIVE
2026-05-19 08:00:00.001000+00:00,XRPUSD,,,0.37000832900810854,,VERIFIED_BINANCE_PUBLIC_ARCHIVE_FUNDING_BASIS_CAUSAL,2.219e-05,-0.00071519,0.4524003817721356,-1.3751745310728514,BINANCE_USDM_MONTHLY_FUNDING_RATE_ARCHIVE,BINANCE_USDM_PREMIUM_INDEX_KLINES_ARCHIVE
2026-05-19 16:00:00.009000+00:00,BNBUSD,,,-0.37024910603923833,,VERIFIED_BINANCE_PUBLIC_ARCHIVE_FUNDING_BASIS_CAUSAL,1.483e-05,0.00071294,-0.12144256150747888,0.9712055885963371,BINANCE_USDM_MONTHLY_FUNDING_RATE_ARCHIVE,BINANCE_USDM_PREMIUM_INDEX_KLINES_ARCHIVE
2026-05-19 16:00:00.009000+00:00,BTCUSD,,,-0.48891348121539097,,VERIFIED_BINANCE_PUBLIC_ARCHIVE_FUNDING_BASIS_CAUSAL,5.563e-05,-0.00045028,0.9446611000741925,-0.06811138627869988,BINANCE_USDM_MONTHLY_FUNDING_RATE_ARCHIVE,BINANCE_USDM_PREMIUM_INDEX_KLINES_ARCHIVE
2026-05-19 16:00:00.009000+00:00,ETHUSD,,,-0.3034890198424344,,VERIFIED_BINANCE_PUBLIC_ARCHIVE_FUNDING_BASIS_CAUSAL,3.588e-05,-0.00027711,-0.18574718394388978,0.9014443800257196,BINANCE_USDM_MONTHLY_FUNDING_RATE_ARCHIVE,BINANCE_USDM_PREMIUM_INDEX_KLINES_ARCHIVE
2026-05-19 16:00:00.009000+00:00,SOLUSD,,,0.9595472103495997,,VERIFIED_BINANCE_PUBLIC_ARCHIVE_FUNDING_BASIS_CAUSAL,-0.00010936,-0.00063728,-1.069516892679383,-0.82513982083542,BINANCE_USDM_MONTHLY_FUNDING_RATE_ARCHIVE,BINANCE_USDM_PREMIUM_INDEX_KLINES_ARCHIVE
2026-05-19 16:00:00.009000+00:00,XRPUSD,,,0.8280133637059203,,VERIFIED_BINANCE_PUBLIC_ARCHIVE_FUNDING_BASIS_CAUSAL,-7.578e-05,-0.00053452,-1.3865641302390521,-0.14534020460987,BINANCE_USDM_MONTHLY_FUNDING_RATE_ARCHIVE,BINANCE_USDM_PREMIUM_INDEX_KLINES_ARCHIVE
2026-05-20 00:00:00.001000+00:00,BNBUSD,,,-0.9213387096955993,,VERIFIED_BINANCE_PUBLIC_ARCHIVE_FUNDING_BASIS_CAUSAL,7.62e-05,0.00046801,1.9651692386230166,-0.3544541589934667,BINANCE_USDM_MONTHLY_FUNDING_RATE_ARCHIVE,BINANCE_USDM_PREMIUM_INDEX_KLINES_ARCHIVE
2026-05-20 00:00:00.001000+00:00,BTCUSD,,,0.09926354107212665,,VERIFIED_BINANCE_PUBLIC_ARCHIVE_FUNDING_BASIS_CAUSAL,3.254e-05,-0.00049727,0.170093814200288,-0.4284780864050779,BINANCE_USDM_MONTHLY_FUNDING_RATE_ARCHIVE,BINANCE_USDM_PREMIUM_INDEX_KLINES_ARCHIVE
2026-05-20 00:00:00.001000+00:00,ETHUSD,,,0.10751363040237921,,VERIFIED_BINANCE_PUBLIC_ARCHIVE_FUNDING_BASIS_CAUSAL,5.523e-05,-0.00058678,0.470416364242343,-0.8138725127459286,BINANCE_USDM_MONTHLY_FUNDING_RATE_ARCHIVE,BINANCE_USDM_PREMIUM_INDEX_KLINES_ARCHIVE
2026-05-20 00:00:00.001000+00:00,SOLUSD,,,-0.35224965136001873,,VERIFIED_BINANCE_PUBLIC_ARCHIVE_FUNDING_BASIS_CAUSAL,2.839e-05,-0.00055987,0.965109713420474,-0.3968015356027601,BINANCE_USDM_MONTHLY_FUNDING_RATE_ARCHIVE,BINANCE_USDM_PREMIUM_INDEX_KLINES_ARCHIVE
2026-05-20 00:00:00.001000+00:00,XRPUSD,,,0.727428636538338,,VERIFIED_BINANCE_PUBLIC_ARCHIVE_FUNDING_BASIS_CAUSAL,-2.528e-05,-0.00067846,-0.36263431569711535,-1.1732883620109433,BINANCE_USDM_MONTHLY_FUNDING_RATE_ARCHIVE,BINANCE_USDM_PREMIUM_INDEX_KLINES_ARCHIVE
2026-05-20 08:00:00.006000+00:00,BNBUSD,,,0.4113116647878075,,VERIFIED_BINANCE_PUBLIC_ARCHIVE_FUNDING_BASIS_CAUSAL,8.89e-06,0.00039785,-0.17361410206044456,-0.7018309081212512,BINANCE_USDM_MONTHLY_FUNDING_RATE_ARCHIVE,BINANCE_USDM_PREMIUM_INDEX_KLINES_ARCHIVE
2026-05-20 08:00:00.006000+00:00,BTCUSD,,,-1.2044806531689911,,VERIFIED_BINANCE_PUBLIC_ARCHIVE_FUNDING_BASIS_CAUSAL,7.983e-05,-0.00037909,1.8188322016955183,0.4536065383032353,BINANCE_USDM_MONTHLY_FUNDING_RATE_ARCHIVE,BINANCE_USDM_PREMIUM_INDEX_KLINES_ARCHIVE
2026-05-20 08:00:00.006000+00:00,ETHUSD,,,0.29742991162301574,,VERIFIED_BINANCE_PUBLIC_ARCHIVE_FUNDING_BASIS_CAUSAL,3.051e-05,-0.0004644,-0.4338091675217466,-0.1307441544134558,BINANCE_USDM_MONTHLY_FUNDING_RATE_ARCHIVE,BINANCE_USDM_PREMIUM_INDEX_KLINES_ARCHIVE
2026-05-20 08:00:00.006000+00:00,SOLUSD,,,0.23569923770849904,,VERIFIED_BINANCE_PUBLIC_ARCHIVE_FUNDING_BASIS_CAUSAL,-6.66e-06,-0.00068834,0.4276389146545775,-1.0464458683744815,BINANCE_USDM_MONTHLY_FUNDING_RATE_ARCHIVE,BINANCE_USDM_PREMIUM_INDEX_KLINES_ARCHIVE
2026-05-20 08:00:00.006000+00:00,XRPUSD,,,-0.659375064461342,,VERIFIED_BINANCE_PUBLIC_ARCHIVE_FUNDING_BASIS_CAUSAL,4.214e-05,-0.00047802,1.031101000397526,0.2050433649837834,BINANCE_USDM_MONTHLY_FUNDING_RATE_ARCHIVE,BINANCE_USDM_PREMIUM_INDEX_KLINES_ARCHIVE
2026-05-20 16:00:00+00:00,BNBUSD,,,-1.1854094426956276,,VERIFIED_BINANCE_PUBLIC_ARCHIVE_FUNDING_BASIS_CAUSAL,6.24e-05,0.00069123,1.463532124321023,0.8454817207090328,BINANCE_USDM_MONTHLY_FUNDING_RATE_ARCHIVE,BINANCE_USDM_PREMIUM_INDEX_KLINES_ARCHIVE
2026-05-20 16:00:00+00:00,BTCUSD,,,-1.122890092114827,,VERIFIED_BINANCE_PUBLIC_ARCHIVE_FUNDING_BASIS_CAUSAL,6.858e-05,-0.000302,1.2365039143398249,0.9840287538398295,BINANCE_USDM_MONTHLY_FUNDING_RATE_ARCHIVE,BINANCE_USDM_PREMIUM_INDEX_KLINES_ARCHIVE
2026-05-20 16:00:00+00:00,ETHUSD,,,-0.5382516170890458,,VERIFIED_BINANCE_PUBLIC_ARCHIVE_FUNDING_BASIS_CAUSAL,5.29e-05,-0.00029434,0.3459463501314849,0.7732913878149534,BINANCE_USDM_MONTHLY_FUNDING_RATE_ARCHIVE,BINANCE_USDM_PREMIUM_INDEX_KLINES_ARCHIVE
2026-05-20 16:00:00+00:00,SOLUSD,,,-0.5918663950367035,,VERIFIED_BINANCE_PUBLIC_ARCHIVE_FUNDING_BASIS_CAUSAL,-1.433e-05,-0.00028769,0.2504984028410769,1.0090939410535804,BINANCE_USDM_MONTHLY_FUNDING_RATE_ARCHIVE,BINANCE_USDM_PREMIUM_INDEX_KLINES_ARCHIVE
2026-05-20 16:00:00+00:00,XRPUSD,,,-0.5264121942577158,,VERIFIED_BINANCE_PUBLIC_ARCHIVE_FUNDING_BASIS_CAUSAL,1.426e-05,-0.00040115,0.391457465577599,0.6913568626445253,BINANCE_USDM_MONTHLY_FUNDING_RATE_ARCHIVE,BINANCE_USDM_PREMIUM_INDEX_KLINES_ARCHIVE
2026-05-21 00:00:00.001000+00:00,BNBUSD,,,0.08073238641758497,,VERIFIED_BINANCE_PUBLIC_ARCHIVE_FUNDING_BASIS_CAUSAL,2.383e-05,0.00045223,0.16912515993292315,-0.3861138319570949,BINANCE_USDM_MONTHLY_FUNDING_RATE_ARCHIVE,BINANCE_USDM_PREMIUM_INDEX_KLINES_ARCHIVE
2026-05-21 00:00:00.001000+00:00,BTCUSD,,,0.9510958868266328,,VERIFIED_BINANCE_PUBLIC_ARCHIVE_FUNDING_BASIS_CAUSAL,1.925e-05,-0.00065681,-0.35598828116644576,-1.6784496270779725,BINANCE_USDM_MONTHLY_FUNDING_RATE_ARCHIVE,BINANCE_USDM_PREMIUM_INDEX_KLINES_ARCHIVE
2026-05-21 00:00:00.001000+00:00,ETHUSD,,,-0.3355800669976297,,VERIFIED_BINANCE_PUBLIC_ARCHIVE_FUNDING_BASIS_CAUSAL,5.867e-05,-0.00044561,0.580234274558381,0.03655825775671152,BINANCE_USDM_MONTHLY_FUNDING_RATE_ARCHIVE,BINANCE_USDM_PREMIUM_INDEX_KLINES_ARCHIVE
2026-05-21 00:00:00.001000+00:00,SOLUSD,,,0.3294848422166654,,VERIFIED_BINANCE_PUBLIC_ARCHIVE_FUNDING_BASIS_CAUSAL,-2.74e-06,-0.00071807,0.3484350080144229,-1.1580535480546623,BINANCE_USDM_MONTHLY_FUNDING_RATE_ARCHIVE,BINANCE_USDM_PREMIUM_INDEX_KLINES_ARCHIVE
2026-05-21 00:00:00.001000+00:00,XRPUSD,,,-0.393120448662573,,VERIFIED_BINANCE_PUBLIC_ARCHIVE_FUNDING_BASIS_CAUSAL,-2.074e-05,-0.00034592,-0.3628314954867865,1.3170617137340124,BINANCE_USDM_MONTHLY_FUNDING_RATE_ARCHIVE,BINANCE_USDM_PREMIUM_INDEX_KLINES_ARCHIVE
2026-05-21 08:00:00+00:00,BNBUSD,,,-1.1206533022730278,,VERIFIED_BINANCE_PUBLIC_ARCHIVE_FUNDING_BASIS_CAUSAL,8.131e-05,0.00056032,1.8457327860707506,0.23444504429803306,BINANCE_USDM_MONTHLY_FUNDING_RATE_ARCHIVE,BINANCE_USDM_PREMIUM_INDEX_KLINES_ARCHIVE
2026-05-21 08:00:00+00:00,BTCUSD,,,-0.5040087247228426,,VERIFIED_BINANCE_PUBLIC_ARCHIVE_FUNDING_BASIS_CAUSAL,4.003e-05,-0.00035033,0.29233204575988403,0.7627246656775699,BINANCE_USDM_MONTHLY_FUNDING_RATE_ARCHIVE,BINANCE_USDM_PREMIUM_INDEX_KLINES_ARCHIVE
2026-05-21 08:00:00+00:00,ETHUSD,,,0.3738938207899992,,VERIFIED_BINANCE_PUBLIC_ARCHIVE_FUNDING_BASIS_CAUSAL,2.532e-05,-0.00044973,-0.6937812743426338,0.017079733552109816,BINANCE_USDM_MONTHLY_FUNDING_RATE_ARCHIVE,BINANCE_USDM_PREMIUM_INDEX_KLINES_ARCHIVE
2026-05-21 08:00:00+00:00,SOLUSD,,,-0.718059243950437,,VERIFIED_BINANCE_PUBLIC_ARCHIVE_FUNDING_BASIS_CAUSAL,6.241e-05,-0.00051753,1.3467626002568287,-0.050355969312930855,BINANCE_USDM_MONTHLY_FUNDING_RATE_ARCHIVE,BINANCE_USDM_PREMIUM_INDEX_KLINES_ARCHIVE
2026-05-21 08:00:00+00:00,XRPUSD,,,-0.21996706414334555,,VERIFIED_BINANCE_PUBLIC_ARCHIVE_FUNDING_BASIS_CAUSAL,5.825e-05,-0.00067968,1.411434709117803,-1.2362711686032137,BINANCE_USDM_MONTHLY_FUNDING_RATE_ARCHIVE,BINANCE_USDM_PREMIUM_INDEX_KLINES_ARCHIVE
2026-05-21 16:00:00+00:00,BNBUSD,,,-0.9262001666696189,,VERIFIED_BINANCE_PUBLIC_ARCHIVE_FUNDING_BASIS_CAUSAL,5.686e-05,0.00068228,0.9311272754438372,0.920178144834463,BINANCE_USDM_MONTHLY_FUNDING_RATE_ARCHIVE,BINANCE_USDM_PREMIUM_INDEX_KLINES_ARCHIVE
2026-05-21 16:00:00+00:00,BTCUSD,,,-1.14939148414111,,VERIFIED_BINANCE_PUBLIC_ARCHIVE_FUNDING_BASIS_CAUSAL,6.13e-05,-0.00026242,0.9409923858420775,1.4041014931732605,BINANCE_USDM_MONTHLY_FUNDING_RATE_ARCHIVE,BINANCE_USDM_PREMIUM_INDEX_KLINES_ARCHIVE
2026-05-21 16:00:00+00:00,ETHUSD,,,-0.8408635485316597,,VERIFIED_BINANCE_PUBLIC_ARCHIVE_FUNDING_BASIS_CAUSAL,3.837e-05,-0.00011058,-0.16978273516457573,2.076097895271503,BINANCE_USDM_MONTHLY_FUNDING_RATE_ARCHIVE,BINANCE_USDM_PREMIUM_INDEX_KLINES_ARCHIVE
2026-05-21 16:00:00+00:00,SOLUSD,,,-0.8433090687961842,,VERIFIED_BINANCE_PUBLIC_ARCHIVE_FUNDING_BASIS_CAUSAL,2.943e-05,-0.00033248,0.7127712826384404,1.0028552518778708,BINANCE_USDM_MONTHLY_FUNDING_RATE_ARCHIVE,BINANCE_USDM_PREMIUM_INDEX_KLINES_ARCHIVE
2026-05-21 16:00:00+00:00,XRPUSD,,,-0.23828448394957102,,VERIFIED_BINANCE_PUBLIC_ARCHIVE_FUNDING_BASIS_CAUSAL,-5.371e-05,-0.00027104,-1.044384292626016,1.8059907664308443,BINANCE_USDM_MONTHLY_FUNDING_RATE_ARCHIVE,BINANCE_USDM_PREMIUM_INDEX_KLINES_ARCHIVE
2026-05-22 00:00:00+00:00,BNBUSD,,,-0.07062238175173607,,VERIFIED_BINANCE_PUBLIC_ARCHIVE_FUNDING_BASIS_CAUSAL,4.007e-05,0.00038443,0.7067586769524864,-0.7068775346047366,BINANCE_USDM_MONTHLY_FUNDING_RATE_ARCHIVE,BINANCE_USDM_PREMIUM_INDEX_KLINES_ARCHIVE
2026-05-22 00:00:00+00:00,BTCUSD,,,0.36904182938909197,,VERIFIED_BINANCE_PUBLIC_ARCHIVE_FUNDING_BASIS_CAUSAL,3.564e-05,-0.00055319,0.0029094419601648335,-0.8236489388159614,BINANCE_USDM_MONTHLY_FUNDING_RATE_ARCHIVE,BINANCE_USDM_PREMIUM_INDEX_KLINES_ARCHIVE
2026-05-22 00:00:00+00:00,ETHUSD,,,0.5113866154368113,,VERIFIED_BINANCE_PUBLIC_ARCHIVE_FUNDING_BASIS_CAUSAL,4.926e-05,-0.00067687,0.17084495803003372,-1.3452252052296219,BINANCE_USDM_MONTHLY_FUNDING_RATE_ARCHIVE,BINANCE_USDM_PREMIUM_INDEX_KLINES_ARCHIVE
2026-05-22 00:00:00+00:00,SOLUSD,,,-0.7930227865574869,,VERIFIED_BINANCE_PUBLIC_ARCHIVE_FUNDING_BASIS_CAUSAL,0.0001,-0.00058187,1.723323044015336,-0.3440108614465509,BINANCE_USDM_MONTHLY_FUNDING_RATE_ARCHIVE,BINANCE_USDM_PREMIUM_INDEX_KLINES_ARCHIVE
2026-05-22 00:00:00+00:00,XRPUSD,,,-0.351594917420112,,VERIFIED_BINANCE_PUBLIC_ARCHIVE_FUNDING_BASIS_CAUSAL,2.031e-05,-0.00057468,1.0002285541004297,-0.44117952741138744,BINANCE_USDM_MONTHLY_FUNDING_RATE_ARCHIVE,BINANCE_USDM_PREMIUM_INDEX_KLINES_ARCHIVE
2026-05-22 08:00:00.004000+00:00,BNBUSD,,,-0.5899860133517246,,VERIFIED_BINANCE_PUBLIC_ARCHIVE_FUNDING_BASIS_CAUSAL,2.067e-05,0.00077453,-0.046964618546819215,1.3684812301166116,BINANCE_USDM_MONTHLY_FUNDING_RATE_ARCHIVE,BINANCE_USDM_PREMIUM_INDEX_KLINES_ARCHIVE
2026-05-22 08:00:00.004000+00:00,BTCUSD,,,0.8685018208094267,,VERIFIED_BINANCE_PUBLIC_ARCHIVE_FUNDING_BASIS_CAUSAL,-8.2e-06,-0.00039861,-1.8099981933617937,0.2822159678656886,BINANCE_USDM_MONTHLY_FUNDING_RATE_ARCHIVE,BINANCE_USDM_PREMIUM_INDEX_KLINES_ARCHIVE
2026-05-22 08:00:00.004000+00:00,ETHUSD,,,0.4569804171770655,,VERIFIED_BINANCE_PUBLIC_ARCHIVE_FUNDING_BASIS_CAUSAL,3.093e-05,-0.0004558,-0.7520108090910141,-0.09638771594890602,BINANCE_USDM_MONTHLY_FUNDING_RATE_ARCHIVE,BINANCE_USDM_PREMIUM_INDEX_KLINES_ARCHIVE
2026-05-22 08:00:00.004000+00:00,SOLUSD,,,-0.2769406706420854,,VERIFIED_BINANCE_PUBLIC_ARCHIVE_FUNDING_BASIS_CAUSAL,-1.571e-05,-0.00039262,-0.04541189771407026,0.6709271430773868,BINANCE_USDM_MONTHLY_FUNDING_RATE_ARCHIVE,BINANCE_USDM_PREMIUM_INDEX_KLINES_ARCHIVE
2026-05-22 08:00:00.004000+00:00,XRPUSD,,,-0.0382728140085961,,VERIFIED_BINANCE_PUBLIC_ARCHIVE_FUNDING_BASIS_CAUSAL,-6.18e-06,-0.00053523,0.2092275304314703,-0.17067183939713906,BINANCE_USDM_MONTHLY_FUNDING_RATE_ARCHIVE,BINANCE_USDM_PREMIUM_INDEX_KLINES_ARCHIVE
2026-05-22 16:00:00.001000+00:00,BNBUSD,,,0.7539486961702978,,VERIFIED_BINANCE_PUBLIC_ARCHIVE_FUNDING_BASIS_CAUSAL,0.0,0.00039396,-0.8268331656757232,-0.6648676778858889,BINANCE_USDM_MONTHLY_FUNDING_RATE_ARCHIVE,BINANCE_USDM_PREMIUM_INDEX_KLINES_ARCHIVE
2026-05-22 16:00:00.001000+00:00,BTCUSD,,,0.13357519249434643,,VERIFIED_BINANCE_PUBLIC_ARCHIVE_FUNDING_BASIS_CAUSAL,2.891e-05,-0.00042229,-0.30020293526144726,0.07008093755433238,BINANCE_USDM_MONTHLY_FUNDING_RATE_ARCHIVE,BINANCE_USDM_PREMIUM_INDEX_KLINES_ARCHIVE
2026-05-22 16:00:00.001000+00:00,ETHUSD,,,-0.3383779108799334,,VERIFIED_BINANCE_PUBLIC_ARCHIVE_FUNDING_BASIS_CAUSAL,5.943e-05,-0.00041409,0.5340457889269388,0.09922828215581572,BINANCE_USDM_MONTHLY_FUNDING_RATE_ARCHIVE,BINANCE_USDM_PREMIUM_INDEX_KLINES_ARCHIVE
2026-05-22 16:00:00.001000+00:00,SOLUSD,,,-0.5235590160435263,,VERIFIED_BINANCE_PUBLIC_ARCHIVE_FUNDING_BASIS_CAUSAL,-1.78e-06,-0.00033645,0.17791288281758555,0.9460154010974539,BINANCE_USDM_MONTHLY_FUNDING_RATE_ARCHIVE,BINANCE_USDM_PREMIUM_INDEX_KLINES_ARCHIVE
2026-05-22 16:00:00.001000+00:00,XRPUSD,,,1.4415331826485078,,VERIFIED_BINANCE_PUBLIC_ARCHIVE_FUNDING_BASIS_CAUSAL,-0.00010492,-0.00051625,-2.615618506335033,-0.0065400092538655885,BINANCE_USDM_MONTHLY_FUNDING_RATE_ARCHIVE,BINANCE_USDM_PREMIUM_INDEX_KLINES_ARCHIVE
2026-05-23 00:00:00.009000+00:00,BNBUSD,,,-0.6312611050284855,,VERIFIED_BINANCE_PUBLIC_ARCHIVE_FUNDING_BASIS_CAUSAL,2.14e-06,0.00094645,-0.7500152888611861,2.3194878086714175,BINANCE_USDM_MONTHLY_FUNDING_RATE_ARCHIVE,BINANCE_USDM_PREMIUM_INDEX_KLINES_ARCHIVE
2026-05-23 00:00:00.009000+00:00,BTCUSD,,,-0.22502422707999709,,VERIFIED_BINANCE_PUBLIC_ARCHIVE_FUNDING_BASIS_CAUSAL,1.783e-05,-0.00027115,-0.6857360584177358,1.3381756871327817,BINANCE_USDM_MONTHLY_FUNDING_RATE_ARCHIVE,BINANCE_USDM_PREMIUM_INDEX_KLINES_ARCHIVE
2026-05-23 00:00:00.009000+00:00,ETHUSD,,,-0.2827734631513415,,VERIFIED_BINANCE_PUBLIC_ARCHIVE_FUNDING_BASIS_CAUSAL,5.72e-05,-0.00042629,0.4649791018324037,0.0600776825411543,BINANCE_USDM_MONTHLY_FUNDING_RATE_ARCHIVE,BINANCE_USDM_PREMIUM_INDEX_KLINES_ARCHIVE
2026-05-23 00:00:00.009000+00:00,SOLUSD,,,-2.5171084870507316,,VERIFIED_BINANCE_PUBLIC_ARCHIVE_FUNDING_BASIS_CAUSAL,2.621e-05,0.00027464,0.6995552434522166,4.738562451448916,BINANCE_USDM_MONTHLY_FUNDING_RATE_ARCHIVE,BINANCE_USDM_PREMIUM_INDEX_KLINES_ARCHIVE
2026-05-23 00:00:00.009000+00:00,XRPUSD,,,-1.3509461962732503,,VERIFIED_BINANCE_PUBLIC_ARCHIVE_FUNDING_BASIS_CAUSAL,-3.826e-05,0.0,-0.5147033784392547,3.631184565366312,BINANCE_USDM_MONTHLY_FUNDING_RATE_ARCHIVE,BINANCE_USDM_PREMIUM_INDEX_KLINES_ARCHIVE
2026-05-23 08:00:00.001000+00:00,BNBUSD,,,1.2874336994288844,,VERIFIED_BINANCE_PUBLIC_ARCHIVE_FUNDING_BASIS_CAUSAL,0.0,0.00014536,-0.8333411860326221,-1.8424356602465382,BINANCE_USDM_MONTHLY_FUNDING_RATE_ARCHIVE,BINANCE_USDM_PREMIUM_INDEX_KLINES_ARCHIVE
2026-05-23 08:00:00.001000+00:00,BTCUSD,,,0.9420746281782266,,VERIFIED_BINANCE_PUBLIC_ARCHIVE_FUNDING_BASIS_CAUSAL,1.025e-05,-0.00053166,-1.0431190385537528,-0.8185759043859167,BINANCE_USDM_MONTHLY_FUNDING_RATE_ARCHIVE,BINANCE_USDM_PREMIUM_INDEX_KLINES_ARCHIVE
2026-05-23 08:00:00.001000+00:00,ETHUSD,,,0.8921035840863525,,VERIFIED_BINANCE_PUBLIC_ARCHIVE_FUNDING_BASIS_CAUSAL,4.466e-05,-0.00071455,-0.17905596240717106,-1.7636062328053521,BINANCE_USDM_MONTHLY_FUNDING_RATE_ARCHIVE,BINANCE_USDM_PREMIUM_INDEX_KLINES_ARCHIVE
2026-05-23 08:00:00.001000+00:00,SOLUSD,,,1.2674526467173244,,VERIFIED_BINANCE_PUBLIC_ARCHIVE_FUNDING_BASIS_CAUSAL,-0.0001267,-0.00065516,-1.6579324645122369,-0.7901995360790981,BINANCE_USDM_MONTHLY_FUNDING_RATE_ARCHIVE,BINANCE_USDM_PREMIUM_INDEX_KLINES_ARCHIVE
2026-05-23 08:00:00.001000+00:00,XRPUSD,,,1.309563036443511,,VERIFIED_BINANCE_PUBLIC_ARCHIVE_FUNDING_BASIS_CAUSAL,-8.488e-05,-0.00066037,-1.6184810241311423,-0.9319966070475166,BINANCE_USDM_MONTHLY_FUNDING_RATE_ARCHIVE,BINANCE_USDM_PREMIUM_INDEX_KLINES_ARCHIVE
2026-05-23 16:00:00.003000+00:00,BNBUSD,,,0.5029551859622787,,VERIFIED_BINANCE_PUBLIC_ARCHIVE_FUNDING_BASIS_CAUSAL,0.0,0.00048801,-0.8333411860326221,-0.09915007476519246,BINANCE_USDM_MONTHLY_FUNDING_RATE_ARCHIVE,BINANCE_USDM_PREMIUM_INDEX_KLINES_ARCHIVE
2026-05-23 16:00:00.003000+00:00,BTCUSD,,,-1.148503232725667,,VERIFIED_BINANCE_PUBLIC_ARCHIVE_FUNDING_BASIS_CAUSAL,7.441e-05,-0.00033553,1.4522593218594204,0.7772457904510794,BINANCE_USDM_MONTHLY_FUNDING_RATE_ARCHIVE,BINANCE_USDM_PREMIUM_INDEX_KLINES_ARCHIVE
2026-05-23 16:00:00.003000+00:00,ETHUSD,,,-0.6356228188099954,,VERIFIED_BINANCE_PUBLIC_ARCHIVE_FUNDING_BASIS_CAUSAL,6.36e-05,-0.00037079,0.8098400918731319,0.4226905961772728,BINANCE_USDM_MONTHLY_FUNDING_RATE_ARCHIVE,BINANCE_USDM_PREMIUM_INDEX_KLINES_ARCHIVE
2026-05-23 16:00:00.003000+00:00,SOLUSD,,,2.1885601431024173,,VERIFIED_BINANCE_PUBLIC_ARCHIVE_FUNDING_BASIS_CAUSAL,-0.00028322,-0.00039686,-4.310088956383612,0.4044195175745992,BINANCE_USDM_MONTHLY_FUNDING_RATE_ARCHIVE,BINANCE_USDM_PREMIUM_INDEX_KLINES_ARCHIVE
2026-05-23 16:00:00.003000+00:00,XRPUSD,,,0.010006814979567125,,VERIFIED_BINANCE_PUBLIC_ARCHIVE_FUNDING_BASIS_CAUSAL,3.59e-06,-0.00063113,0.5546249338021194,-0.7001122857127396,BINANCE_USDM_MONTHLY_FUNDING_RATE_ARCHIVE,BINANCE_USDM_PREMIUM_INDEX_KLINES_ARCHIVE
2026-05-24 00:00:00.011000+00:00,BNBUSD,,,-0.3938287792810887,,VERIFIED_BINANCE_PUBLIC_ARCHIVE_FUNDING_BASIS_CAUSAL,4.985e-05,0.00043574,0.9618300737973856,-0.3003950251277187,BINANCE_USDM_MONTHLY_FUNDING_RATE_ARCHIVE,BINANCE_USDM_PREMIUM_INDEX_KLINES_ARCHIVE
2026-05-24 00:00:00.011000+00:00,BTCUSD,,,-1.3809201378986855,,VERIFIED_BINANCE_PUBLIC_ARCHIVE_FUNDING_BASIS_CAUSAL,9.044e-05,-0.00035048,1.8916463761735103,0.7566991800072329,BINANCE_USDM_MONTHLY_FUNDING_RATE_ARCHIVE,BINANCE_USDM_PREMIUM_INDEX_KLINES_ARCHIVE
2026-05-24 00:00:00.011000+00:00,ETHUSD,,,-1.1178150434620324,,VERIFIED_BINANCE_PUBLIC_ARCHIVE_FUNDING_BASIS_CAUSAL,8.02e-05,-0.00040094,1.6914058913365106,0.41675956272655873,BINANCE_USDM_MONTHLY_FUNDING_RATE_ARCHIVE,BINANCE_USDM_PREMIUM_INDEX_KLINES_ARCHIVE
2026-05-24 00:00:00.011000+00:00,SOLUSD,,,0.27660070678717036,,VERIFIED_BINANCE_PUBLIC_ARCHIVE_FUNDING_BASIS_CAUSAL,-4.389e-05,-0.00057684,-0.15249604473726877,-0.4282841826259389,BINANCE_USDM_MONTHLY_FUNDING_RATE_ARCHIVE,BINANCE_USDM_PREMIUM_INDEX_KLINES_ARCHIVE
2026-05-24 00:00:00.011000+00:00,XRPUSD,,,0.3533310882190704,,VERIFIED_BINANCE_PUBLIC_ARCHIVE_FUNDING_BASIS_CAUSAL,-4.818e-05,-0.00051827,-0.6424168827118766,-4.006061196112187e-06,BINANCE_USDM_MONTHLY_FUNDING_RATE_ARCHIVE,BINANCE_USDM_PREMIUM_INDEX_KLINES_ARCHIVE
2026-05-24 08:00:00.008000+00:00,BNBUSD,,,-0.20105866236508482,,VERIFIED_BINANCE_PUBLIC_ARCHIVE_FUNDING_BASIS_CAUSAL,4.422e-05,0.00040585,0.7134587170837007,-0.4252080711798902,BINANCE_USDM_MONTHLY_FUNDING_RATE_ARCHIVE,BINANCE_USDM_PREMIUM_INDEX_KLINES_ARCHIVE
2026-05-24 08:00:00.008000+00:00,BTCUSD,,,-0.3002460980973559,,VERIFIED_BINANCE_PUBLIC_ARCHIVE_FUNDING_BASIS_CAUSAL,6.29e-05,-0.00046966,0.7272099289176016,-0.22159858401627786,BINANCE_USDM_MONTHLY_FUNDING_RATE_ARCHIVE,BINANCE_USDM_PREMIUM_INDEX_KLINES_ARCHIVE
2026-05-24 08:00:00.008000+00:00,ETHUSD,,,-0.9932775319971653,,VERIFIED_BINANCE_PUBLIC_ARCHIVE_FUNDING_BASIS_CAUSAL,8.039e-05,-0.00041349,1.5156289100700313,0.35484806990810674,BINANCE_USDM_MONTHLY_FUNDING_RATE_ARCHIVE,BINANCE_USDM_PREMIUM_INDEX_KLINES_ARCHIVE
2026-05-24 08:00:00.008000+00:00,SOLUSD,,,-0.47766493999180215,,VERIFIED_BINANCE_PUBLIC_ARCHIVE_FUNDING_BASIS_CAUSAL,5.791e-05,-0.00053658,1.0410727497089793,-0.21094460521808117,BINANCE_USDM_MONTHLY_FUNDING_RATE_ARCHIVE,BINANCE_USDM_PREMIUM_INDEX_KLINES_ARCHIVE
2026-05-24 08:00:00.008000+00:00,XRPUSD,,,-0.647959698963015,,VERIFIED_BINANCE_PUBLIC_ARCHIVE_FUNDING_BASIS_CAUSAL,3.251e-05,-0.0005394,1.2727055817722333,-0.11561860224825211,BINANCE_USDM_MONTHLY_FUNDING_RATE_ARCHIVE,BINANCE_USDM_PREMIUM_INDEX_KLINES_ARCHIVE
2026-05-24 16:00:00+00:00,BNBUSD,,,-1.5395221987550811,,VERIFIED_BINANCE_PUBLIC_ARCHIVE_FUNDING_BASIS_CAUSAL,9.4e-05,0.00058767,2.4130501659570616,0.471876905508216,BINANCE_USDM_MONTHLY_FUNDING_RATE_ARCHIVE,BINANCE_USDM_PREMIUM_INDEX_KLINES_ARCHIVE
2026-05-24 16:00:00+00:00,BTCUSD,,,-0.5217024747035268,,VERIFIED_BINANCE_PUBLIC_ARCHIVE_FUNDING_BASIS_CAUSAL,6.265e-05,-0.00040285,0.640969517715958,0.37593164435499976,BINANCE_USDM_MONTHLY_FUNDING_RATE_ARCHIVE,BINANCE_USDM_PREMIUM_INDEX_KLINES_ARCHIVE
2026-05-24 16:00:00+00:00,ETHUSD,,,-0.5006849620136767,,VERIFIED_BINANCE_PUBLIC_ARCHIVE_FUNDING_BASIS_CAUSAL,4.195e-05,-0.00025476,-0.3551728437373813,1.54673339126497,BINANCE_USDM_MONTHLY_FUNDING_RATE_ARCHIVE,BINANCE_USDM_PREMIUM_INDEX_KLINES_ARCHIVE
2026-05-24 16:00:00+00:00,SOLUSD,,,-0.5837208004668574,,VERIFIED_BINANCE_PUBLIC_ARCHIVE_FUNDING_BASIS_CAUSAL,9.58e-06,-0.00030445,0.36718048432377387,0.8483811868639594,BINANCE_USDM_MONTHLY_FUNDING_RATE_ARCHIVE,BINANCE_USDM_PREMIUM_INDEX_KLINES_ARCHIVE
2026-05-24 16:00:00+00:00,XRPUSD,,,-0.6658991076020342,,VERIFIED_BINANCE_PUBLIC_ARCHIVE_FUNDING_BASIS_CAUSAL,2.035e-05,-0.0004512,0.8853706409755926,0.397656122367685,BINANCE_USDM_MONTHLY_FUNDING_RATE_ARCHIVE,BINANCE_USDM_PREMIUM_INDEX_KLINES_ARCHIVE
2026-05-25 00:00:00.001000+00:00,BNBUSD,,,0.9364808054836282,,VERIFIED_BINANCE_PUBLIC_ARCHIVE_FUNDING_BASIS_CAUSAL,0.0,0.00030914,-0.9917000641729958,-0.8689906004188457,BINANCE_USDM_MONTHLY_FUNDING_RATE_ARCHIVE,BINANCE_USDM_PREMIUM_INDEX_KLINES_ARCHIVE
2026-05-25 00:00:00.001000+00:00,BTCUSD,,,-0.38388838884191634,,VERIFIED_BINANCE_PUBLIC_ARCHIVE_FUNDING_BASIS_CAUSAL,6.549e-05,-0.00044021,0.6815365988836568,0.020096132124233414,BINANCE_USDM_MONTHLY_FUNDING_RATE_ARCHIVE,BINANCE_USDM_PREMIUM_INDEX_KLINES_ARCHIVE
2026-05-25 00:00:00.001000+00:00,ETHUSD,,,-0.04505167916115513,,VERIFIED_BINANCE_PUBLIC_ARCHIVE_FUNDING_BASIS_CAUSAL,5.359e-05,-0.00046037,0.12386654867523406,-0.05127760580049691,BINANCE_USDM_MONTHLY_FUNDING_RATE_ARCHIVE,BINANCE_USDM_PREMIUM_INDEX_KLINES_ARCHIVE
2026-05-25 00:00:00.001000+00:00,SOLUSD,,,0.4556359729272689,,VERIFIED_BINANCE_PUBLIC_ARCHIVE_FUNDING_BASIS_CAUSAL,-4.636e-05,-0.00061161,-0.3798914144039317,-0.5482126555669031,BINANCE_USDM_MONTHLY_FUNDING_RATE_ARCHIVE,BINANCE_USDM_PREMIUM_INDEX_KLINES_ARCHIVE
2026-05-25 00:00:00.001000+00:00,XRPUSD,,,0.7508302066858428,,VERIFIED_BINANCE_PUBLIC_ARCHIVE_FUNDING_BASIS_CAUSAL,-5.123e-05,-0.00062871,-0.8060317074260525,-0.683361705781142,BINANCE_USDM_MONTHLY_FUNDING_RATE_ARCHIVE,BINANCE_USDM_PREMIUM_INDEX_KLINES_ARCHIVE
2026-05-25 08:00:00.001000+00:00,BNBUSD,,,-0.8480461462590769,,VERIFIED_BINANCE_PUBLIC_ARCHIVE_FUNDING_BASIS_CAUSAL,6.74e-05,0.00054893,1.2160945964451626,0.3982091515871945,BINANCE_USDM_MONTHLY_FUNDING_RATE_ARCHIVE,BINANCE_USDM_PREMIUM_INDEX_KLINES_ARCHIVE
2026-05-25 08:00:00.001000+00:00,BTCUSD,,,0.6194400891770052,,VERIFIED_BINANCE_PUBLIC_ARCHIVE_FUNDING_BASIS_CAUSAL,3.527e-05,-0.00051617,-0.5112268804799446,-0.7517006775845237,BINANCE_USDM_MONTHLY_FUNDING_RATE_ARCHIVE,BINANCE_USDM_PREMIUM_INDEX_KLINES_ARCHIVE
2026-05-25 08:00:00.001000+00:00,ETHUSD,,,0.1666334066167136,,VERIFIED_BINANCE_PUBLIC_ARCHIVE_FUNDING_BASIS_CAUSAL,5.508e-05,-0.00052085,0.09552787851433746,-0.4870527551102205,BINANCE_USDM_MONTHLY_FUNDING_RATE_ARCHIVE,BINANCE_USDM_PREMIUM_INDEX_KLINES_ARCHIVE
2026-05-25 08:00:00.001000+00:00,SOLUSD,,,0.37425576454409715,,VERIFIED_BINANCE_PUBLIC_ARCHIVE_FUNDING_BASIS_CAUSAL,-4.276e-05,-0.0005979,-0.30472893169000576,-0.45923300469909767,BINANCE_USDM_MONTHLY_FUNDING_RATE_ARCHIVE,BINANCE_USDM_PREMIUM_INDEX_KLINES_ARCHIVE
2026-05-25 08:00:00.001000+00:00,XRPUSD,,,-1.143351285381886,,VERIFIED_BINANCE_PUBLIC_ARCHIVE_FUNDING_BASIS_CAUSAL,5.352e-05,-0.00041673,1.5865053907052196,0.6017184899867002,BINANCE_USDM_MONTHLY_FUNDING_RATE_ARCHIVE,BINANCE_USDM_PREMIUM_INDEX_KLINES_ARCHIVE
2026-05-25 16:00:00.001000+00:00,BNBUSD,,,-0.05730777158760805,,VERIFIED_BINANCE_PUBLIC_ARCHIVE_FUNDING_BASIS_CAUSAL,4.621e-05,0.00038483,0.4380840842830059,-0.40808549948454487,BINANCE_USDM_MONTHLY_FUNDING_RATE_ARCHIVE,BINANCE_USDM_PREMIUM_INDEX_KLINES_ARCHIVE
2026-05-25 16:00:00.001000+00:00,BTCUSD,,,1.2405686344389502,,VERIFIED_BINANCE_PUBLIC_ARCHIVE_FUNDING_BASIS_CAUSAL,1.426e-05,-0.00055425,-1.277701530227236,-1.195183984031045,BINANCE_USDM_MONTHLY_FUNDING_RATE_ARCHIVE,BINANCE_USDM_PREMIUM_INDEX_KLINES_ARCHIVE
2026-05-25 16:00:00.001000+00:00,ETHUSD,,,0.7291744219515203,,VERIFIED_BINANCE_PUBLIC_ARCHIVE_FUNDING_BASIS_CAUSAL,3.249e-05,-0.00048425,-1.1454032270530625,-0.22045032682741292,BINANCE_USDM_MONTHLY_FUNDING_RATE_ARCHIVE,BINANCE_USDM_PREMIUM_INDEX_KLINES_ARCHIVE
2026-05-25 16:00:00.001000+00:00,SOLUSD,,,-0.4438708825751515,,VERIFIED_BINANCE_PUBLIC_ARCHIVE_FUNDING_BASIS_CAUSAL,3.864e-05,-0.0004756,0.7201300491181766,0.10622079013367627,BINANCE_USDM_MONTHLY_FUNDING_RATE_ARCHIVE,BINANCE_USDM_PREMIUM_INDEX_KLINES_ARCHIVE
2026-05-25 16:00:00.001000+00:00,XRPUSD,,,-1.3447320987629832,,VERIFIED_BINANCE_PUBLIC_ARCHIVE_FUNDING_BASIS_CAUSAL,8.078e-05,-0.00041935,1.9895236933821943,0.5566534831172804,BINANCE_USDM_MONTHLY_FUNDING_RATE_ARCHIVE,BINANCE_USDM_PREMIUM_INDEX_KLINES_ARCHIVE
2026-05-26 00:00:00+00:00,BNBUSD,,,-0.5418223854290072,,VERIFIED_BINANCE_PUBLIC_ARCHIVE_FUNDING_BASIS_CAUSAL,5.354e-05,0.00055321,0.609090454723561,0.45960585629121914,BINANCE_USDM_MONTHLY_FUNDING_RATE_ARCHIVE,BINANCE_USDM_PREMIUM_INDEX_KLINES_ARCHIVE
2026-05-26 00:00:00+00:00,BTCUSD,,,-0.828549759047664,,VERIFIED_BINANCE_PUBLIC_ARCHIVE_FUNDING_BASIS_CAUSAL,8.058e-05,-0.00042337,1.3621295374169295,0.1763966965963393,BINANCE_USDM_MONTHLY_FUNDING_RATE_ARCHIVE,BINANCE_USDM_PREMIUM_INDEX_KLINES_ARCHIVE
2026-05-26 00:00:00+00:00,ETHUSD,,,0.3578559933935771,,VERIFIED_BINANCE_PUBLIC_ARCHIVE_FUNDING_BASIS_CAUSAL,3.458e-05,-0.00039797,-1.0163585457256037,0.4469804594566777,BINANCE_USDM_MONTHLY_FUNDING_RATE_ARCHIVE,BINANCE_USDM_PREMIUM_INDEX_KLINES_ARCHIVE
2026-05-26 00:00:00+00:00,SOLUSD,,,-0.48024080452672047,,VERIFIED_BINANCE_PUBLIC_ARCHIVE_FUNDING_BASIS_CAUSAL,4.297e-05,-0.00047169,0.7436028944346542,0.15835380575035696,BINANCE_USDM_MONTHLY_FUNDING_RATE_ARCHIVE,BINANCE_USDM_PREMIUM_INDEX_KLINES_ARCHIVE
2026-05-26 00:00:00+00:00,XRPUSD,,,0.23004021429214858,,VERIFIED_BINANCE_PUBLIC_ARCHIVE_FUNDING_BASIS_CAUSAL,-4.288e-05,-0.00045781,-0.6773021904133597,0.31661331207822063,BINANCE_USDM_MONTHLY_FUNDING_RATE_ARCHIVE,BINANCE_USDM_PREMIUM_INDEX_KLINES_ARCHIVE
2026-05-26 08:00:00.003000+00:00,BNBUSD,,,0.5910077927039429,,VERIFIED_BINANCE_PUBLIC_ARCHIVE_FUNDING_BASIS_CAUSAL,0.0,0.00050733,-1.2158511484191001,0.17268964205902707,BINANCE_USDM_MONTHLY_FUNDING_RATE_ARCHIVE,BINANCE_USDM_PREMIUM_INDEX_KLINES_ARCHIVE
2026-05-26 08:00:00.003000+00:00,BTCUSD,,,0.5887926534793004,,VERIFIED_BINANCE_PUBLIC_ARCHIVE_FUNDING_BASIS_CAUSAL,3.852e-05,-0.00052811,-0.28586350038266634,-0.9590393961529644,BINANCE_USDM_MONTHLY_FUNDING_RATE_ARCHIVE,BINANCE_USDM_PREMIUM_INDEX_KLINES_ARCHIVE
2026-05-26 08:00:00.003000+00:00,ETHUSD,,,0.6363993928258052,,VERIFIED_BINANCE_PUBLIC_ARCHIVE_FUNDING_BASIS_CAUSAL,3.793e-05,-0.00053038,-0.7109166889847269,-0.5453226975204561,BINANCE_USDM_MONTHLY_FUNDING_RATE_ARCHIVE,BINANCE_USDM_PREMIUM_INDEX_KLINES_ARCHIVE
2026-05-26 08:00:00.003000+00:00,SOLUSD,,,0.7035116412586734,,VERIFIED_BINANCE_PUBLIC_ARCHIVE_FUNDING_BASIS_CAUSAL,-0.00010038,-0.00056855,-1.0207908218144188,-0.31572597613498454,BINANCE_USDM_MONTHLY_FUNDING_RATE_ARCHIVE,BINANCE_USDM_PREMIUM_INDEX_KLINES_ARCHIVE
2026-05-26 08:00:00.003000+00:00,XRPUSD,,,0.5478269847272769,,VERIFIED_BINANCE_PUBLIC_ARCHIVE_FUNDING_BASIS_CAUSAL,-5.634e-05,-0.00052856,-0.875108475168105,-0.14781627418848678,BINANCE_USDM_MONTHLY_FUNDING_RATE_ARCHIVE,BINANCE_USDM_PREMIUM_INDEX_KLINES_ARCHIVE
2026-05-26 16:00:00+00:00,BNBUSD,,,0.6026107103925763,,VERIFIED_BINANCE_PUBLIC_ARCHIVE_FUNDING_BASIS_CAUSAL,2.838e-05,0.00028554,-0.2558051902705365,-1.0264841238750693,BINANCE_USDM_MONTHLY_FUNDING_RATE_ARCHIVE,BINANCE_USDM_PREMIUM_INDEX_KLINES_ARCHIVE
2026-05-26 16:00:00+00:00,BTCUSD,,,-1.2960944617874837,,VERIFIED_BINANCE_PUBLIC_ARCHIVE_FUNDING_BASIS_CAUSAL,5.776e-05,-0.00021703,0.4456410426707876,2.335537529596779,BINANCE_USDM_MONTHLY_FUNDING_RATE_ARCHIVE,BINANCE_USDM_PREMIUM_INDEX_KLINES_ARCHIVE
2026-05-26 16:00:00+00:00,ETHUSD,,,0.7819211879946335,,VERIFIED_BINANCE_PUBLIC_ARCHIVE_FUNDING_BASIS_CAUSAL,3.408e-05,-0.00053765,-0.9697210815525515,-0.5523879847571782,BINANCE_USDM_MONTHLY_FUNDING_RATE_ARCHIVE,BINANCE_USDM_PREMIUM_INDEX_KLINES_ARCHIVE
2026-05-26 16:00:00+00:00,SOLUSD,,,-0.08099873568905408,,VERIFIED_BINANCE_PUBLIC_ARCHIVE_FUNDING_BASIS_CAUSAL,4.692e-05,-0.00066194,0.7373496990316105,-0.7212079972851816,BINANCE_USDM_MONTHLY_FUNDING_RATE_ARCHIVE,BINANCE_USDM_PREMIUM_INDEX_KLINES_ARCHIVE
2026-05-26 16:00:00+00:00,XRPUSD,,,0.08484352594917405,,VERIFIED_BINANCE_PUBLIC_ARCHIVE_FUNDING_BASIS_CAUSAL,3.317e-05,-0.00071006,0.864433798897963,-1.2450713674290081,BINANCE_USDM_MONTHLY_FUNDING_RATE_ARCHIVE,BINANCE_USDM_PREMIUM_INDEX_KLINES_ARCHIVE
2026-05-27 00:00:00+00:00,BNBUSD,,,-0.09782975934713059,,VERIFIED_BINANCE_PUBLIC_ARCHIVE_FUNDING_BASIS_CAUSAL,3.134e-05,0.00052447,-0.08868718711899018,0.325794916139056,BINANCE_USDM_MONTHLY_FUNDING_RATE_ARCHIVE,BINANCE_USDM_PREMIUM_INDEX_KLINES_ARCHIVE
2026-05-27 00:00:00+00:00,BTCUSD,,,-1.3495582865731885,,VERIFIED_BINANCE_PUBLIC_ARCHIVE_FUNDING_BASIS_CAUSAL,0.0001,-0.0003665,1.9415529560513938,0.6260092460998268,BINANCE_USDM_MONTHLY_FUNDING_RATE_ARCHIVE,BINANCE_USDM_PREMIUM_INDEX_KLINES_ARCHIVE
2026-05-27 00:00:00+00:00,ETHUSD,,,-0.8865244793963207,,VERIFIED_BINANCE_PUBLIC_ARCHIVE_FUNDING_BASIS_CAUSAL,7.351e-05,-0.00046562,1.6126190267453482,-0.0009244118080464043,BINANCE_USDM_MONTHLY_FUNDING_RATE_ARCHIVE,BINANCE_USDM_PREMIUM_INDEX_KLINES_ARCHIVE
2026-05-27 00:00:00+00:00,SOLUSD,,,1.2400591078627647,,VERIFIED_BINANCE_PUBLIC_ARCHIVE_FUNDING_BASIS_CAUSAL,-0.00014384,-0.00069116,-1.5544874581104329,-0.8557577908933925,BINANCE_USDM_MONTHLY_FUNDING_RATE_ARCHIVE,BINANCE_USDM_PREMIUM_INDEX_KLINES_ARCHIVE
2026-05-27 00:00:00+00:00,XRPUSD,,,1.0173116255813732,,VERIFIED_BINANCE_PUBLIC_ARCHIVE_FUNDING_BASIS_CAUSAL,-8.198e-05,-0.00059329,-1.458584470615227,-0.47797814831777424,BINANCE_USDM_MONTHLY_FUNDING_RATE_ARCHIVE,BINANCE_USDM_PREMIUM_INDEX_KLINES_ARCHIVE
2026-05-27 08:00:00.004000+00:00,BNBUSD,,,-0.927363433708133,,VERIFIED_BINANCE_PUBLIC_ARCHIVE_FUNDING_BASIS_CAUSAL,7.44e-05,0.00053874,1.3415307423157776,0.42115894540990056,BINANCE_USDM_MONTHLY_FUNDING_RATE_ARCHIVE,BINANCE_USDM_PREMIUM_INDEX_KLINES_ARCHIVE
2026-05-27 08:00:00.004000+00:00,BTCUSD,,,-0.6158100072087727,,VERIFIED_BINANCE_PUBLIC_ARCHIVE_FUNDING_BASIS_CAUSAL,8.948e-05,-0.00046883,1.4368458596775964,-0.3876782569197897,BINANCE_USDM_MONTHLY_FUNDING_RATE_ARCHIVE,BINANCE_USDM_PREMIUM_INDEX_KLINES_ARCHIVE
2026-05-27 08:00:00.004000+00:00,ETHUSD,,,0.525401329811952,,VERIFIED_BINANCE_PUBLIC_ARCHIVE_FUNDING_BASIS_CAUSAL,3.072e-05,-0.00042727,-1.2035662501209001,0.30346690612120697,BINANCE_USDM_MONTHLY_FUNDING_RATE_ARCHIVE,BINANCE_USDM_PREMIUM_INDEX_KLINES_ARCHIVE
2026-05-27 08:00:00.004000+00:00,SOLUSD,,,0.30431888487131487,,VERIFIED_BINANCE_PUBLIC_ARCHIVE_FUNDING_BASIS_CAUSAL,-8.548e-05,-0.00047668,-0.7338159852829665,0.22062201563181502,BINANCE_USDM_MONTHLY_FUNDING_RATE_ARCHIVE,BINANCE_USDM_PREMIUM_INDEX_KLINES_ARCHIVE
2026-05-27 08:00:00.004000+00:00,XRPUSD,,,0.06112395032083762,,VERIFIED_BINANCE_PUBLIC_ARCHIVE_FUNDING_BASIS_CAUSAL,-6.74e-06,-0.00056389,0.1316927316679617,-0.2967887838627034,BINANCE_USDM_MONTHLY_FUNDING_RATE_ARCHIVE,BINANCE_USDM_PREMIUM_INDEX_KLINES_ARCHIVE
2026-05-27 16:00:00.009000+00:00,BNBUSD,,,-1.4892133968255457,,VERIFIED_BINANCE_PUBLIC_ARCHIVE_FUNDING_BASIS_CAUSAL,6.759e-05,0.0008263,1.0629990996551844,2.010141982255987,BINANCE_USDM_MONTHLY_FUNDING_RATE_ARCHIVE,BINANCE_USDM_PREMIUM_INDEX_KLINES_ARCHIVE
2026-05-27 16:00:00.009000+00:00,BTCUSD,,,-1.8620628627759124,,VERIFIED_BINANCE_PUBLIC_ARCHIVE_FUNDING_BASIS_CAUSAL,9.914e-05,-0.00022447,1.6681235535325711,2.0990997962955515,BINANCE_USDM_MONTHLY_FUNDING_RATE_ARCHIVE,BINANCE_USDM_PREMIUM_INDEX_KLINES_ARCHIVE
2026-05-27 16:00:00.009000+00:00,ETHUSD,,,-1.222066704602428,,VERIFIED_BINANCE_PUBLIC_ARCHIVE_FUNDING_BASIS_CAUSAL,6.097e-05,-0.00021805,0.7089053254766046,1.8492639457562121,BINANCE_USDM_MONTHLY_FUNDING_RATE_ARCHIVE,BINANCE_USDM_PREMIUM_INDEX_KLINES_ARCHIVE
2026-05-27 16:00:00.009000+00:00,SOLUSD,,,-0.5089044909528628,,VERIFIED_BINANCE_PUBLIC_ARCHIVE_FUNDING_BASIS_CAUSAL,1.025e-05,-0.00038003,0.3804111045907636,0.6659519631732064,BINANCE_USDM_MONTHLY_FUNDING_RATE_ARCHIVE,BINANCE_USDM_PREMIUM_INDEX_KLINES_ARCHIVE
2026-05-27 16:00:00.009000+00:00,XRPUSD,,,-1.308021412067037,,VERIFIED_BINANCE_PUBLIC_ARCHIVE_FUNDING_BASIS_CAUSAL,4.491e-05,-0.00027243,1.1476078957384488,1.5040823764686446,BINANCE_USDM_MONTHLY_FUNDING_RATE_ARCHIVE,BINANCE_USDM_PREMIUM_INDEX_KLINES_ARCHIVE
2026-05-28 00:00:00.001000+00:00,BNBUSD,,,-0.09571010124039092,,VERIFIED_BINANCE_PUBLIC_ARCHIVE_FUNDING_BASIS_CAUSAL,5.788e-05,0.00037654,0.6515697482798126,-0.5836739118077912,BINANCE_USDM_MONTHLY_FUNDING_RATE_ARCHIVE,BINANCE_USDM_PREMIUM_INDEX_KLINES_ARCHIVE
2026-05-28 00:00:00.001000+00:00,BTCUSD,,,-1.021864915630376,,VERIFIED_BINANCE_PUBLIC_ARCHIVE_FUNDING_BASIS_CAUSAL,0.0001,-0.00037681,1.5070073353485396,0.4289130693081761,BINANCE_USDM_MONTHLY_FUNDING_RATE_ARCHIVE,BINANCE_USDM_PREMIUM_INDEX_KLINES_ARCHIVE
2026-05-28 00:00:00.001000+00:00,ETHUSD,,,1.1514588183016938,,VERIFIED_BINANCE_PUBLIC_ARCHIVE_FUNDING_BASIS_CAUSAL,2.421e-05,-0.00055724,-1.4861633556431353,-0.7423754948843759,BINANCE_USDM_MONTHLY_FUNDING_RATE_ARCHIVE,BINANCE_USDM_PREMIUM_INDEX_KLINES_ARCHIVE
2026-05-28 00:00:00.001000+00:00,SOLUSD,,,0.46770803958771046,,VERIFIED_BINANCE_PUBLIC_ARCHIVE_FUNDING_BASIS_CAUSAL,-5.061e-05,-0.00064137,-0.3032755346954839,-0.668681101122654,BINANCE_USDM_MONTHLY_FUNDING_RATE_ARCHIVE,BINANCE_USDM_PREMIUM_INDEX_KLINES_ARCHIVE
2026-05-28 00:00:00.001000+00:00,XRPUSD,,,0.0196173505050444,,VERIFIED_BINANCE_PUBLIC_ARCHIVE_FUNDING_BASIS_CAUSAL,1.37e-06,-0.0005658,0.23829876514073733,-0.3348481585165554,BINANCE_USDM_MONTHLY_FUNDING_RATE_ARCHIVE,BINANCE_USDM_PREMIUM_INDEX_KLINES_ARCHIVE
2026-05-28 08:00:00+00:00,BNBUSD,,,1.3800849838318663,,VERIFIED_BINANCE_PUBLIC_ARCHIVE_FUNDING_BASIS_CAUSAL,0.0,0.00019734,-1.2518276130689332,-1.5368439925421173,BINANCE_USDM_MONTHLY_FUNDING_RATE_ARCHIVE,BINANCE_USDM_PREMIUM_INDEX_KLINES_ARCHIVE
2026-05-28 08:00:00+00:00,BTCUSD,,,0.5121092383412171,,VERIFIED_BINANCE_PUBLIC_ARCHIVE_FUNDING_BASIS_CAUSAL,5.011e-05,-0.0005155,-0.1742132460674789,-0.9250932288980083,BINANCE_USDM_MONTHLY_FUNDING_RATE_ARCHIVE,BINANCE_USDM_PREMIUM_INDEX_KLINES_ARCHIVE
2026-05-28 08:00:00+00:00,ETHUSD,,,1.423221348421789,,VERIFIED_BINANCE_PUBLIC_ARCHIVE_FUNDING_BASIS_CAUSAL,2.543e-05,-0.00064621,-1.4032929238006504,-1.4475783118476253,BINANCE_USDM_MONTHLY_FUNDING_RATE_ARCHIVE,BINANCE_USDM_PREMIUM_INDEX_KLINES_ARCHIVE
2026-05-28 08:00:00+00:00,SOLUSD,,,1.3186757459589131,,VERIFIED_BINANCE_PUBLIC_ARCHIVE_FUNDING_BASIS_CAUSAL,-0.00014123,-0.00078072,-1.276829316807521,-1.3698213815883922,BINANCE_USDM_MONTHLY_FUNDING_RATE_ARCHIVE,BINANCE_USDM_PREMIUM_INDEX_KLINES_ARCHIVE
2026-05-28 08:00:00+00:00,XRPUSD,,,1.3476127719641746,,VERIFIED_BINANCE_PUBLIC_ARCHIVE_FUNDING_BASIS_CAUSAL,-0.00011609,-0.00061002,-1.9919272539648585,-0.5601172939633389,BINANCE_USDM_MONTHLY_FUNDING_RATE_ARCHIVE,BINANCE_USDM_PREMIUM_INDEX_KLINES_ARCHIVE
2026-05-28 16:00:00.001000+00:00,BNBUSD,,,1.1662104321998723,,VERIFIED_BINANCE_PUBLIC_ARCHIVE_FUNDING_BASIS_CAUSAL,0.0,0.00024316,-1.12826942428176,-1.2125827752108984,BINANCE_USDM_MONTHLY_FUNDING_RATE_ARCHIVE,BINANCE_USDM_PREMIUM_INDEX_KLINES_ARCHIVE
2026-05-28 16:00:00.001000+00:00,BTCUSD,,,-0.5115892987184749,,VERIFIED_BINANCE_PUBLIC_ARCHIVE_FUNDING_BASIS_CAUSAL,0.0001,-0.00047757,1.3620313206075005,-0.5278398391458899,BINANCE_USDM_MONTHLY_FUNDING_RATE_ARCHIVE,BINANCE_USDM_PREMIUM_INDEX_KLINES_ARCHIVE
2026-05-28 16:00:00.001000+00:00,ETHUSD,,,0.9019976994874405,,VERIFIED_BINANCE_PUBLIC_ARCHIVE_FUNDING_BASIS_CAUSAL,2.984e-05,-0.00055603,-1.0621940274083095,-0.7062021875841561,BINANCE_USDM_MONTHLY_FUNDING_RATE_ARCHIVE,BINANCE_USDM_PREMIUM_INDEX_KLINES_ARCHIVE
2026-05-28 16:00:00.001000+00:00,SOLUSD,,,-0.3804668423905155,,VERIFIED_BINANCE_PUBLIC_ARCHIVE_FUNDING_BASIS_CAUSAL,-3.559e-05,-0.00035094,0.02087961267380134,0.8199623453776106,BINANCE_USDM_MONTHLY_FUNDING_RATE_ARCHIVE,BINANCE_USDM_PREMIUM_INDEX_KLINES_ARCHIVE
2026-05-28 16:00:00.001000+00:00,XRPUSD,,,0.19627497635594304,,VERIFIED_BINANCE_PUBLIC_ARCHIVE_FUNDING_BASIS_CAUSAL,-4.43e-06,-0.00064379,0.23340356989530586,-0.7214376439963585,BINANCE_USDM_MONTHLY_FUNDING_RATE_ARCHIVE,BINANCE_USDM_PREMIUM_INDEX_KLINES_ARCHIVE
2026-05-29 00:00:00+00:00,BNBUSD,,,-1.3624499727250026,,VERIFIED_BINANCE_PUBLIC_ARCHIVE_FUNDING_BASIS_CAUSAL,7.032e-05,0.00076808,1.2431228063996453,1.5082942871226614,BINANCE_USDM_MONTHLY_FUNDING_RATE_ARCHIVE,BINANCE_USDM_PREMIUM_INDEX_KLINES_ARCHIVE
2026-05-29 00:00:00+00:00,BTCUSD,,,-1.1274156752797035,,VERIFIED_BINANCE_PUBLIC_ARCHIVE_FUNDING_BASIS_CAUSAL,0.0001,-0.00031541,1.2227236478361694,1.0109281532662453,BINANCE_USDM_MONTHLY_FUNDING_RATE_ARCHIVE,BINANCE_USDM_PREMIUM_INDEX_KLINES_ARCHIVE
2026-05-29 00:00:00+00:00,ETHUSD,,,-1.4088547844496606,,VERIFIED_BINANCE_PUBLIC_ARCHIVE_FUNDING_BASIS_CAUSAL,8.553e-05,-0.00037742,2.103176648372938,0.5602391729878772,BINANCE_USDM_MONTHLY_FUNDING_RATE_ARCHIVE,BINANCE_USDM_PREMIUM_INDEX_KLINES_ARCHIVE
2026-05-29 00:00:00+00:00,SOLUSD,,,-0.6931636533279375,,VERIFIED_BINANCE_PUBLIC_ARCHIVE_FUNDING_BASIS_CAUSAL,4.219e-05,-0.00045061,1.0259786333054077,0.28638978891102945,BINANCE_USDM_MONTHLY_FUNDING_RATE_ARCHIVE,BINANCE_USDM_PREMIUM_INDEX_KLINES_ARCHIVE
2026-05-29 00:00:00+00:00,XRPUSD,,,-0.24879134989149165,,VERIFIED_BINANCE_PUBLIC_ARCHIVE_FUNDING_BASIS_CAUSAL,1.263e-05,-0.00053971,0.570031483651963,-0.1438354802601956,BINANCE_USDM_MONTHLY_FUNDING_RATE_ARCHIVE,BINANCE_USDM_PREMIUM_INDEX_KLINES_ARCHIVE
2026-05-29 08:00:00.001000+00:00,BNBUSD,,,1.0845481674811506,,VERIFIED_BINANCE_PUBLIC_ARCHIVE_FUNDING_BASIS_CAUSAL,0.0,0.00027699,-1.0755454250451917,-1.0955515193473226,BINANCE_USDM_MONTHLY_FUNDING_RATE_ARCHIVE,BINANCE_USDM_PREMIUM_INDEX_KLINES_ARCHIVE
2026-05-29 08:00:00.001000+00:00,BTCUSD,,,0.593357773292616,,VERIFIED_BINANCE_PUBLIC_ARCHIVE_FUNDING_BASIS_CAUSAL,5.391e-05,-0.00051884,-0.31939289179421915,-0.9282037395684343,BINANCE_USDM_MONTHLY_FUNDING_RATE_ARCHIVE,BINANCE_USDM_PREMIUM_INDEX_KLINES_ARCHIVE
2026-05-29 08:00:00.001000+00:00,ETHUSD,,,-0.46704562377743175,,VERIFIED_BINANCE_PUBLIC_ARCHIVE_FUNDING_BASIS_CAUSAL,7.04e-05,-0.0004807,1.032831682001275,-0.2244706696072657,BINANCE_USDM_MONTHLY_FUNDING_RATE_ARCHIVE,BINANCE_USDM_PREMIUM_INDEX_KLINES_ARCHIVE
2026-05-29 08:00:00.001000+00:00,SOLUSD,,,-0.11906307363939161,,VERIFIED_BINANCE_PUBLIC_ARCHIVE_FUNDING_BASIS_CAUSAL,2.5e-05,-0.00064714,0.7693028716035879,-0.6756744572057373,BINANCE_USDM_MONTHLY_FUNDING_RATE_ARCHIVE,BINANCE_USDM_PREMIUM_INDEX_KLINES_ARCHIVE
2026-05-29 08:00:00.001000+00:00,XRPUSD,,,-1.4593835879191204,,VERIFIED_BINANCE_PUBLIC_ARCHIVE_FUNDING_BASIS_CAUSAL,8.37e-05,-0.0003639,1.8373708160205693,0.9973991980173494,BINANCE_USDM_MONTHLY_FUNDING_RATE_ARCHIVE,BINANCE_USDM_PREMIUM_INDEX_KLINES_ARCHIVE
2026-05-29 16:00:00.008000+00:00,BNBUSD,,,0.5870718659389981,,VERIFIED_BINANCE_PUBLIC_ARCHIVE_FUNDING_BASIS_CAUSAL,9.1e-06,0.00043027,-0.790723932242909,-0.3381637849008846,BINANCE_USDM_MONTHLY_FUNDING_RATE_ARCHIVE,BINANCE_USDM_PREMIUM_INDEX_KLINES_ARCHIVE
2026-05-29 16:00:00.008000+00:00,BTCUSD,,,-0.18301160590238713,,VERIFIED_BINANCE_PUBLIC_ARCHIVE_FUNDING_BASIS_CAUSAL,6.702e-05,-0.00038363,0.06173634679703023,0.3312369225867122,BINANCE_USDM_MONTHLY_FUNDING_RATE_ARCHIVE,BINANCE_USDM_PREMIUM_INDEX_KLINES_ARCHIVE
2026-05-29 16:00:00.008000+00:00,ETHUSD,,,-0.20925772477989707,,VERIFIED_BINANCE_PUBLIC_ARCHIVE_FUNDING_BASIS_CAUSAL,6.595e-05,-0.00050839,0.7599529435048384,-0.4638142092172536,BINANCE_USDM_MONTHLY_FUNDING_RATE_ARCHIVE,BINANCE_USDM_PREMIUM_INDEX_KLINES_ARCHIVE
2026-05-29 16:00:00.008000+00:00,SOLUSD,,,-0.632039644499778,,VERIFIED_BINANCE_PUBLIC_ARCHIVE_FUNDING_BASIS_CAUSAL,6.335e-05,-0.00051093,1.186677283691085,-0.04585080340070858,BINANCE_USDM_MONTHLY_FUNDING_RATE_ARCHIVE,BINANCE_USDM_PREMIUM_INDEX_KLINES_ARCHIVE
2026-05-29 16:00:00.008000+00:00,XRPUSD,,,0.23680215437258934,,VERIFIED_BINANCE_PUBLIC_ARCHIVE_FUNDING_BASIS_CAUSAL,-5.3e-06,-0.00059299,0.052608182792062856,-0.5905258997960531,BINANCE_USDM_MONTHLY_FUNDING_RATE_ARCHIVE,BINANCE_USDM_PREMIUM_INDEX_KLINES_ARCHIVE
2026-05-30 00:00:00+00:00,BNBUSD,,,-0.015629226534497297,,VERIFIED_BINANCE_PUBLIC_ARCHIVE_FUNDING_BASIS_CAUSAL,3.792e-05,0.00046928,0.10148166495810831,-0.08930153153880506,BINANCE_USDM_MONTHLY_FUNDING_RATE_ARCHIVE,BINANCE_USDM_PREMIUM_INDEX_KLINES_ARCHIVE
2026-05-30 00:00:00+00:00,BTCUSD,,,1.088507825552192,,VERIFIED_BINANCE_PUBLIC_ARCHIVE_FUNDING_BASIS_CAUSAL,3.464e-05,-0.00052323,-1.1704456350577233,-0.9883616139343206,BINANCE_USDM_MONTHLY_FUNDING_RATE_ARCHIVE,BINANCE_USDM_PREMIUM_INDEX_KLINES_ARCHIVE
2026-05-30 00:00:00+00:00,ETHUSD,,,0.44311732885832755,,VERIFIED_BINANCE_PUBLIC_ARCHIVE_FUNDING_BASIS_CAUSAL,4.54e-05,-0.00053572,-0.29053760077966095,-0.6296036631766978,BINANCE_USDM_MONTHLY_FUNDING_RATE_ARCHIVE,BINANCE_USDM_PREMIUM_INDEX_KLINES_ARCHIVE
2026-05-30 00:00:00+00:00,SOLUSD,,,-0.4897647639809699,,VERIFIED_BINANCE_PUBLIC_ARCHIVE_FUNDING_BASIS_CAUSAL,7.48e-05,-0.0005893,1.2696619179496813,-0.4634428686474553,BINANCE_USDM_MONTHLY_FUNDING_RATE_ARCHIVE,BINANCE_USDM_PREMIUM_INDEX_KLINES_ARCHIVE
2026-05-30 00:00:00+00:00,XRPUSD,,,-0.061910290952985614,,VERIFIED_BINANCE_PUBLIC_ARCHIVE_FUNDING_BASIS_CAUSAL,2.343e-05,-0.00058591,0.5442765297910969,-0.527648445404706,BINANCE_USDM_MONTHLY_FUNDING_RATE_ARCHIVE,BINANCE_USDM_PREMIUM_INDEX_KLINES_ARCHIVE
2026-05-30 08:00:00.001000+00:00,BNBUSD,,,-2.088727235241943,,VERIFIED_BINANCE_PUBLIC_ARCHIVE_FUNDING_BASIS_CAUSAL,0.00010904,0.0008157,2.3713986870565384,1.7432399052463257,BINANCE_USDM_MONTHLY_FUNDING_RATE_ARCHIVE,BINANCE_USDM_PREMIUM_INDEX_KLINES_ARCHIVE
2026-05-30 08:00:00.001000+00:00,BTCUSD,,,0.73164375414288,,VERIFIED_BINANCE_PUBLIC_ARCHIVE_FUNDING_BASIS_CAUSAL,4.732e-05,-0.00048441,-0.8273086976333918,-0.6147199343211431,BINANCE_USDM_MONTHLY_FUNDING_RATE_ARCHIVE,BINANCE_USDM_PREMIUM_INDEX_KLINES_ARCHIVE
2026-05-30 08:00:00.001000+00:00,ETHUSD,,,-0.3525915629492825,,VERIFIED_BINANCE_PUBLIC_ARCHIVE_FUNDING_BASIS_CAUSAL,6.842e-05,-0.00048566,0.8503398060628482,-0.2557674008561867,BINANCE_USDM_MONTHLY_FUNDING_RATE_ARCHIVE,BINANCE_USDM_PREMIUM_INDEX_KLINES_ARCHIVE
2026-05-30 08:00:00.001000+00:00,SOLUSD,,,-0.34502816870228614,,VERIFIED_BINANCE_PUBLIC_ARCHIVE_FUNDING_BASIS_CAUSAL,3.702e-05,-0.00052219,0.7248525088398627,-0.11920158035475206,BINANCE_USDM_MONTHLY_FUNDING_RATE_ARCHIVE,BINANCE_USDM_PREMIUM_INDEX_KLINES_ARCHIVE
2026-05-30 08:00:00.001000+00:00,XRPUSD,,,-0.5282256162415421,,VERIFIED_BINANCE_PUBLIC_ARCHIVE_FUNDING_BASIS_CAUSAL,2.733e-05,-0.00042791,0.5449667751684218,0.5077641997753555,BINANCE_USDM_MONTHLY_FUNDING_RATE_ARCHIVE,BINANCE_USDM_PREMIUM_INDEX_KLINES_ARCHIVE
2026-05-30 16:00:00+00:00,BNBUSD,,,-1.271887464602406,,VERIFIED_BINANCE_PUBLIC_ARCHIVE_FUNDING_BASIS_CAUSAL,0.00011873,0.00050216,2.304113753080455,0.010277556462568583,BINANCE_USDM_MONTHLY_FUNDING_RATE_ARCHIVE,BINANCE_USDM_PREMIUM_INDEX_KLINES_ARCHIVE
2026-05-30 16:00:00+00:00,BTCUSD,,,0.48829215954996963,,VERIFIED_BINANCE_PUBLIC_ARCHIVE_FUNDING_BASIS_CAUSAL,6.214e-05,-0.00051244,-0.20210002801156796,-0.8380825425413495,BINANCE_USDM_MONTHLY_FUNDING_RATE_ARCHIVE,BINANCE_USDM_PREMIUM_INDEX_KLINES_ARCHIVE
2026-05-30 16:00:00+00:00,ETHUSD,,,-0.30087614084733816,,VERIFIED_BINANCE_PUBLIC_ARCHIVE_FUNDING_BASIS_CAUSAL,5.705e-05,-0.00041114,0.2714150089787398,0.3368841909089584,BINANCE_USDM_MONTHLY_FUNDING_RATE_ARCHIVE,BINANCE_USDM_PREMIUM_INDEX_KLINES_ARCHIVE
2026-05-30 16:00:00+00:00,SOLUSD,,,-0.8323316262097928,,VERIFIED_BINANCE_PUBLIC_ARCHIVE_FUNDING_BASIS_CAUSAL,4.292e-05,-0.00032557,0.811284076326609,0.8580564094003508,BINANCE_USDM_MONTHLY_FUNDING_RATE_ARCHIVE,BINANCE_USDM_PREMIUM_INDEX_KLINES_ARCHIVE
2026-05-30 16:00:00+00:00,XRPUSD,,,-0.07783887636491746,,VERIFIED_BINANCE_PUBLIC_ARCHIVE_FUNDING_BASIS_CAUSAL,1.78e-05,-0.00053715,0.3375079267823331,-0.23953440747859056,BINANCE_USDM_MONTHLY_FUNDING_RATE_ARCHIVE,BINANCE_USDM_PREMIUM_INDEX_KLINES_ARCHIVE
2026-05-31 00:00:00+00:00,BNBUSD,,,0.5868489980735476,,VERIFIED_BINANCE_PUBLIC_ARCHIVE_FUNDING_BASIS_CAUSAL,0.0,0.00052912,-1.2157129427527245,0.1817624898676685,BINANCE_USDM_MONTHLY_FUNDING_RATE_ARCHIVE,BINANCE_USDM_PREMIUM_INDEX_KLINES_ARCHIVE
2026-05-31 00:00:00+00:00,BTCUSD,,,0.7324000173723907,,VERIFIED_BINANCE_PUBLIC_ARCHIVE_FUNDING_BASIS_CAUSAL,4.432e-05,-0.00049285,-0.8409089251438389,-0.599778018985065,BINANCE_USDM_MONTHLY_FUNDING_RATE_ARCHIVE,BINANCE_USDM_PREMIUM_INDEX_KLINES_ARCHIVE
2026-05-31 00:00:00+00:00,ETHUSD,,,-1.3257859157809961,,VERIFIED_BINANCE_PUBLIC_ARCHIVE_FUNDING_BASIS_CAUSAL,9.397e-05,-0.000436,2.266207839032616,0.17638134291790517,BINANCE_USDM_MONTHLY_FUNDING_RATE_ARCHIVE,BINANCE_USDM_PREMIUM_INDEX_KLINES_ARCHIVE
2026-05-31 00:00:00+00:00,SOLUSD,,,-0.09553615462161943,,VERIFIED_BINANCE_PUBLIC_ARCHIVE_FUNDING_BASIS_CAUSAL,2.3e-05,-0.00055956,0.44920945938007717,-0.33673121786094007,BINANCE_USDM_MONTHLY_FUNDING_RATE_ARCHIVE,BINANCE_USDM_PREMIUM_INDEX_KLINES_ARCHIVE
2026-05-31 00:00:00+00:00,XRPUSD,,,0.22460912707074493,,VERIFIED_BINANCE_PUBLIC_ARCHIVE_FUNDING_BASIS_CAUSAL,-1.878e-05,-0.00050233,-0.42892660999162135,0.0251122409436596,BINANCE_USDM_MONTHLY_FUNDING_RATE_ARCHIVE,BINANCE_USDM_PREMIUM_INDEX_KLINES_ARCHIVE
2026-05-31 08:00:00+00:00,BNBUSD,,,1.0459012911587595,,VERIFIED_BINANCE_PUBLIC_ARCHIVE_FUNDING_BASIS_CAUSAL,0.0,0.00031002,-1.1160565052295837,-0.960156029516641,BINANCE_USDM_MONTHLY_FUNDING_RATE_ARCHIVE,BINANCE_USDM_PREMIUM_INDEX_KLINES_ARCHIVE
2026-05-31 08:00:00+00:00,BTCUSD,,,0.13748799164047532,,VERIFIED_BINANCE_PUBLIC_ARCHIVE_FUNDING_BASIS_CAUSAL,5.663e-05,-0.00041404,-0.3231905314466095,0.08948177923368869,BINANCE_USDM_MONTHLY_FUNDING_RATE_ARCHIVE,BINANCE_USDM_PREMIUM_INDEX_KLINES_ARCHIVE
2026-05-31 08:00:00+00:00,ETHUSD,,,-0.8440629745911026,,VERIFIED_BINANCE_PUBLIC_ARCHIVE_FUNDING_BASIS_CAUSAL,7.226e-05,-0.00038149,1.0320359425566488,0.6143182359665458,BINANCE_USDM_MONTHLY_FUNDING_RATE_ARCHIVE,BINANCE_USDM_PREMIUM_INDEX_KLINES_ARCHIVE
2026-05-31 08:00:00+00:00,SOLUSD,,,-0.5413167070999144,,VERIFIED_BINANCE_PUBLIC_ARCHIVE_FUNDING_BASIS_CAUSAL,3.645e-05,-0.00041953,0.6846130653665933,0.36617671366286236,BINANCE_USDM_MONTHLY_FUNDING_RATE_ARCHIVE,BINANCE_USDM_PREMIUM_INDEX_KLINES_ARCHIVE
2026-05-31 08:00:00+00:00,XRPUSD,,,0.7966964108808516,,VERIFIED_BINANCE_PUBLIC_ARCHIVE_FUNDING_BASIS_CAUSAL,-3.388e-05,-0.00064787,-0.6754790273347048,-0.9448509907705864,BINANCE_USDM_MONTHLY_FUNDING_RATE_ARCHIVE,BINANCE_USDM_PREMIUM_INDEX_KLINES_ARCHIVE
2026-05-31 16:00:00.004000+00:00,BNBUSD,,,0.557457579895664,,VERIFIED_BINANCE_PUBLIC_ARCHIVE_FUNDING_BASIS_CAUSAL,1.15e-06,0.0004812,-0.9850652602146878,-0.034825970616856966,BINANCE_USDM_MONTHLY_FUNDING_RATE_ARCHIVE,BINANCE_USDM_PREMIUM_INDEX_KLINES_ARCHIVE
2026-05-31 16:00:00.004000+00:00,BTCUSD,,,0.5115611618248116,,VERIFIED_BINANCE_PUBLIC_ARCHIVE_FUNDING_BASIS_CAUSAL,5.988e-05,-0.00051432,-0.18772231368730063,-0.907364198437325,BINANCE_USDM_MONTHLY_FUNDING_RATE_ARCHIVE,BINANCE_USDM_PREMIUM_INDEX_KLINES_ARCHIVE
2026-05-31 16:00:00.004000+00:00,ETHUSD,,,1.1289143823376007,,VERIFIED_BINANCE_PUBLIC_ARCHIVE_FUNDING_BASIS_CAUSAL,1.691e-05,-0.00050858,-1.701876943649251,-0.4286268074011393,BINANCE_USDM_MONTHLY_FUNDING_RATE_ARCHIVE,BINANCE_USDM_PREMIUM_INDEX_KLINES_ARCHIVE
2026-05-31 16:00:00.004000+00:00,SOLUSD,,,0.11694227509869182,,VERIFIED_BINANCE_PUBLIC_ARCHIVE_FUNDING_BASIS_CAUSAL,2.671e-05,-0.00065455,0.5142920083832964,-0.8884508437988996,BINANCE_USDM_MONTHLY_FUNDING_RATE_ARCHIVE,BINANCE_USDM_PREMIUM_INDEX_KLINES_ARCHIVE
2026-05-31 16:00:00.004000+00:00,XRPUSD,,,-0.3033716774693104,,VERIFIED_BINANCE_PUBLIC_ARCHIVE_FUNDING_BASIS_CAUSAL,9.9e-06,-0.00045374,0.22954576280173863,0.39360335095189813,BINANCE_USDM_MONTHLY_FUNDING_RATE_ARCHIVE,BINANCE_USDM_PREMIUM_INDEX_KLINES_ARCHIVE
2026-06-01 00:00:00.001000+00:00,BNBUSD,,,0.4695450349316376,,VERIFIED_BINANCE_PUBLIC_ARCHIVE_FUNDING_BASIS_CAUSAL,0.0,0.00052024,-1.0184576703031354,0.201348186077971,BINANCE_USDM_MONTHLY_FUNDING_RATE_ARCHIVE,BINANCE_USDM_PREMIUM_INDEX_KLINES_ARCHIVE
2026-06-01 00:00:00.001000+00:00,BTCUSD,,,-0.20220502612729843,,VERIFIED_BINANCE_PUBLIC_ARCHIVE_FUNDING_BASIS_CAUSAL,5.703e-05,-0.00035791,-0.28493464925419765,0.7975979627046825,BINANCE_USDM_MONTHLY_FUNDING_RATE_ARCHIVE,BINANCE_USDM_PREMIUM_INDEX_KLINES_ARCHIVE
2026-06-01 00:00:00.001000+00:00,ETHUSD,,,-0.34266147016791215,,VERIFIED_BINANCE_PUBLIC_ARCHIVE_FUNDING_BASIS_CAUSAL,6.445e-05,-0.00046703,0.6118262136603053,0.013682339232764832,BINANCE_USDM_MONTHLY_FUNDING_RATE_ARCHIVE,BINANCE_USDM_PREMIUM_INDEX_KLINES_ARCHIVE
2026-06-01 00:00:00.001000+00:00,SOLUSD,,,-0.6812114922015178,,VERIFIED_BINANCE_PUBLIC_ARCHIVE_FUNDING_BASIS_CAUSAL,5.009e-05,-0.00039634,0.8078088772837074,0.5264813548788414,BINANCE_USDM_MONTHLY_FUNDING_RATE_ARCHIVE,BINANCE_USDM_PREMIUM_INDEX_KLINES_ARCHIVE
2026-06-01 00:00:00.001000+00:00,XRPUSD,,,-1.198312846350432,,VERIFIED_BINANCE_PUBLIC_ARCHIVE_FUNDING_BASIS_CAUSAL,4.472e-05,-0.00029709,0.8662418875797058,1.604177351514653,BINANCE_USDM_MONTHLY_FUNDING_RATE_ARCHIVE,BINANCE_USDM_PREMIUM_INDEX_KLINES_ARCHIVE
2026-06-01 08:00:00.001000+00:00,BNBUSD,,,-1.3639747187903914,,VERIFIED_BINANCE_PUBLIC_ARCHIVE_FUNDING_BASIS_CAUSAL,9.172e-05,0.00072211,1.4754197267669402,1.2277641534857207,BINANCE_USDM_MONTHLY_FUNDING_RATE_ARCHIVE,BINANCE_USDM_PREMIUM_INDEX_KLINES_ARCHIVE
2026-06-01 08:00:00.001000+00:00,BTCUSD,,,-0.8119133631150961,,VERIFIED_BINANCE_PUBLIC_ARCHIVE_FUNDING_BASIS_CAUSAL,4.438e-05,-0.00016491,-0.8318737088552418,2.8209864510788427,BINANCE_USDM_MONTHLY_FUNDING_RATE_ARCHIVE,BINANCE_USDM_PREMIUM_INDEX_KLINES_ARCHIVE
2026-06-01 08:00:00.001000+00:00,ETHUSD,,,-1.2144905313506438,,VERIFIED_BINANCE_PUBLIC_ARCHIVE_FUNDING_BASIS_CAUSAL,5.339e-05,-0.00020639,0.09665272298120405,2.5807367415799587,BINANCE_USDM_MONTHLY_FUNDING_RATE_ARCHIVE,BINANCE_USDM_PREMIUM_INDEX_KLINES_ARCHIVE
2026-06-01 08:00:00.001000+00:00,SOLUSD,,,-0.27563672651763527,,VERIFIED_BINANCE_PUBLIC_ARCHIVE_FUNDING_BASIS_CAUSAL,-2.566e-05,-0.00028536,-0.3798159908019267,1.0767456032415443,BINANCE_USDM_MONTHLY_FUNDING_RATE_ARCHIVE,BINANCE_USDM_PREMIUM_INDEX_KLINES_ARCHIVE
2026-06-01 08:00:00.001000+00:00,XRPUSD,,,-2.8332558209320524,,VERIFIED_BINANCE_PUBLIC_ARCHIVE_FUNDING_BASIS_CAUSAL,0.0001,4.096e-05,1.9905478495403273,3.8632322304108277,BINANCE_USDM_MONTHLY_FUNDING_RATE_ARCHIVE,BINANCE_USDM_PREMIUM_INDEX_KLINES_ARCHIVE
2026-06-01 16:00:00+00:00,BNBUSD,,,0.7535753059499869,,VERIFIED_BINANCE_PUBLIC_ARCHIVE_FUNDING_BASIS_CAUSAL,0.0,0.00038272,-0.9332898620172123,-0.5339241818678224,BINANCE_USDM_MONTHLY_FUNDING_RATE_ARCHIVE,BINANCE_USDM_PREMIUM_INDEX_KLINES_ARCHIVE
2026-06-01 16:00:00+00:00,BTCUSD,,,-1.094467289973657,,VERIFIED_BINANCE_PUBLIC_ARCHIVE_FUNDING_BASIS_CAUSAL,0.0001,-0.0003464,1.4199582070453678,0.6966450579971213,BINANCE_USDM_MONTHLY_FUNDING_RATE_ARCHIVE,BINANCE_USDM_PREMIUM_INDEX_KLINES_ARCHIVE
2026-06-01 16:00:00+00:00,ETHUSD,,,-0.84225243268844,,VERIFIED_BINANCE_PUBLIC_ARCHIVE_FUNDING_BASIS_CAUSAL,9.572e-05,-0.00051047,1.960315321976182,-0.5242688764410226,BINANCE_USDM_MONTHLY_FUNDING_RATE_ARCHIVE,BINANCE_USDM_PREMIUM_INDEX_KLINES_ARCHIVE
2026-06-01 16:00:00+00:00,SOLUSD,,,-0.23092682913425158,,VERIFIED_BINANCE_PUBLIC_ARCHIVE_FUNDING_BASIS_CAUSAL,3.141e-05,-0.00050798,0.5099932483262548,-0.1101543498781968,BINANCE_USDM_MONTHLY_FUNDING_RATE_ARCHIVE,BINANCE_USDM_PREMIUM_INDEX_KLINES_ARCHIVE
2026-06-01 16:00:00+00:00,XRPUSD,,,0.8303957788660217,,VERIFIED_BINANCE_PUBLIC_ARCHIVE_FUNDING_BASIS_CAUSAL,-4.341e-05,-0.00062311,-0.8714548686661009,-0.7802124468881468,BINANCE_USDM_MONTHLY_FUNDING_RATE_ARCHIVE,BINANCE_USDM_PREMIUM_INDEX_KLINES_ARCHIVE
2026-06-02 00:00:00+00:00,BNBUSD,,,0.376357609922915,,VERIFIED_BINANCE_PUBLIC_ARCHIVE_FUNDING_BASIS_CAUSAL,0.0,0.00052292,-0.8528562164805501,0.20602957586975026,BINANCE_USDM_MONTHLY_FUNDING_RATE_ARCHIVE,BINANCE_USDM_PREMIUM_INDEX_KLINES_ARCHIVE
2026-06-02 00:00:00+00:00,BTCUSD,,,-1.5041139725964316,,VERIFIED_BINANCE_PUBLIC_ARCHIVE_FUNDING_BASIS_CAUSAL,0.0001,-0.00023486,1.321992860022595,1.7267064435200097,BINANCE_USDM_MONTHLY_FUNDING_RATE_ARCHIVE,BINANCE_USDM_PREMIUM_INDEX_KLINES_ARCHIVE
2026-06-02 00:00:00+00:00,ETHUSD,,,-1.5465976069632397,,VERIFIED_BINANCE_PUBLIC_ARCHIVE_FUNDING_BASIS_CAUSAL,0.0001,-0.0003317,1.8803894596860946,1.1386297869686388,BINANCE_USDM_MONTHLY_FUNDING_RATE_ARCHIVE,BINANCE_USDM_PREMIUM_INDEX_KLINES_ARCHIVE
2026-06-02 00:00:00+00:00,SOLUSD,,,-1.3043277258522301,,VERIFIED_BINANCE_PUBLIC_ARCHIVE_FUNDING_BASIS_CAUSAL,0.0001,-0.00029861,1.5418200296605724,1.0140593545309224,BINANCE_USDM_MONTHLY_FUNDING_RATE_ARCHIVE,BINANCE_USDM_PREMIUM_INDEX_KLINES_ARCHIVE
2026-06-02 00:00:00+00:00,XRPUSD,,,-0.8040260879055353,,VERIFIED_BINANCE_PUBLIC_ARCHIVE_FUNDING_BASIS_CAUSAL,4.433e-05,-0.0003554,0.8264190778962486,0.7766568779168858,BINANCE_USDM_MONTHLY_FUNDING_RATE_ARCHIVE,BINANCE_USDM_PREMIUM_INDEX_KLINES_ARCHIVE
2026-06-02 08:00:00+00:00,BNBUSD,,,-0.23550572743680342,,VERIFIED_BINANCE_PUBLIC_ARCHIVE_FUNDING_BASIS_CAUSAL,3.806e-05,0.00054207,0.07779468878343011,0.42826366356870416,BINANCE_USDM_MONTHLY_FUNDING_RATE_ARCHIVE,BINANCE_USDM_PREMIUM_INDEX_KLINES_ARCHIVE
2026-06-02 08:00:00+00:00,BTCUSD,,,0.416920935054544,,VERIFIED_BINANCE_PUBLIC_ARCHIVE_FUNDING_BASIS_CAUSAL,5.99e-05,-0.00045327,-0.46902136163082825,-0.35324263590575194,BINANCE_USDM_MONTHLY_FUNDING_RATE_ARCHIVE,BINANCE_USDM_PREMIUM_INDEX_KLINES_ARCHIVE
2026-06-02 08:00:00+00:00,ETHUSD,,,-0.7270581662497619,,VERIFIED_BINANCE_PUBLIC_ARCHIVE_FUNDING_BASIS_CAUSAL,0.0001,-0.00049652,1.6388383351575093,-0.3873398179708183,BINANCE_USDM_MONTHLY_FUNDING_RATE_ARCHIVE,BINANCE_USDM_PREMIUM_INDEX_KLINES_ARCHIVE
2026-06-02 08:00:00+00:00,SOLUSD,,,-0.004352470570654049,,VERIFIED_BINANCE_PUBLIC_ARCHIVE_FUNDING_BASIS_CAUSAL,2.624e-05,-0.00055772,0.2964791997907147,-0.35269130958719785,BINANCE_USDM_MONTHLY_FUNDING_RATE_ARCHIVE,BINANCE_USDM_PREMIUM_INDEX_KLINES_ARCHIVE
2026-06-02 08:00:00+00:00,XRPUSD,,,0.3593207829206988,,VERIFIED_BINANCE_PUBLIC_ARCHIVE_FUNDING_BASIS_CAUSAL,-1.397e-05,-0.00054876,-0.40673952763610305,-0.301364539379649,BINANCE_USDM_MONTHLY_FUNDING_RATE_ARCHIVE,BINANCE_USDM_PREMIUM_INDEX_KLINES_ARCHIVE
2026-06-02 16:00:00+00:00,BNBUSD,,,-0.820202742446846,,VERIFIED_BINANCE_PUBLIC_ARCHIVE_FUNDING_BASIS_CAUSAL,0.0001285,0.00033073,2.2787368115237294,-0.9624500086471226,BINANCE_USDM_MONTHLY_FUNDING_RATE_ARCHIVE,BINANCE_USDM_PREMIUM_INDEX_KLINES_ARCHIVE
2026-06-02 16:00:00+00:00,BTCUSD,,,0.11480959127240692,,VERIFIED_BINANCE_PUBLIC_ARCHIVE_FUNDING_BASIS_CAUSAL,8.345e-05,-0.00050472,0.5062689180715209,-0.8739055471372076,BINANCE_USDM_MONTHLY_FUNDING_RATE_ARCHIVE,BINANCE_USDM_PREMIUM_INDEX_KLINES_ARCHIVE
2026-06-02 16:00:00+00:00,ETHUSD,,,1.1217482508810739,,VERIFIED_BINANCE_PUBLIC_ARCHIVE_FUNDING_BASIS_CAUSAL,5.699e-05,-0.00067495,-0.17923511665067215,-2.273708748273787,BINANCE_USDM_MONTHLY_FUNDING_RATE_ARCHIVE,BINANCE_USDM_PREMIUM_INDEX_KLINES_ARCHIVE
2026-06-02 16:00:00+00:00,SOLUSD,,,1.983350191960549,,VERIFIED_BINANCE_PUBLIC_ARCHIVE_FUNDING_BASIS_CAUSAL,-4.38e-05,-0.00095842,-0.7394656939066474,-3.5036534673597615,BINANCE_USDM_MONTHLY_FUNDING_RATE_ARCHIVE,BINANCE_USDM_PREMIUM_INDEX_KLINES_ARCHIVE
2026-06-02 16:00:00+00:00,XRPUSD,,,0.8243679097688612,,VERIFIED_BINANCE_PUBLIC_ARCHIVE_FUNDING_BASIS_CAUSAL,-1.948e-05,-0.00068599,-0.4708729467657476,-1.2564173089948887,BINANCE_USDM_MONTHLY_FUNDING_RATE_ARCHIVE,BINANCE_USDM_PREMIUM_INDEX_KLINES_ARCHIVE
2026-06-03 00:00:00.013000+00:00,BNBUSD,,,-0.8430363981707739,,VERIFIED_BINANCE_PUBLIC_ARCHIVE_FUNDING_BASIS_CAUSAL,3.437e-05,0.00080328,-0.1276252698193332,2.0294006590475715,BINANCE_USDM_MONTHLY_FUNDING_RATE_ARCHIVE,BINANCE_USDM_PREMIUM_INDEX_KLINES_ARCHIVE
2026-06-03 00:00:00.013000+00:00,BTCUSD,,,-0.8795808682453315,,VERIFIED_BINANCE_PUBLIC_ARCHIVE_FUNDING_BASIS_CAUSAL,7.165e-05,-0.0002189,0.050881087916159376,1.8924361553143196,BINANCE_USDM_MONTHLY_FUNDING_RATE_ARCHIVE,BINANCE_USDM_PREMIUM_INDEX_KLINES_ARCHIVE
2026-06-03 00:00:00.013000+00:00,ETHUSD,,,-1.3956933378100853,,VERIFIED_BINANCE_PUBLIC_ARCHIVE_FUNDING_BASIS_CAUSAL,2.021e-05,0.00035358,-1.5532848403452992,5.0,BINANCE_USDM_MONTHLY_FUNDING_RATE_ARCHIVE,BINANCE_USDM_PREMIUM_INDEX_KLINES_ARCHIVE
2026-06-03 00:00:00.013000+00:00,SOLUSD,,,1.1471881753350246,,VERIFIED_BINANCE_PUBLIC_ARCHIVE_FUNDING_BASIS_CAUSAL,-0.00019668,-0.00025212,-3.578390215755485,1.8242809851788717,BINANCE_USDM_MONTHLY_FUNDING_RATE_ARCHIVE,BINANCE_USDM_PREMIUM_INDEX_KLINES_ARCHIVE
2026-06-03 00:00:00.013000+00:00,XRPUSD,,,1.2005743487789227,,VERIFIED_BINANCE_PUBLIC_ARCHIVE_FUNDING_BASIS_CAUSAL,-0.00015745,-0.00025254,-3.5361414421915893,1.6540076542810038,BINANCE_USDM_MONTHLY_FUNDING_RATE_ARCHIVE,BINANCE_USDM_PREMIUM_INDEX_KLINES_ARCHIVE
2026-06-03 08:00:00+00:00,BNBUSD,,,-0.42419750766908126,,VERIFIED_BINANCE_PUBLIC_ARCHIVE_FUNDING_BASIS_CAUSAL,6.088e-05,0.00054609,0.5020285575361514,0.3290706689426622,BINANCE_USDM_MONTHLY_FUNDING_RATE_ARCHIVE,BINANCE_USDM_PREMIUM_INDEX_KLINES_ARCHIVE
2026-06-03 08:00:00+00:00,BTCUSD,,,0.9760351916078185,,VERIFIED_BINANCE_PUBLIC_ARCHIVE_FUNDING_BASIS_CAUSAL,5.229e-05,-0.00055194,-0.7578000509437116,-1.2427670301972824,BINANCE_USDM_MONTHLY_FUNDING_RATE_ARCHIVE,BINANCE_USDM_PREMIUM_INDEX_KLINES_ARCHIVE
2026-06-03 08:00:00+00:00,ETHUSD,,,-0.4372570165176262,,VERIFIED_BINANCE_PUBLIC_ARCHIVE_FUNDING_BASIS_CAUSAL,9.862e-05,-0.00057113,1.4216481630583864,-0.7658877181433028,BINANCE_USDM_MONTHLY_FUNDING_RATE_ARCHIVE,BINANCE_USDM_PREMIUM_INDEX_KLINES_ARCHIVE
2026-06-03 08:00:00+00:00,SOLUSD,,,0.5110444387111704,,VERIFIED_BINANCE_PUBLIC_ARCHIVE_FUNDING_BASIS_CAUSAL,-4.817e-05,-0.00055231,-0.742548701988177,-0.228094783594829,BINANCE_USDM_MONTHLY_FUNDING_RATE_ARCHIVE,BINANCE_USDM_PREMIUM_INDEX_KLINES_ARCHIVE
2026-06-03 08:00:00+00:00,XRPUSD,,,0.25014527045054685,,VERIFIED_BINANCE_PUBLIC_ARCHIVE_FUNDING_BASIS_CAUSAL,-3.378e-05,-0.00047113,-0.5660373163035798,0.13594500781427124,BINANCE_USDM_MONTHLY_FUNDING_RATE_ARCHIVE,BINANCE_USDM_PREMIUM_INDEX_KLINES_ARCHIVE
2026-06-03 16:00:00.001000+00:00,BNBUSD,,,0.029277290163973277,,VERIFIED_BINANCE_PUBLIC_ARCHIVE_FUNDING_BASIS_CAUSAL,3.58e-05,0.00049311,-0.046368478233891265,-0.00838806030074018,BINANCE_USDM_MONTHLY_FUNDING_RATE_ARCHIVE,BINANCE_USDM_PREMIUM_INDEX_KLINES_ARCHIVE
2026-06-03 16:00:00.001000+00:00,BTCUSD,,,-1.0434806390310394,,VERIFIED_BINANCE_PUBLIC_ARCHIVE_FUNDING_BASIS_CAUSAL,0.0001,-0.00036022,1.4889557479643465,0.49901106144588614,BINANCE_USDM_MONTHLY_FUNDING_RATE_ARCHIVE,BINANCE_USDM_PREMIUM_INDEX_KLINES_ARCHIVE
2026-06-03 16:00:00.001000+00:00,ETHUSD,,,0.23493617617300147,,VERIFIED_BINANCE_PUBLIC_ARCHIVE_FUNDING_BASIS_CAUSAL,7.361e-05,-0.00062359,0.4026372830199603,-1.0141926262977325,BINANCE_USDM_MONTHLY_FUNDING_RATE_ARCHIVE,BINANCE_USDM_PREMIUM_INDEX_KLINES_ARCHIVE
2026-06-03 16:00:00.001000+00:00,SOLUSD,,,1.1935974862093235,,VERIFIED_BINANCE_PUBLIC_ARCHIVE_FUNDING_BASIS_CAUSAL,-4.446e-05,-0.00081299,-0.6410021944201422,-1.8689917317294342,BINANCE_USDM_MONTHLY_FUNDING_RATE_ARCHIVE,BINANCE_USDM_PREMIUM_INDEX_KLINES_ARCHIVE
2026-06-03 16:00:00.001000+00:00,XRPUSD,,,0.004414868119071658,,VERIFIED_BINANCE_PUBLIC_ARCHIVE_FUNDING_BASIS_CAUSAL,5.197e-05,-0.00067413,0.9513176090016741,-1.1725323401555388,BINANCE_USDM_MONTHLY_FUNDING_RATE_ARCHIVE,BINANCE_USDM_PREMIUM_INDEX_KLINES_ARCHIVE
2026-06-04 00:00:00.009000+00:00,BNBUSD,,,-0.42797052925634266,,VERIFIED_BINANCE_PUBLIC_ARCHIVE_FUNDING_BASIS_CAUSAL,0.0,0.00082308,-0.8230478900052899,1.956993041687227,BINANCE_USDM_MONTHLY_FUNDING_RATE_ARCHIVE,BINANCE_USDM_PREMIUM_INDEX_KLINES_ARCHIVE
2026-06-04 00:00:00.009000+00:00,BTCUSD,,,-0.008510373738962684,,VERIFIED_BINANCE_PUBLIC_ARCHIVE_FUNDING_BASIS_CAUSAL,2.705e-05,-0.00015921,-1.825994637764953,2.2506831655770823,BINANCE_USDM_MONTHLY_FUNDING_RATE_ARCHIVE,BINANCE_USDM_PREMIUM_INDEX_KLINES_ARCHIVE
2026-06-04 00:00:00.009000+00:00,ETHUSD,,,-1.2866270899956254,,VERIFIED_BINANCE_PUBLIC_ARCHIVE_FUNDING_BASIS_CAUSAL,7.651e-05,-1.995e-05,0.43922640658057405,2.3223390363917993,BINANCE_USDM_MONTHLY_FUNDING_RATE_ARCHIVE,BINANCE_USDM_PREMIUM_INDEX_KLINES_ARCHIVE
2026-06-04 00:00:00.009000+00:00,SOLUSD,,,0.3700291523062831,,VERIFIED_BINANCE_PUBLIC_ARCHIVE_FUNDING_BASIS_CAUSAL,-0.00012086,-0.00032852,-1.7074997984685574,1.2646571930031634,BINANCE_USDM_MONTHLY_FUNDING_RATE_ARCHIVE,BINANCE_USDM_PREMIUM_INDEX_KLINES_ARCHIVE
2026-06-04 00:00:00.009000+00:00,XRPUSD,,,-0.23161297189101587,,VERIFIED_BINANCE_PUBLIC_ARCHIVE_FUNDING_BASIS_CAUSAL,-4.372e-05,-0.00027805,-0.7004251828837225,1.370770716615696,BINANCE_USDM_MONTHLY_FUNDING_RATE_ARCHIVE,BINANCE_USDM_PREMIUM_INDEX_KLINES_ARCHIVE
2026-06-04 08:00:00+00:00,BNBUSD,,,0.14764964827459948,,VERIFIED_BINANCE_PUBLIC_ARCHIVE_FUNDING_BASIS_CAUSAL,5.166e-05,0.00037894,0.33299430735120705,-0.7351033718172519,BINANCE_USDM_MONTHLY_FUNDING_RATE_ARCHIVE,BINANCE_USDM_PREMIUM_INDEX_KLINES_ARCHIVE
2026-06-04 08:00:00+00:00,BTCUSD,,,2.2777981089112127,,VERIFIED_BINANCE_PUBLIC_ARCHIVE_FUNDING_BASIS_CAUSAL,1.519e-05,-0.00070286,-2.1651940567932146,-2.415425283722099,BINANCE_USDM_MONTHLY_FUNDING_RATE_ARCHIVE,BINANCE_USDM_PREMIUM_INDEX_KLINES_ARCHIVE
2026-06-04 08:00:00+00:00,ETHUSD,,,1.2143244833151419,,VERIFIED_BINANCE_PUBLIC_ARCHIVE_FUNDING_BASIS_CAUSAL,4.482e-05,-0.00075755,-0.8861607659794094,-1.615413471169926,BINANCE_USDM_MONTHLY_FUNDING_RATE_ARCHIVE,BINANCE_USDM_PREMIUM_INDEX_KLINES_ARCHIVE
2026-06-04 08:00:00+00:00,SOLUSD,,,1.5938281554408804,,VERIFIED_BINANCE_PUBLIC_ARCHIVE_FUNDING_BASIS_CAUSAL,-0.00018206,-0.00057542,-2.645020378379624,-0.3090376607379715,BINANCE_USDM_MONTHLY_FUNDING_RATE_ARCHIVE,BINANCE_USDM_PREMIUM_INDEX_KLINES_ARCHIVE
2026-06-04 08:00:00+00:00,XRPUSD,,,0.23942572267172443,,VERIFIED_BINANCE_PUBLIC_ARCHIVE_FUNDING_BASIS_CAUSAL,-1.693e-05,-0.00050372,-0.3461558477395029,-0.10897779203332845,BINANCE_USDM_MONTHLY_FUNDING_RATE_ARCHIVE,BINANCE_USDM_PREMIUM_INDEX_KLINES_ARCHIVE
2026-06-04 16:00:00.003000+00:00,BNBUSD,,,0.3490591247138309,,VERIFIED_BINANCE_PUBLIC_ARCHIVE_FUNDING_BASIS_CAUSAL,0.0,0.00055958,-0.8959086230556605,0.31931248437062765,BINANCE_USDM_MONTHLY_FUNDING_RATE_ARCHIVE,BINANCE_USDM_PREMIUM_INDEX_KLINES_ARCHIVE
2026-06-04 16:00:00.003000+00:00,BTCUSD,,,1.9999414368087298,,VERIFIED_BINANCE_PUBLIC_ARCHIVE_FUNDING_BASIS_CAUSAL,-1.077e-05,-0.00052512,-2.941682277077449,-0.848924854258073,BINANCE_USDM_MONTHLY_FUNDING_RATE_ARCHIVE,BINANCE_USDM_PREMIUM_INDEX_KLINES_ARCHIVE
2026-06-04 16:00:00.003000+00:00,ETHUSD,,,0.5899542281100173,,VERIFIED_BINANCE_PUBLIC_ARCHIVE_FUNDING_BASIS_CAUSAL,3.946e-05,-0.00041643,-1.1718969842832234,0.12130914054612363,BINANCE_USDM_MONTHLY_FUNDING_RATE_ARCHIVE,BINANCE_USDM_PREMIUM_INDEX_KLINES_ARCHIVE
2026-06-04 16:00:00.003000+00:00,SOLUSD,,,0.14350107951603747,,VERIFIED_BINANCE_PUBLIC_ARCHIVE_FUNDING_BASIS_CAUSAL,-6.287e-05,-0.00042976,-0.7243941288963398,0.5664793141709988,BINANCE_USDM_MONTHLY_FUNDING_RATE_ARCHIVE,BINANCE_USDM_PREMIUM_INDEX_KLINES_ARCHIVE
2026-06-04 16:00:00.003000+00:00,XRPUSD,,,1.5594859397280667,,VERIFIED_BINANCE_PUBLIC_ARCHIVE_FUNDING_BASIS_CAUSAL,-0.00013728,-0.00055165,-2.519356941640487,-0.38631027072399704,BINANCE_USDM_MONTHLY_FUNDING_RATE_ARCHIVE,BINANCE_USDM_PREMIUM_INDEX_KLINES_ARCHIVE
2026-06-05 00:00:00+00:00,BNBUSD,,,1.5775187153385046,,VERIFIED_BINANCE_PUBLIC_ARCHIVE_FUNDING_BASIS_CAUSAL,0.0,6.509e-05,-0.8120856304823334,-2.513048041273825,BINANCE_USDM_MONTHLY_FUNDING_RATE_ARCHIVE,BINANCE_USDM_PREMIUM_INDEX_KLINES_ARCHIVE
2026-06-05 00:00:00+00:00,BTCUSD,,,1.9721321827149283,,VERIFIED_BINANCE_PUBLIC_ARCHIVE_FUNDING_BASIS_CAUSAL,1.315e-05,-0.00074016,-1.5472429897632187,-2.4914411963225733,BINANCE_USDM_MONTHLY_FUNDING_RATE_ARCHIVE,BINANCE_USDM_PREMIUM_INDEX_KLINES_ARCHIVE
2026-06-05 00:00:00+00:00,ETHUSD,,,1.6948184722924522,,VERIFIED_BINANCE_PUBLIC_ARCHIVE_FUNDING_BASIS_CAUSAL,4.67e-05,-0.00102888,-0.7666232566698512,-2.829279291386742,BINANCE_USDM_MONTHLY_FUNDING_RATE_ARCHIVE,BINANCE_USDM_PREMIUM_INDEX_KLINES_ARCHIVE
2026-06-05 00:00:00+00:00,SOLUSD,,,1.8123887423876335,,VERIFIED_BINANCE_PUBLIC_ARCHIVE_FUNDING_BASIS_CAUSAL,-9.673e-05,-0.00097283,-1.0739197241274938,-2.714961986927804,BINANCE_USDM_MONTHLY_FUNDING_RATE_ARCHIVE,BINANCE_USDM_PREMIUM_INDEX_KLINES_ARCHIVE
2026-06-05 00:00:00+00:00,XRPUSD,,,0.9186866019948059,,VERIFIED_BINANCE_PUBLIC_ARCHIVE_FUNDING_BASIS_CAUSAL,-8.181e-05,-0.00058641,-1.201068161747335,-0.5735535845194925,BINANCE_USDM_MONTHLY_FUNDING_RATE_ARCHIVE,BINANCE_USDM_PREMIUM_INDEX_KLINES_ARCHIVE
2026-06-05 08:00:00.004000+00:00,BNBUSD,,,-0.5131549581487287,,VERIFIED_BINANCE_PUBLIC_ARCHIVE_FUNDING_BASIS_CAUSAL,0.0,0.00090599,-0.8120856304823334,2.132893455364471,BINANCE_USDM_MONTHLY_FUNDING_RATE_ARCHIVE,BINANCE_USDM_PREMIUM_INDEX_KLINES_ARCHIVE
2026-06-05 08:00:00.004000+00:00,BTCUSD,,,1.0077724976446647,,VERIFIED_BINANCE_PUBLIC_ARCHIVE_FUNDING_BASIS_CAUSAL,-1.431e-05,-0.00033477,-2.3233352064474366,0.6001374797809459,BINANCE_USDM_MONTHLY_FUNDING_RATE_ARCHIVE,BINANCE_USDM_PREMIUM_INDEX_KLINES_ARCHIVE
2026-06-05 08:00:00.004000+00:00,ETHUSD,,,2.3180967055246517,,VERIFIED_BINANCE_PUBLIC_ARCHIVE_FUNDING_BASIS_CAUSAL,-3.129e-05,-0.00057521,-3.8139838896901552,-0.4897901471001476,BINANCE_USDM_MONTHLY_FUNDING_RATE_ARCHIVE,BINANCE_USDM_PREMIUM_INDEX_KLINES_ARCHIVE
2026-06-05 08:00:00.004000+00:00,SOLUSD,,,1.827596359214706,,VERIFIED_BINANCE_PUBLIC_ARCHIVE_FUNDING_BASIS_CAUSAL,-0.00025721,-0.00063271,-2.9068114343165066,-0.5085557118680607,BINANCE_USDM_MONTHLY_FUNDING_RATE_ARCHIVE,BINANCE_USDM_PREMIUM_INDEX_KLINES_ARCHIVE
2026-06-05 08:00:00.004000+00:00,XRPUSD,,,0.49868687680448875,,VERIFIED_BINANCE_PUBLIC_ARCHIVE_FUNDING_BASIS_CAUSAL,-0.00011618,-0.00034824,-1.6555128141374145,0.915211491046865,BINANCE_USDM_MONTHLY_FUNDING_RATE_ARCHIVE,BINANCE_USDM_PREMIUM_INDEX_KLINES_ARCHIVE
2026-06-05 16:00:00.009000+00:00,BNBUSD,,,-0.07620953541820813,,VERIFIED_BINANCE_PUBLIC_ARCHIVE_FUNDING_BASIS_CAUSAL,4.098e-05,0.00050898,0.12564889469692297,0.01578365185533443,BINANCE_USDM_MONTHLY_FUNDING_RATE_ARCHIVE,BINANCE_USDM_PREMIUM_INDEX_KLINES_ARCHIVE
2026-06-05 16:00:00.009000+00:00,BTCUSD,,,2.313059959404638,,VERIFIED_BINANCE_PUBLIC_ARCHIVE_FUNDING_BASIS_CAUSAL,-8.63e-06,-0.00084367,-1.7796472662707,-2.9650088065683398,BINANCE_USDM_MONTHLY_FUNDING_RATE_ARCHIVE,BINANCE_USDM_PREMIUM_INDEX_KLINES_ARCHIVE
2026-06-05 16:00:00.009000+00:00,ETHUSD,,,3.3491441843898064,,VERIFIED_BINANCE_PUBLIC_ARCHIVE_FUNDING_BASIS_CAUSAL,-7.387e-05,-0.00104849,-4.045916324433522,-2.497533791003043,BINANCE_USDM_MONTHLY_FUNDING_RATE_ARCHIVE,BINANCE_USDM_PREMIUM_INDEX_KLINES_ARCHIVE
2026-06-05 16:00:00.009000+00:00,SOLUSD,,,2.2123488033344083,,VERIFIED_BINANCE_PUBLIC_ARCHIVE_FUNDING_BASIS_CAUSAL,-8.011e-05,-0.00133992,-0.5015824878891549,-4.303285411100829,BINANCE_USDM_MONTHLY_FUNDING_RATE_ARCHIVE,BINANCE_USDM_PREMIUM_INDEX_KLINES_ARCHIVE
2026-06-05 16:00:00.009000+00:00,XRPUSD,,,0.45608116543493193,,VERIFIED_BINANCE_PUBLIC_ARCHIVE_FUNDING_BASIS_CAUSAL,-3.183e-05,-0.00062214,-0.18264414189202968,-0.7902819719873679,BINANCE_USDM_MONTHLY_FUNDING_RATE_ARCHIVE,BINANCE_USDM_PREMIUM_INDEX_KLINES_ARCHIVE
2026-06-06 00:00:00+00:00,BNBUSD,,,-0.9462406078934571,,VERIFIED_BINANCE_PUBLIC_ARCHIVE_FUNDING_BASIS_CAUSAL,6.864e-05,0.00075653,0.7438607041635031,1.1935938235634005,BINANCE_USDM_MONTHLY_FUNDING_RATE_ARCHIVE,BINANCE_USDM_PREMIUM_INDEX_KLINES_ARCHIVE
2026-06-06 00:00:00+00:00,BTCUSD,,,0.6193393802547926,,VERIFIED_BINANCE_PUBLIC_ARCHIVE_FUNDING_BASIS_CAUSAL,-1.234e-05,-0.00032396,-1.702768391491188,0.7048516334785797,BINANCE_USDM_MONTHLY_FUNDING_RATE_ARCHIVE,BINANCE_USDM_PREMIUM_INDEX_KLINES_ARCHIVE
2026-06-06 00:00:00+00:00,ETHUSD,,,1.0510306808694128,,VERIFIED_BINANCE_PUBLIC_ARCHIVE_FUNDING_BASIS_CAUSAL,-7.917e-05,-0.00014005,-2.9863009541196437,1.3142996531030922,BINANCE_USDM_MONTHLY_FUNDING_RATE_ARCHIVE,BINANCE_USDM_PREMIUM_INDEX_KLINES_ARCHIVE
2026-06-06 00:00:00+00:00,SOLUSD,,,-0.0502324728467316,,VERIFIED_BINANCE_PUBLIC_ARCHIVE_FUNDING_BASIS_CAUSAL,-7.32e-05,-0.00043323,-0.36077243660076136,0.5525718066158897,BINANCE_USDM_MONTHLY_FUNDING_RATE_ARCHIVE,BINANCE_USDM_PREMIUM_INDEX_KLINES_ARCHIVE
2026-06-06 00:00:00+00:00,XRPUSD,,,1.134336899078113,,VERIFIED_BINANCE_PUBLIC_ARCHIVE_FUNDING_BASIS_CAUSAL,-1.589e-05,-0.00091755,0.10392966610018789,-2.647773812073814,BINANCE_USDM_MONTHLY_FUNDING_RATE_ARCHIVE,BINANCE_USDM_PREMIUM_INDEX_KLINES_ARCHIVE
2026-06-06 08:00:00+00:00,BNBUSD,,,0.32752703332407396,,VERIFIED_BINANCE_PUBLIC_ARCHIVE_FUNDING_BASIS_CAUSAL,0.0,0.00057348,-0.8017199270510721,0.2520420590089239,BINANCE_USDM_MONTHLY_FUNDING_RATE_ARCHIVE,BINANCE_USDM_PREMIUM_INDEX_KLINES_ARCHIVE
2026-06-06 08:00:00+00:00,BTCUSD,,,0.6495508073517631,,VERIFIED_BINANCE_PUBLIC_ARCHIVE_FUNDING_BASIS_CAUSAL,2.675e-05,-0.0005716,-0.4823307824251155,-0.8539308378176657,BINANCE_USDM_MONTHLY_FUNDING_RATE_ARCHIVE,BINANCE_USDM_PREMIUM_INDEX_KLINES_ARCHIVE
2026-06-06 08:00:00+00:00,ETHUSD,,,0.6954104497301882,,VERIFIED_BINANCE_PUBLIC_ARCHIVE_FUNDING_BASIS_CAUSAL,-3.161e-05,-0.000404,-1.462290262922703,0.24188709972733022,BINANCE_USDM_MONTHLY_FUNDING_RATE_ARCHIVE,BINANCE_USDM_PREMIUM_INDEX_KLINES_ARCHIVE
2026-06-06 08:00:00+00:00,SOLUSD,,,0.4221653635362216,,VERIFIED_BINANCE_PUBLIC_ARCHIVE_FUNDING_BASIS_CAUSAL,-0.00018542,-0.00033878,-1.5182879893882364,0.9175400680606857,BINANCE_USDM_MONTHLY_FUNDING_RATE_ARCHIVE,BINANCE_USDM_PREMIUM_INDEX_KLINES_ARCHIVE
2026-06-06 08:00:00+00:00,XRPUSD,,,-0.3653691325578056,,VERIFIED_BINANCE_PUBLIC_ARCHIVE_FUNDING_BASIS_CAUSAL,-5.612e-05,-0.00024632,-0.4916468721457506,1.4128331383065964,BINANCE_USDM_MONTHLY_FUNDING_RATE_ARCHIVE,BINANCE_USDM_PREMIUM_INDEX_KLINES_ARCHIVE
2026-06-06 16:00:00+00:00,BNBUSD,,,0.9194931380241149,,VERIFIED_BINANCE_PUBLIC_ARCHIVE_FUNDING_BASIS_CAUSAL,0.0,0.00028422,-0.7403657440523361,-1.1384266195451775,BINANCE_USDM_MONTHLY_FUNDING_RATE_ARCHIVE,BINANCE_USDM_PREMIUM_INDEX_KLINES_ARCHIVE
2026-06-06 16:00:00+00:00,BTCUSD,,,0.581839086095689,,VERIFIED_BINANCE_PUBLIC_ARCHIVE_FUNDING_BASIS_CAUSAL,-5.11e-06,-0.00039511,-1.275861680948988,0.2664107520583431,BINANCE_USDM_MONTHLY_FUNDING_RATE_ARCHIVE,BINANCE_USDM_PREMIUM_INDEX_KLINES_ARCHIVE
2026-06-06 16:00:00+00:00,ETHUSD,,,0.8566587372942402,,VERIFIED_BINANCE_PUBLIC_ARCHIVE_FUNDING_BASIS_CAUSAL,-3.461e-05,-0.0005293,-1.3666617713055373,-0.2333216957248768,BINANCE_USDM_MONTHLY_FUNDING_RATE_ARCHIVE,BINANCE_USDM_PREMIUM_INDEX_KLINES_ARCHIVE
2026-06-06 16:00:00+00:00,SOLUSD,,,0.19588110598811287,,VERIFIED_BINANCE_PUBLIC_ARCHIVE_FUNDING_BASIS_CAUSAL,-0.00016398,-0.00032443,-1.1311929984172027,0.9472778736474413,BINANCE_USDM_MONTHLY_FUNDING_RATE_ARCHIVE,BINANCE_USDM_PREMIUM_INDEX_KLINES_ARCHIVE
2026-06-06 16:00:00+00:00,XRPUSD,,,-0.014513583486615994,,VERIFIED_BINANCE_PUBLIC_ARCHIVE_FUNDING_BASIS_CAUSAL,-4.32e-05,-0.00043042,-0.23262440032207796,0.3165711192527975,BINANCE_USDM_MONTHLY_FUNDING_RATE_ARCHIVE,BINANCE_USDM_PREMIUM_INDEX_KLINES_ARCHIVE
2026-06-07 00:00:00.001000+00:00,BNBUSD,,,0.9989133912652817,,VERIFIED_BINANCE_PUBLIC_ARCHIVE_FUNDING_BASIS_CAUSAL,0.0,0.0002343,-0.7403657440523361,-1.314916071192215,BINANCE_USDM_MONTHLY_FUNDING_RATE_ARCHIVE,BINANCE_USDM_PREMIUM_INDEX_KLINES_ARCHIVE
2026-06-07 00:00:00.001000+00:00,BTCUSD,,,1.1564069508087464,,VERIFIED_BINANCE_PUBLIC_ARCHIVE_FUNDING_BASIS_CAUSAL,-2.828e-05,-0.00051131,-1.7518822466934227,-0.4286038113941421,BINANCE_USDM_MONTHLY_FUNDING_RATE_ARCHIVE,BINANCE_USDM_PREMIUM_INDEX_KLINES_ARCHIVE
2026-06-07 00:00:00.001000+00:00,ETHUSD,,,1.4418910892581123,,VERIFIED_BINANCE_PUBLIC_ARCHIVE_FUNDING_BASIS_CAUSAL,-6.624e-05,-0.00074576,-1.7826227283483835,-1.0254413081477805,BINANCE_USDM_MONTHLY_FUNDING_RATE_ARCHIVE,BINANCE_USDM_PREMIUM_INDEX_KLINES_ARCHIVE
2026-06-07 00:00:00.001000+00:00,SOLUSD,,,-0.02641497238020908,,VERIFIED_BINANCE_PUBLIC_ARCHIVE_FUNDING_BASIS_CAUSAL,-7.23e-05,-0.00051359,-0.07045120558633546,0.14480696767265241,BINANCE_USDM_MONTHLY_FUNDING_RATE_ARCHIVE,BINANCE_USDM_PREMIUM_INDEX_KLINES_ARCHIVE
2026-06-07 00:00:00.001000+00:00,XRPUSD,,,1.016092138137379,,VERIFIED_BINANCE_PUBLIC_ARCHIVE_FUNDING_BASIS_CAUSAL,-9.526e-05,-0.00067306,-1.0353892506717273,-0.9925067783731756,BINANCE_USDM_MONTHLY_FUNDING_RATE_ARCHIVE,BINANCE_USDM_PREMIUM_INDEX_KLINES_ARCHIVE
2026-06-07 08:00:00+00:00,BNBUSD,,,0.5860359255420858,,VERIFIED_BINANCE_PUBLIC_ARCHIVE_FUNDING_BASIS_CAUSAL,0.0,0.00041588,-0.7403657440523361,-0.3974105918073353,BINANCE_USDM_MONTHLY_FUNDING_RATE_ARCHIVE,BINANCE_USDM_PREMIUM_INDEX_KLINES_ARCHIVE
2026-06-07 08:00:00+00:00,BTCUSD,,,0.46415135597690876,,VERIFIED_BINANCE_PUBLIC_ARCHIVE_FUNDING_BASIS_CAUSAL,4.07e-06,-0.00046236,-0.7713995700287373,-0.08862576102467383,BINANCE_USDM_MONTHLY_FUNDING_RATE_ARCHIVE,BINANCE_USDM_PREMIUM_INDEX_KLINES_ARCHIVE
2026-06-07 08:00:00+00:00,ETHUSD,,,1.2938390938464652,,VERIFIED_BINANCE_PUBLIC_ARCHIVE_FUNDING_BASIS_CAUSAL,-0.00010189,-0.00054949,-2.150785512488877,-0.2464601377279618,BINANCE_USDM_MONTHLY_FUNDING_RATE_ARCHIVE,BINANCE_USDM_PREMIUM_INDEX_KLINES_ARCHIVE
2026-06-07 08:00:00+00:00,SOLUSD,,,1.1141387874314168,,VERIFIED_BINANCE_PUBLIC_ARCHIVE_FUNDING_BASIS_CAUSAL,-0.00023704,-0.00061569,-1.780852936484322,-0.2992659385889771,BINANCE_USDM_MONTHLY_FUNDING_RATE_ARCHIVE,BINANCE_USDM_PREMIUM_INDEX_KLINES_ARCHIVE
2026-06-07 08:00:00+00:00,XRPUSD,,,1.663995968129837,,VERIFIED_BINANCE_PUBLIC_ARCHIVE_FUNDING_BASIS_CAUSAL,-0.000159,-0.00073976,-1.9420911708172903,-1.3241018315118385,BINANCE_USDM_MONTHLY_FUNDING_RATE_ARCHIVE,BINANCE_USDM_PREMIUM_INDEX_KLINES_ARCHIVE
2026-06-07 16:00:00+00:00,BNBUSD,,,1.1743618332438521,,VERIFIED_BINANCE_PUBLIC_ARCHIVE_FUNDING_BASIS_CAUSAL,0.0,0.00016061,-0.7379551204211618,-1.7077478155826955,BINANCE_USDM_MONTHLY_FUNDING_RATE_ARCHIVE,BINANCE_USDM_PREMIUM_INDEX_KLINES_ARCHIVE
2026-06-07 16:00:00+00:00,BTCUSD,,,0.3030139581693983,,VERIFIED_BINANCE_PUBLIC_ARCHIVE_FUNDING_BASIS_CAUSAL,2.742e-05,-0.0005234,-0.15003935117558279,-0.4899829222729506,BINANCE_USDM_MONTHLY_FUNDING_RATE_ARCHIVE,BINANCE_USDM_PREMIUM_INDEX_KLINES_ARCHIVE
2026-06-07 16:00:00+00:00,ETHUSD,,,0.6778161142481877,,VERIFIED_BINANCE_PUBLIC_ARCHIVE_FUNDING_BASIS_CAUSAL,4.72e-06,-0.00079291,-0.2655656653579848,-1.18167777400288,BINANCE_USDM_MONTHLY_FUNDING_RATE_ARCHIVE,BINANCE_USDM_PREMIUM_INDEX_KLINES_ARCHIVE
2026-06-07 16:00:00+00:00,SOLUSD,,,2.608988199571057,,VERIFIED_BINANCE_PUBLIC_ARCHIVE_FUNDING_BASIS_CAUSAL,-0.00038757,-0.00100633,-3.118923474353872,-1.9857339748365055,BINANCE_USDM_MONTHLY_FUNDING_RATE_ARCHIVE,BINANCE_USDM_PREMIUM_INDEX_KLINES_ARCHIVE
2026-06-07 16:00:00+00:00,XRPUSD,,,0.9367315160654192,,VERIFIED_BINANCE_PUBLIC_ARCHIVE_FUNDING_BASIS_CAUSAL,-8.572e-05,-0.00074592,-0.6362878934225366,-1.3039403881844978,BINANCE_USDM_MONTHLY_FUNDING_RATE_ARCHIVE,BINANCE_USDM_PREMIUM_INDEX_KLINES_ARCHIVE
2026-06-08 00:00:00+00:00,BNBUSD,,,0.4644829481406354,,VERIFIED_BINANCE_PUBLIC_ARCHIVE_FUNDING_BASIS_CAUSAL,0.0,0.00047683,-0.7379551204211618,-0.13023918201999196,BINANCE_USDM_MONTHLY_FUNDING_RATE_ARCHIVE,BINANCE_USDM_PREMIUM_INDEX_KLINES_ARCHIVE
2026-06-08 00:00:00+00:00,BTCUSD,,,0.4249178858981429,,VERIFIED_BINANCE_PUBLIC_ARCHIVE_FUNDING_BASIS_CAUSAL,3.533e-05,-0.00061046,0.07229933904794349,-1.0326278274989151,BINANCE_USDM_MONTHLY_FUNDING_RATE_ARCHIVE,BINANCE_USDM_PREMIUM_INDEX_KLINES_ARCHIVE
2026-06-08 00:00:00+00:00,ETHUSD,,,1.6034234746773663,,VERIFIED_BINANCE_PUBLIC_ARCHIVE_FUNDING_BASIS_CAUSAL,-8.235e-05,-0.00094588,-1.529519697865362,-1.6937503130031493,BINANCE_USDM_MONTHLY_FUNDING_RATE_ARCHIVE,BINANCE_USDM_PREMIUM_INDEX_KLINES_ARCHIVE
2026-06-08 00:00:00+00:00,SOLUSD,,,1.171557076058,,VERIFIED_BINANCE_PUBLIC_ARCHIVE_FUNDING_BASIS_CAUSAL,-0.00025513,-0.00080714,-1.3149483006546208,-0.9963011348843526,BINANCE_USDM_MONTHLY_FUNDING_RATE_ARCHIVE,BINANCE_USDM_PREMIUM_INDEX_KLINES_ARCHIVE
2026-06-08 00:00:00+00:00,XRPUSD,,,0.6688362841518538,,VERIFIED_BINANCE_PUBLIC_ARCHIVE_FUNDING_BASIS_CAUSAL,-6.122e-05,-0.00074223,-0.19960376620133988,-1.2423426949802596,BINANCE_USDM_MONTHLY_FUNDING_RATE_ARCHIVE,BINANCE_USDM_PREMIUM_INDEX_KLINES_ARCHIVE
2026-06-08 08:00:00.005000+00:00,BNBUSD,,,0.9766323722077903,,VERIFIED_BINANCE_PUBLIC_ARCHIVE_FUNDING_BASIS_CAUSAL,0.0,0.00022148,-0.6643835094323579,-1.358269871155541,BINANCE_USDM_MONTHLY_FUNDING_RATE_ARCHIVE,BINANCE_USDM_PREMIUM_INDEX_KLINES_ARCHIVE
2026-06-08 08:00:00.005000+00:00,BTCUSD,,,0.17772615857053328,,VERIFIED_BINANCE_PUBLIC_ARCHIVE_FUNDING_BASIS_CAUSAL,3.454e-05,-0.00053276,0.06440029395188808,-0.47365848943127054,BINANCE_USDM_MONTHLY_FUNDING_RATE_ARCHIVE,BINANCE_USDM_PREMIUM_INDEX_KLINES_ARCHIVE
2026-06-08 08:00:00.005000+00:00,ETHUSD,,,1.0834350393683074,,VERIFIED_BINANCE_PUBLIC_ARCHIVE_FUNDING_BASIS_CAUSAL,-6.599e-05,-0.00079738,-1.1279160248175681,-1.0290693904858776,BINANCE_USDM_MONTHLY_FUNDING_RATE_ARCHIVE,BINANCE_USDM_PREMIUM_INDEX_KLINES_ARCHIVE
2026-06-08 08:00:00.005000+00:00,SOLUSD,,,1.0257293617303844,,VERIFIED_BINANCE_PUBLIC_ARCHIVE_FUNDING_BASIS_CAUSAL,-0.00022946,-0.00084905,-0.9618539294200013,-1.1037993345541859,BINANCE_USDM_MONTHLY_FUNDING_RATE_ARCHIVE,BINANCE_USDM_PREMIUM_INDEX_KLINES_ARCHIVE
2026-06-08 08:00:00.005000+00:00,XRPUSD,,,-0.08358583434459593,,VERIFIED_BINANCE_PUBLIC_ARCHIVE_FUNDING_BASIS_CAUSAL,-1.982e-05,-0.00062419,0.6210766587065436,-0.5733473954311179,BINANCE_USDM_MONTHLY_FUNDING_RATE_ARCHIVE,BINANCE_USDM_PREMIUM_INDEX_KLINES_ARCHIVE
2026-06-08 16:00:00.004000+00:00,BNBUSD,,,0.9461014054481347,,VERIFIED_BINANCE_PUBLIC_ARCHIVE_FUNDING_BASIS_CAUSAL,0.0,0.00023026,-0.6643835094323579,-1.2904232783563063,BINANCE_USDM_MONTHLY_FUNDING_RATE_ARCHIVE,BINANCE_USDM_PREMIUM_INDEX_KLINES_ARCHIVE
2026-06-08 16:00:00.004000+00:00,BTCUSD,,,0.751230763943654,,VERIFIED_BINANCE_PUBLIC_ARCHIVE_FUNDING_BASIS_CAUSAL,1.22e-06,-0.00058596,-0.705715865563642,-0.8068600841858906,BINANCE_USDM_MONTHLY_FUNDING_RATE_ARCHIVE,BINANCE_USDM_PREMIUM_INDEX_KLINES_ARCHIVE
2026-06-08 16:00:00.004000+00:00,ETHUSD,,,0.800459743482421,,VERIFIED_BINANCE_PUBLIC_ARCHIVE_FUNDING_BASIS_CAUSAL,-4.515e-05,-0.00077505,-0.7216252389459011,-0.8968130268048341,BINANCE_USDM_MONTHLY_FUNDING_RATE_ARCHIVE,BINANCE_USDM_PREMIUM_INDEX_KLINES_ARCHIVE
2026-06-08 16:00:00.004000+00:00,SOLUSD,,,-0.0590627963969248,,VERIFIED_BINANCE_PUBLIC_ARCHIVE_FUNDING_BASIS_CAUSAL,-1.174e-05,-0.00087256,1.0474668003353713,-1.1489865417500655,BINANCE_USDM_MONTHLY_FUNDING_RATE_ARCHIVE,BINANCE_USDM_PREMIUM_INDEX_KLINES_ARCHIVE
2026-06-08 16:00:00.004000+00:00,XRPUSD,,,-0.0614085953022816,,VERIFIED_BINANCE_PUBLIC_ARCHIVE_FUNDING_BASIS_CAUSAL,-3.083e-05,-0.00059102,0.40711187059417114,-0.36111763005447234,BINANCE_USDM_MONTHLY_FUNDING_RATE_ARCHIVE,BINANCE_USDM_PREMIUM_INDEX_KLINES_ARCHIVE
2026-06-09 00:00:00+00:00,BNBUSD,,,0.6049059773140956,,VERIFIED_BINANCE_PUBLIC_ARCHIVE_FUNDING_BASIS_CAUSAL,0.0,0.00037467,-0.6643835094323579,-0.5322112158362193,BINANCE_USDM_MONTHLY_FUNDING_RATE_ARCHIVE,BINANCE_USDM_PREMIUM_INDEX_KLINES_ARCHIVE
2026-06-09 00:00:00+00:00,BTCUSD,,,0.1844862862259245,,VERIFIED_BINANCE_PUBLIC_ARCHIVE_FUNDING_BASIS_CAUSAL,-1.565e-05,-0.00031426,-1.1123884086395033,0.9496163078351163,BINANCE_USDM_MONTHLY_FUNDING_RATE_ARCHIVE,BINANCE_USDM_PREMIUM_INDEX_KLINES_ARCHIVE
2026-06-09 00:00:00+00:00,ETHUSD,,,0.14783676795929002,,VERIFIED_BINANCE_PUBLIC_ARCHIVE_FUNDING_BASIS_CAUSAL,-4.506e-05,-0.00039439,-0.6429855205481774,0.4573450407604613,BINANCE_USDM_MONTHLY_FUNDING_RATE_ARCHIVE,BINANCE_USDM_PREMIUM_INDEX_KLINES_ARCHIVE
2026-06-09 00:00:00+00:00,SOLUSD,,,-0.7298365417072915,,VERIFIED_BINANCE_PUBLIC_ARCHIVE_FUNDING_BASIS_CAUSAL,-6.393e-05,-0.00038993,0.695492144451494,0.7718130272421551,BINANCE_USDM_MONTHLY_FUNDING_RATE_ARCHIVE,BINANCE_USDM_PREMIUM_INDEX_KLINES_ARCHIVE
2026-06-09 00:00:00+00:00,XRPUSD,,,-0.8730588690455428,,VERIFIED_BINANCE_PUBLIC_ARCHIVE_FUNDING_BASIS_CAUSAL,-6.45e-05,-0.00011673,-0.11344998998332106,2.0787919189697095,BINANCE_USDM_MONTHLY_FUNDING_RATE_ARCHIVE,BINANCE_USDM_PREMIUM_INDEX_KLINES_ARCHIVE
2026-06-09 08:00:00+00:00,BNBUSD,,,1.0304813315979133,,VERIFIED_BINANCE_PUBLIC_ARCHIVE_FUNDING_BASIS_CAUSAL,0.0,0.00015822,-0.6062703712292687,-1.548961394270701,BINANCE_USDM_MONTHLY_FUNDING_RATE_ARCHIVE,BINANCE_USDM_PREMIUM_INDEX_KLINES_ARCHIVE
2026-06-09 08:00:00+00:00,BTCUSD,,,0.3177714397903908,,VERIFIED_BINANCE_PUBLIC_ARCHIVE_FUNDING_BASIS_CAUSAL,3.041e-05,-0.0006308,0.2994046914218089,-1.0720978223830793,BINANCE_USDM_MONTHLY_FUNDING_RATE_ARCHIVE,BINANCE_USDM_PREMIUM_INDEX_KLINES_ARCHIVE
2026-06-09 08:00:00+00:00,ETHUSD,,,-0.00024223376328844082,,VERIFIED_BINANCE_PUBLIC_ARCHIVE_FUNDING_BASIS_CAUSAL,3.6e-07,-0.0005803,0.16314992179661908,-0.19886716272189348,BINANCE_USDM_MONTHLY_FUNDING_RATE_ARCHIVE,BINANCE_USDM_PREMIUM_INDEX_KLINES_ARCHIVE
2026-06-09 08:00:00+00:00,SOLUSD,,,-0.6097959332073846,,VERIFIED_BINANCE_PUBLIC_ARCHIVE_FUNDING_BASIS_CAUSAL,-2.354e-05,-0.0006114,1.1925334434686952,-0.10243880155643953,BINANCE_USDM_MONTHLY_FUNDING_RATE_ARCHIVE,BINANCE_USDM_PREMIUM_INDEX_KLINES_ARCHIVE
2026-06-09 08:00:00+00:00,XRPUSD,,,-0.8145418780405538,,VERIFIED_BINANCE_PUBLIC_ARCHIVE_FUNDING_BASIS_CAUSAL,1.759e-05,-0.00050537,1.481971586917235,-0.0012055439198344134,BINANCE_USDM_MONTHLY_FUNDING_RATE_ARCHIVE,BINANCE_USDM_PREMIUM_INDEX_KLINES_ARCHIVE
2026-06-09 16:00:00.001000+00:00,BNBUSD,,,0.4278049505711681,,VERIFIED_BINANCE_PUBLIC_ARCHIVE_FUNDING_BASIS_CAUSAL,0.0,0.00041755,-0.6086862297730352,-0.2067278315466638,BINANCE_USDM_MONTHLY_FUNDING_RATE_ARCHIVE,BINANCE_USDM_PREMIUM_INDEX_KLINES_ARCHIVE
2026-06-09 16:00:00.001000+00:00,BTCUSD,,,-0.3085484021687644,,VERIFIED_BINANCE_PUBLIC_ARCHIVE_FUNDING_BASIS_CAUSAL,6.06e-06,-0.00028118,-0.3471938203997917,1.110011118641444,BINANCE_USDM_MONTHLY_FUNDING_RATE_ARCHIVE,BINANCE_USDM_PREMIUM_INDEX_KLINES_ARCHIVE
2026-06-09 16:00:00.001000+00:00,ETHUSD,,,0.34476530031339786,,VERIFIED_BINANCE_PUBLIC_ARCHIVE_FUNDING_BASIS_CAUSAL,-5.182e-05,-0.00051686,-0.6512485069173869,0.029825285535922143,BINANCE_USDM_MONTHLY_FUNDING_RATE_ARCHIVE,BINANCE_USDM_PREMIUM_INDEX_KLINES_ARCHIVE
2026-06-09 16:00:00.001000+00:00,SOLUSD,,,-0.5148193317967877,,VERIFIED_BINANCE_PUBLIC_ARCHIVE_FUNDING_BASIS_CAUSAL,-9.828e-05,-0.00042032,0.41617534720688854,0.635384201851109,BINANCE_USDM_MONTHLY_FUNDING_RATE_ARCHIVE,BINANCE_USDM_PREMIUM_INDEX_KLINES_ARCHIVE
2026-06-09 16:00:00.001000+00:00,XRPUSD,,,0.1151053344526752,,VERIFIED_BINANCE_PUBLIC_ARCHIVE_FUNDING_BASIS_CAUSAL,-8.077e-05,-0.00046094,-0.39423542753505164,0.22605366820356268,BINANCE_USDM_MONTHLY_FUNDING_RATE_ARCHIVE,BINANCE_USDM_PREMIUM_INDEX_KLINES_ARCHIVE
2026-06-10 00:00:00.001000+00:00,BNBUSD,,,-0.35267754246339056,,VERIFIED_BINANCE_PUBLIC_ARCHIVE_FUNDING_BASIS_CAUSAL,8.6e-06,0.00066623,-0.1809412037178908,1.004878232240512,BINANCE_USDM_MONTHLY_FUNDING_RATE_ARCHIVE,BINANCE_USDM_PREMIUM_INDEX_KLINES_ARCHIVE
2026-06-10 00:00:00.001000+00:00,BTCUSD,,,0.5028678446341085,,VERIFIED_BINANCE_PUBLIC_ARCHIVE_FUNDING_BASIS_CAUSAL,3.65e-06,-0.0005709,-0.348473895648142,-0.6915715600614007,BINANCE_USDM_MONTHLY_FUNDING_RATE_ARCHIVE,BINANCE_USDM_PREMIUM_INDEX_KLINES_ARCHIVE
2026-06-10 00:00:00.001000+00:00,ETHUSD,,,0.34282230358086097,,VERIFIED_BINANCE_PUBLIC_ARCHIVE_FUNDING_BASIS_CAUSAL,-4.089e-05,-0.00060506,-0.4092891329008194,-0.2615850677453562,BINANCE_USDM_MONTHLY_FUNDING_RATE_ARCHIVE,BINANCE_USDM_PREMIUM_INDEX_KLINES_ARCHIVE
2026-06-10 00:00:00.001000+00:00,SOLUSD,,,-0.7784609278612875,,VERIFIED_BINANCE_PUBLIC_ARCHIVE_FUNDING_BASIS_CAUSAL,1.79e-05,-0.00063166,1.5445489135578279,-0.1578688324344841,BINANCE_USDM_MONTHLY_FUNDING_RATE_ARCHIVE,BINANCE_USDM_PREMIUM_INDEX_KLINES_ARCHIVE
2026-06-10 00:00:00.001000+00:00,XRPUSD,,,-0.16420006729696907,,VERIFIED_BINANCE_PUBLIC_ARCHIVE_FUNDING_BASIS_CAUSAL,-6.35e-06,-0.00067512,0.9704598180911977,-0.8212285170070883,BINANCE_USDM_MONTHLY_FUNDING_RATE_ARCHIVE,BINANCE_USDM_PREMIUM_INDEX_KLINES_ARCHIVE
2026-06-10 08:00:00.011000+00:00,BNBUSD,,,0.6170450295835035,,VERIFIED_BINANCE_PUBLIC_ARCHIVE_FUNDING_BASIS_CAUSAL,0.0,0.00030002,-0.49204074285050514,-0.7698280467016126,BINANCE_USDM_MONTHLY_FUNDING_RATE_ARCHIVE,BINANCE_USDM_PREMIUM_INDEX_KLINES_ARCHIVE
2026-06-10 08:00:00.011000+00:00,BTCUSD,,,1.34247991557526,,VERIFIED_BINANCE_PUBLIC_ARCHIVE_FUNDING_BASIS_CAUSAL,-3.385e-05,-0.00062825,-1.6127173587422423,-1.012189707260059,BINANCE_USDM_MONTHLY_FUNDING_RATE_ARCHIVE,BINANCE_USDM_PREMIUM_INDEX_KLINES_ARCHIVE
2026-06-10 08:00:00.011000+00:00,ETHUSD,,,0.3037397122876129,,VERIFIED_BINANCE_PUBLIC_ARCHIVE_FUNDING_BASIS_CAUSAL,-4.578e-05,-0.00058236,-0.4179320133355768,-0.1641713443401014,BINANCE_USDM_MONTHLY_FUNDING_RATE_ARCHIVE,BINANCE_USDM_PREMIUM_INDEX_KLINES_ARCHIVE
2026-06-10 08:00:00.011000+00:00,SOLUSD,,,-0.3550551644402957,,VERIFIED_BINANCE_PUBLIC_ARCHIVE_FUNDING_BASIS_CAUSAL,-8.438e-05,-0.00053301,0.457088121451321,0.23034821698237584,BINANCE_USDM_MONTHLY_FUNDING_RATE_ARCHIVE,BINANCE_USDM_PREMIUM_INDEX_KLINES_ARCHIVE
2026-06-10 08:00:00.011000+00:00,XRPUSD,,,-0.338617603975597,,VERIFIED_BINANCE_PUBLIC_ARCHIVE_FUNDING_BASIS_CAUSAL,1.337e-05,-0.00068836,1.3094120260906876,-0.8479089119428472,BINANCE_USDM_MONTHLY_FUNDING_RATE_ARCHIVE,BINANCE_USDM_PREMIUM_INDEX_KLINES_ARCHIVE
2026-06-10 16:00:00.009000+00:00,BNBUSD,,,1.132014195526207,,VERIFIED_BINANCE_PUBLIC_ARCHIVE_FUNDING_BASIS_CAUSAL,0.0,4.008e-05,-0.42219193897976176,-1.999574731305196,BINANCE_USDM_MONTHLY_FUNDING_RATE_ARCHIVE,BINANCE_USDM_PREMIUM_INDEX_KLINES_ARCHIVE
2026-06-10 16:00:00.009000+00:00,BTCUSD,,,0.4992343513706299,,VERIFIED_BINANCE_PUBLIC_ARCHIVE_FUNDING_BASIS_CAUSAL,2.542e-05,-0.00086005,0.9843678355682132,-2.3125259131847717,BINANCE_USDM_MONTHLY_FUNDING_RATE_ARCHIVE,BINANCE_USDM_PREMIUM_INDEX_KLINES_ARCHIVE
2026-06-10 16:00:00.009000+00:00,ETHUSD,,,0.4806747412719048,,VERIFIED_BINANCE_PUBLIC_ARCHIVE_FUNDING_BASIS_CAUSAL,-3.121e-05,-0.00083528,-0.04173746224445071,-1.0171536378610153,BINANCE_USDM_MONTHLY_FUNDING_RATE_ARCHIVE,BINANCE_USDM_PREMIUM_INDEX_KLINES_ARCHIVE
2026-06-10 16:00:00.009000+00:00,SOLUSD,,,-0.008538629595466585,,VERIFIED_BINANCE_PUBLIC_ARCHIVE_FUNDING_BASIS_CAUSAL,-1.777e-05,-0.00095191,1.1395094059356683,-1.3737589859314467,BINANCE_USDM_MONTHLY_FUNDING_RATE_ARCHIVE,BINANCE_USDM_PREMIUM_INDEX_KLINES_ARCHIVE
2026-06-10 16:00:00.009000+00:00,XRPUSD,,,0.7137176021982261,,VERIFIED_BINANCE_PUBLIC_ARCHIVE_FUNDING_BASIS_CAUSAL,-1.702e-05,-0.00105447,0.8117027574725422,-2.5781202640180543,BINANCE_USDM_MONTHLY_FUNDING_RATE_ARCHIVE,BINANCE_USDM_PREMIUM_INDEX_KLINES_ARCHIVE
2026-06-11 00:00:00+00:00,BNBUSD,,,-0.005018239095589627,,VERIFIED_BINANCE_PUBLIC_ARCHIVE_FUNDING_BASIS_CAUSAL,0.0,0.00056552,-0.42219193897976176,0.527164012298797,BINANCE_USDM_MONTHLY_FUNDING_RATE_ARCHIVE,BINANCE_USDM_PREMIUM_INDEX_KLINES_ARCHIVE
2026-06-11 00:00:00+00:00,BTCUSD,,,-0.3311294844521068,,VERIFIED_BINANCE_PUBLIC_ARCHIVE_FUNDING_BASIS_CAUSAL,-8.11e-06,-0.00020126,-0.6146116141320853,1.487035271610564,BINANCE_USDM_MONTHLY_FUNDING_RATE_ARCHIVE,BINANCE_USDM_PREMIUM_INDEX_KLINES_ARCHIVE
2026-06-11 00:00:00+00:00,ETHUSD,,,-0.4252176759484062,,VERIFIED_BINANCE_PUBLIC_ARCHIVE_FUNDING_BASIS_CAUSAL,-3.684e-05,-0.00025528,-0.05412384645598619,1.0110795366648857,BINANCE_USDM_MONTHLY_FUNDING_RATE_ARCHIVE,BINANCE_USDM_PREMIUM_INDEX_KLINES_ARCHIVE
2026-06-11 00:00:00+00:00,SOLUSD,,,-0.7857665888435106,,VERIFIED_BINANCE_PUBLIC_ARCHIVE_FUNDING_BASIS_CAUSAL,-8.243e-05,-0.00028395,0.4375177142948302,1.2114041021807864,BINANCE_USDM_MONTHLY_FUNDING_RATE_ARCHIVE,BINANCE_USDM_PREMIUM_INDEX_KLINES_ARCHIVE
2026-06-11 00:00:00+00:00,XRPUSD,,,0.006540281789889246,,VERIFIED_BINANCE_PUBLIC_ARCHIVE_FUNDING_BASIS_CAUSAL,-7.816e-05,-0.00039687,-0.4894455621794618,0.5836772831306994,BINANCE_USDM_MONTHLY_FUNDING_RATE_ARCHIVE,BINANCE_USDM_PREMIUM_INDEX_KLINES_ARCHIVE
2026-06-11 08:00:00.004000+00:00,BNBUSD,,,-0.16033386527989182,,VERIFIED_BINANCE_PUBLIC_ARCHIVE_FUNDING_BASIS_CAUSAL,0.0,0.00062228,-0.3393137907796351,0.7710143337970914,BINANCE_USDM_MONTHLY_FUNDING_RATE_ARCHIVE,BINANCE_USDM_PREMIUM_INDEX_KLINES_ARCHIVE
2026-06-11 08:00:00.004000+00:00,BTCUSD,,,-0.8442636621037789,,VERIFIED_BINANCE_PUBLIC_ARCHIVE_FUNDING_BASIS_CAUSAL,2.525e-05,-0.00035566,1.0383938339348322,0.6069934520880469,BINANCE_USDM_MONTHLY_FUNDING_RATE_ARCHIVE,BINANCE_USDM_PREMIUM_INDEX_KLINES_ARCHIVE
2026-06-11 08:00:00.004000+00:00,ETHUSD,,,-0.9251037541529049,,VERIFIED_BINANCE_PUBLIC_ARCHIVE_FUNDING_BASIS_CAUSAL,7.54e-06,-0.00037373,1.2117357530206774,0.5747757555367385,BINANCE_USDM_MONTHLY_FUNDING_RATE_ARCHIVE,BINANCE_USDM_PREMIUM_INDEX_KLINES_ARCHIVE
2026-06-11 08:00:00.004000+00:00,SOLUSD,,,-1.1412156389328127,,VERIFIED_BINANCE_PUBLIC_ARCHIVE_FUNDING_BASIS_CAUSAL,-8.25e-06,-0.00028153,1.1018256152887589,1.189359001164434,BINANCE_USDM_MONTHLY_FUNDING_RATE_ARCHIVE,BINANCE_USDM_PREMIUM_INDEX_KLINES_ARCHIVE
2026-06-11 08:00:00.004000+00:00,XRPUSD,,,-0.7061832959155311,,VERIFIED_BINANCE_PUBLIC_ARCHIVE_FUNDING_BASIS_CAUSAL,-1.234e-05,-0.00044002,0.9427455469928122,0.4170516557099653,BINANCE_USDM_MONTHLY_FUNDING_RATE_ARCHIVE,BINANCE_USDM_PREMIUM_INDEX_KLINES_ARCHIVE
2026-06-11 16:00:00+00:00,BNBUSD,,,-1.4805183989793091,,VERIFIED_BINANCE_PUBLIC_ARCHIVE_FUNDING_BASIS_CAUSAL,4.668e-05,0.00054061,2.340295032362535,0.42968029151092174,BINANCE_USDM_MONTHLY_FUNDING_RATE_ARCHIVE,BINANCE_USDM_PREMIUM_INDEX_KLINES_ARCHIVE
2026-06-11 16:00:00+00:00,BTCUSD,,,-0.5847454096966573,,VERIFIED_BINANCE_PUBLIC_ARCHIVE_FUNDING_BASIS_CAUSAL,2.736e-05,-0.0004728,1.0406479905658803,0.027531144189829188,BINANCE_USDM_MONTHLY_FUNDING_RATE_ARCHIVE,BINANCE_USDM_PREMIUM_INDEX_KLINES_ARCHIVE
2026-06-11 16:00:00+00:00,ETHUSD,,,-0.34504121975254043,,VERIFIED_BINANCE_PUBLIC_ARCHIVE_FUNDING_BASIS_CAUSAL,-2.432e-05,-0.00048779,0.45157444742079916,0.21483394149133528,BINANCE_USDM_MONTHLY_FUNDING_RATE_ARCHIVE,BINANCE_USDM_PREMIUM_INDEX_KLINES_ARCHIVE
2026-06-11 16:00:00+00:00,SOLUSD,,,-0.6940431942798369,,VERIFIED_BINANCE_PUBLIC_ARCHIVE_FUNDING_BASIS_CAUSAL,-3.36e-06,-0.00054856,1.097781420432109,0.2005853623159487,BINANCE_USDM_MONTHLY_FUNDING_RATE_ARCHIVE,BINANCE_USDM_PREMIUM_INDEX_KLINES_ARCHIVE
2026-06-11 16:00:00+00:00,XRPUSD,,,-0.39276518176710357,,VERIFIED_BINANCE_PUBLIC_ARCHIVE_FUNDING_BASIS_CAUSAL,-2.752e-05,-0.00050534,0.5272789253061967,0.22835949521932306,BINANCE_USDM_MONTHLY_FUNDING_RATE_ARCHIVE,BINANCE_USDM_PREMIUM_INDEX_KLINES_ARCHIVE
2026-06-12 00:00:00+00:00,BNBUSD,,,-0.4265890017849991,,VERIFIED_BINANCE_PUBLIC_ARCHIVE_FUNDING_BASIS_CAUSAL,2.744e-05,0.00039507,0.9803343667764722,-0.25021088876013486,BINANCE_USDM_MONTHLY_FUNDING_RATE_ARCHIVE,BINANCE_USDM_PREMIUM_INDEX_KLINES_ARCHIVE
2026-06-12 00:00:00+00:00,BTCUSD,,,0.778372958425779,,VERIFIED_BINANCE_PUBLIC_ARCHIVE_FUNDING_BASIS_CAUSAL,-1.303e-05,-0.00060055,-0.8813825564239737,-0.6524723386502078,BINANCE_USDM_MONTHLY_FUNDING_RATE_ARCHIVE,BINANCE_USDM_PREMIUM_INDEX_KLINES_ARCHIVE
2026-06-12 00:00:00+00:00,ETHUSD,,,0.0473075391488908,,VERIFIED_BINANCE_PUBLIC_ARCHIVE_FUNDING_BASIS_CAUSAL,-2.404e-05,-0.00082478,0.6798507628695661,-0.9360565749492271,BINANCE_USDM_MONTHLY_FUNDING_RATE_ARCHIVE,BINANCE_USDM_PREMIUM_INDEX_KLINES_ARCHIVE
2026-06-12 00:00:00+00:00,SOLUSD,,,0.2518867878262726,,VERIFIED_BINANCE_PUBLIC_ARCHIVE_FUNDING_BASIS_CAUSAL,-9.068e-05,-0.00083093,0.22927377926061857,-0.8399719253769173,BINANCE_USDM_MONTHLY_FUNDING_RATE_ARCHIVE,BINANCE_USDM_PREMIUM_INDEX_KLINES_ARCHIVE
2026-06-12 00:00:00+00:00,XRPUSD,,,-0.18310127357256567,,VERIFIED_BINANCE_PUBLIC_ARCHIVE_FUNDING_BASIS_CAUSAL,-3.916e-05,-0.00051725,0.20977913265523132,0.1504950013604187,BINANCE_USDM_MONTHLY_FUNDING_RATE_ARCHIVE,BINANCE_USDM_PREMIUM_INDEX_KLINES_ARCHIVE
2026-06-12 08:00:00+00:00,BNBUSD,,,-0.19950232740781515,,VERIFIED_BINANCE_PUBLIC_ARCHIVE_FUNDING_BASIS_CAUSAL,0.0,0.00067551,-0.4825350779546832,1.0331036006286465,BINANCE_USDM_MONTHLY_FUNDING_RATE_ARCHIVE,BINANCE_USDM_PREMIUM_INDEX_KLINES_ARCHIVE
2026-06-12 08:00:00+00:00,BTCUSD,,,-0.35798124989584956,,VERIFIED_BINANCE_PUBLIC_ARCHIVE_FUNDING_BASIS_CAUSAL,2.446e-05,-0.00053702,0.8489832830755246,-0.2421323462126423,BINANCE_USDM_MONTHLY_FUNDING_RATE_ARCHIVE,BINANCE_USDM_PREMIUM_INDEX_KLINES_ARCHIVE
2026-06-12 08:00:00+00:00,ETHUSD,,,0.23151783572881346,,VERIFIED_BINANCE_PUBLIC_ARCHIVE_FUNDING_BASIS_CAUSAL,-5.854e-05,-0.00053172,-0.5174987506032955,0.11801439356222018,BINANCE_USDM_MONTHLY_FUNDING_RATE_ARCHIVE,BINANCE_USDM_PREMIUM_INDEX_KLINES_ARCHIVE
2026-06-12 08:00:00+00:00,SOLUSD,,,-0.5514186367138049,,VERIFIED_BINANCE_PUBLIC_ARCHIVE_FUNDING_BASIS_CAUSAL,-9.448e-05,-0.00033572,0.12462826937844924,1.0730513079014616,BINANCE_USDM_MONTHLY_FUNDING_RATE_ARCHIVE,BINANCE_USDM_PREMIUM_INDEX_KLINES_ARCHIVE
2026-06-12 08:00:00+00:00,XRPUSD,,,-0.1265628183692098,,VERIFIED_BINANCE_PUBLIC_ARCHIVE_FUNDING_BASIS_CAUSAL,-3.242e-05,-0.00056857,0.2935107200586394,-0.07748461702898193,BINANCE_USDM_MONTHLY_FUNDING_RATE_ARCHIVE,BINANCE_USDM_PREMIUM_INDEX_KLINES_ARCHIVE
2026-06-12 16:00:00+00:00,BNBUSD,,,-2.0059129991083595,,VERIFIED_BINANCE_PUBLIC_ARCHIVE_FUNDING_BASIS_CAUSAL,6.548e-05,0.00059752,3.113867424635379,0.6517464790197796,BINANCE_USDM_MONTHLY_FUNDING_RATE_ARCHIVE,BINANCE_USDM_PREMIUM_INDEX_KLINES_ARCHIVE
2026-06-12 16:00:00+00:00,BTCUSD,,,-0.0750043957825592,,VERIFIED_BINANCE_PUBLIC_ARCHIVE_FUNDING_BASIS_CAUSAL,8.4e-06,-0.00047379,0.028673357440434685,0.1316312204229336,BINANCE_USDM_MONTHLY_FUNDING_RATE_ARCHIVE,BINANCE_USDM_PREMIUM_INDEX_KLINES_ARCHIVE
2026-06-12 16:00:00+00:00,ETHUSD,,,-0.8828714686239947,,VERIFIED_BINANCE_PUBLIC_ARCHIVE_FUNDING_BASIS_CAUSAL,-2.216e-05,-0.00024787,0.7165409699080614,1.0861643003879131,BINANCE_USDM_MONTHLY_FUNDING_RATE_ARCHIVE,BINANCE_USDM_PREMIUM_INDEX_KLINES_ARCHIVE
2026-06-12 16:00:00+00:00,SOLUSD,,,-0.6230902360819321,,VERIFIED_BINANCE_PUBLIC_ARCHIVE_FUNDING_BASIS_CAUSAL,-2.866e-05,-0.00049105,0.7609858892754414,0.45455110440097624,BINANCE_USDM_MONTHLY_FUNDING_RATE_ARCHIVE,BINANCE_USDM_PREMIUM_INDEX_KLINES_ARCHIVE
2026-06-12 16:00:00+00:00,XRPUSD,,,-0.8291262605203522,,VERIFIED_BINANCE_PUBLIC_ARCHIVE_FUNDING_BASIS_CAUSAL,5.45e-05,-0.00076502,2.3743848404737817,-1.059523114978284,BINANCE_USDM_MONTHLY_FUNDING_RATE_ARCHIVE,BINANCE_USDM_PREMIUM_INDEX_KLINES_ARCHIVE
2026-06-13 00:00:00+00:00,BNBUSD,,,0.5810351297967802,,VERIFIED_BINANCE_PUBLIC_ARCHIVE_FUNDING_BASIS_CAUSAL,0.0,0.00028166,-0.41035542429086425,-0.789643658748455,BINANCE_USDM_MONTHLY_FUNDING_RATE_ARCHIVE,BINANCE_USDM_PREMIUM_INDEX_KLINES_ARCHIVE
2026-06-13 00:00:00+00:00,BTCUSD,,,-1.3278570454341407,,VERIFIED_BINANCE_PUBLIC_ARCHIVE_FUNDING_BASIS_CAUSAL,5.357e-05,-0.00043157,2.115871876327202,0.3647278076759543,BINANCE_USDM_MONTHLY_FUNDING_RATE_ARCHIVE,BINANCE_USDM_PREMIUM_INDEX_KLINES_ARCHIVE
2026-06-13 00:00:00+00:00,ETHUSD,,,-0.7053777145331054,,VERIFIED_BINANCE_PUBLIC_ARCHIVE_FUNDING_BASIS_CAUSAL,-6.31e-06,-0.00052841,1.2141200126839506,0.08358157234873871,BINANCE_USDM_MONTHLY_FUNDING_RATE_ARCHIVE,BINANCE_USDM_PREMIUM_INDEX_KLINES_ARCHIVE
2026-06-13 00:00:00+00:00,SOLUSD,,,-0.29916658052671974,,VERIFIED_BINANCE_PUBLIC_ARCHIVE_FUNDING_BASIS_CAUSAL,-5.235e-05,-0.00058701,0.5071192585501952,0.04500219627580518,BINANCE_USDM_MONTHLY_FUNDING_RATE_ARCHIVE,BINANCE_USDM_PREMIUM_INDEX_KLINES_ARCHIVE
2026-06-13 00:00:00+00:00,XRPUSD,,,0.2625807180531455,,VERIFIED_BINANCE_PUBLIC_ARCHIVE_FUNDING_BASIS_CAUSAL,-6.026e-05,-0.00057409,-0.4057289540292762,-0.08762176297120791,BINANCE_USDM_MONTHLY_FUNDING_RATE_ARCHIVE,BINANCE_USDM_PREMIUM_INDEX_KLINES_ARCHIVE
2026-06-13 08:00:00.007000+00:00,BNBUSD,,,0.5408348904234793,,VERIFIED_BINANCE_PUBLIC_ARCHIVE_FUNDING_BASIS_CAUSAL,0.0,0.00028961,-0.41035542429086425,-0.7003097934744532,BINANCE_USDM_MONTHLY_FUNDING_RATE_ARCHIVE,BINANCE_USDM_PREMIUM_INDEX_KLINES_ARCHIVE
2026-06-13 08:00:00.007000+00:00,BTCUSD,,,0.06857750861388145,,VERIFIED_BINANCE_PUBLIC_ARCHIVE_FUNDING_BASIS_CAUSAL,6e-07,-0.00044333,-0.41355166665332893,0.3530575734343322,BINANCE_USDM_MONTHLY_FUNDING_RATE_ARCHIVE,BINANCE_USDM_PREMIUM_INDEX_KLINES_ARCHIVE
2026-06-13 08:00:00.007000+00:00,ETHUSD,,,-1.3878892200032107,,VERIFIED_BINANCE_PUBLIC_ARCHIVE_FUNDING_BASIS_CAUSAL,3.562e-05,-0.00060531,2.5982967908307466,-0.09149781100822243,BINANCE_USDM_MONTHLY_FUNDING_RATE_ARCHIVE,BINANCE_USDM_PREMIUM_INDEX_KLINES_ARCHIVE
2026-06-13 08:00:00.007000+00:00,SOLUSD,,,-0.6700445323427829,,VERIFIED_BINANCE_PUBLIC_ARCHIVE_FUNDING_BASIS_CAUSAL,-2.582e-05,-0.00044839,0.7020524259921734,0.6309237734379722,BINANCE_USDM_MONTHLY_FUNDING_RATE_ARCHIVE,BINANCE_USDM_PREMIUM_INDEX_KLINES_ARCHIVE
2026-06-13 08:00:00.007000+00:00,XRPUSD,,,-0.8233931389152479,,VERIFIED_BINANCE_PUBLIC_ARCHIVE_FUNDING_BASIS_CAUSAL,-3.36e-05,-0.00025254,0.16583584935853204,1.6270742705956784,BINANCE_USDM_MONTHLY_FUNDING_RATE_ARCHIVE,BINANCE_USDM_PREMIUM_INDEX_KLINES_ARCHIVE
2026-06-13 16:00:00.002000+00:00,BNBUSD,,,-0.9865211849652344,,VERIFIED_BINANCE_PUBLIC_ARCHIVE_FUNDING_BASIS_CAUSAL,4.204e-05,0.00040057,1.9177609100125002,-0.15166070120364608,BINANCE_USDM_MONTHLY_FUNDING_RATE_ARCHIVE,BINANCE_USDM_PREMIUM_INDEX_KLINES_ARCHIVE
2026-06-13 16:00:00.002000+00:00,BTCUSD,,,0.39580851051261745,,VERIFIED_BINANCE_PUBLIC_ARCHIVE_FUNDING_BASIS_CAUSAL,9.38e-06,-0.00063887,-0.04628558602920832,-0.8230031959923397,BINANCE_USDM_MONTHLY_FUNDING_RATE_ARCHIVE,BINANCE_USDM_PREMIUM_INDEX_KLINES_ARCHIVE
2026-06-13 16:00:00.002000+00:00,ETHUSD,,,-1.019470862812398,,VERIFIED_BINANCE_PUBLIC_ARCHIVE_FUNDING_BASIS_CAUSAL,2.664e-05,-0.00058817,1.8675727392229935,-0.017098097244996502,BINANCE_USDM_MONTHLY_FUNDING_RATE_ARCHIVE,BINANCE_USDM_PREMIUM_INDEX_KLINES_ARCHIVE
2026-06-13 16:00:00.002000+00:00,SOLUSD,,,0.15134175111539866,,VERIFIED_BINANCE_PUBLIC_ARCHIVE_FUNDING_BASIS_CAUSAL,-4.55e-06,-0.0009575,0.8385732866523766,-1.361237908387124,BINANCE_USDM_MONTHLY_FUNDING_RATE_ARCHIVE,BINANCE_USDM_PREMIUM_INDEX_KLINES_ARCHIVE
2026-06-13 16:00:00.002000+00:00,XRPUSD,,,-0.2048721026560339,,VERIFIED_BINANCE_PUBLIC_ARCHIVE_FUNDING_BASIS_CAUSAL,-1.7e-05,-0.00059316,0.5080453509678728,-0.16567297861399152,BINANCE_USDM_MONTHLY_FUNDING_RATE_ARCHIVE,BINANCE_USDM_PREMIUM_INDEX_KLINES_ARCHIVE
2026-06-14 00:00:00.005000+00:00,BNBUSD,,,0.4656727989137669,,VERIFIED_BINANCE_PUBLIC_ARCHIVE_FUNDING_BASIS_CAUSAL,0.0,0.00033453,-0.4868988574886992,-0.43972983843329394,BINANCE_USDM_MONTHLY_FUNDING_RATE_ARCHIVE,BINANCE_USDM_PREMIUM_INDEX_KLINES_ARCHIVE
2026-06-14 00:00:00.005000+00:00,BTCUSD,,,1.8993273000384658,,VERIFIED_BINANCE_PUBLIC_ARCHIVE_FUNDING_BASIS_CAUSAL,-4.51e-05,-0.00065916,-2.725693305647234,-0.8893244042944161,BINANCE_USDM_MONTHLY_FUNDING_RATE_ARCHIVE,BINANCE_USDM_PREMIUM_INDEX_KLINES_ARCHIVE
2026-06-14 00:00:00.005000+00:00,ETHUSD,,,-0.4440021162022615,,VERIFIED_BINANCE_PUBLIC_ARCHIVE_FUNDING_BASIS_CAUSAL,-6.44e-06,-0.00054648,0.6863252673333288,0.14782937593095688,BINANCE_USDM_MONTHLY_FUNDING_RATE_ARCHIVE,BINANCE_USDM_PREMIUM_INDEX_KLINES_ARCHIVE
2026-06-14 00:00:00.005000+00:00,SOLUSD,,,0.3751826087213449,,VERIFIED_BINANCE_PUBLIC_ARCHIVE_FUNDING_BASIS_CAUSAL,-0.00012137,-0.00073335,-0.3029384548923231,-0.4634810189568161,BINANCE_USDM_MONTHLY_FUNDING_RATE_ARCHIVE,BINANCE_USDM_PREMIUM_INDEX_KLINES_ARCHIVE
2026-06-14 00:00:00.005000+00:00,XRPUSD,,,0.36155336830718543,,VERIFIED_BINANCE_PUBLIC_ARCHIVE_FUNDING_BASIS_CAUSAL,-4.383e-05,-0.00068127,-0.14964193993871444,-0.6205562252019832,BINANCE_USDM_MONTHLY_FUNDING_RATE_ARCHIVE,BINANCE_USDM_PREMIUM_INDEX_KLINES_ARCHIVE
2026-06-14 08:00:00.009000+00:00,BNBUSD,,,0.6932075822539954,,VERIFIED_BINANCE_PUBLIC_ARCHIVE_FUNDING_BASIS_CAUSAL,0.0,0.0002194,-0.4868988574886992,-0.9453626903004684,BINANCE_USDM_MONTHLY_FUNDING_RATE_ARCHIVE,BINANCE_USDM_PREMIUM_INDEX_KLINES_ARCHIVE
2026-06-14 08:00:00.009000+00:00,BTCUSD,,,1.2270290716240237,,VERIFIED_BINANCE_PUBLIC_ARCHIVE_FUNDING_BASIS_CAUSAL,-4.657e-05,-0.00051409,-2.2897955427622905,0.07190772643385798,BINANCE_USDM_MONTHLY_FUNDING_RATE_ARCHIVE,BINANCE_USDM_PREMIUM_INDEX_KLINES_ARCHIVE
2026-06-14 08:00:00.009000+00:00,ETHUSD,,,-0.42321052927486,,VERIFIED_BINANCE_PUBLIC_ARCHIVE_FUNDING_BASIS_CAUSAL,-1.08e-05,-0.00052177,0.4794425252745878,0.3544825341640815,BINANCE_USDM_MONTHLY_FUNDING_RATE_ARCHIVE,BINANCE_USDM_PREMIUM_INDEX_KLINES_ARCHIVE
2026-06-14 08:00:00.009000+00:00,SOLUSD,,,0.0988934484498055,,VERIFIED_BINANCE_PUBLIC_ARCHIVE_FUNDING_BASIS_CAUSAL,-0.00010682,-0.00060825,-0.23259814598201387,0.0645234040895603,BINANCE_USDM_MONTHLY_FUNDING_RATE_ARCHIVE,BINANCE_USDM_PREMIUM_INDEX_KLINES_ARCHIVE
2026-06-14 08:00:00.009000+00:00,XRPUSD,,,1.1372185915478237,,VERIFIED_BINANCE_PUBLIC_ARCHIVE_FUNDING_BASIS_CAUSAL,-9.324e-05,-0.00064691,-1.7459191418417825,-0.39325125229965174,BINANCE_USDM_MONTHLY_FUNDING_RATE_ARCHIVE,BINANCE_USDM_PREMIUM_INDEX_KLINES_ARCHIVE
2026-06-14 16:00:00+00:00,BNBUSD,,,-0.24678703729343832,,VERIFIED_BINANCE_PUBLIC_ARCHIVE_FUNDING_BASIS_CAUSAL,0.0,0.00064835,-0.4868988574886992,1.143514242027162,BINANCE_USDM_MONTHLY_FUNDING_RATE_ARCHIVE,BINANCE_USDM_PREMIUM_INDEX_KLINES_ARCHIVE
2026-06-14 16:00:00+00:00,BTCUSD,,,0.12529385054599185,,VERIFIED_BINANCE_PUBLIC_ARCHIVE_FUNDING_BASIS_CAUSAL,-3.265e-05,-0.00029406,-1.4226370171948985,1.4603477975804497,BINANCE_USDM_MONTHLY_FUNDING_RATE_ARCHIVE,BINANCE_USDM_PREMIUM_INDEX_KLINES_ARCHIVE
2026-06-14 16:00:00+00:00,ETHUSD,,,-0.6735571639515955,,VERIFIED_BINANCE_PUBLIC_ARCHIVE_FUNDING_BASIS_CAUSAL,-1.919e-05,-0.00032699,0.23752430125676546,1.2064862183563878,BINANCE_USDM_MONTHLY_FUNDING_RATE_ARCHIVE,BINANCE_USDM_PREMIUM_INDEX_KLINES_ARCHIVE
2026-06-14 16:00:00+00:00,SOLUSD,,,-0.3849787567459648,,VERIFIED_BINANCE_PUBLIC_ARCHIVE_FUNDING_BASIS_CAUSAL,-9.337e-05,-0.00029934,-0.33504944766706485,1.2650132288063343,BINANCE_USDM_MONTHLY_FUNDING_RATE_ARCHIVE,BINANCE_USDM_PREMIUM_INDEX_KLINES_ARCHIVE
2026-06-14 16:00:00+00:00,XRPUSD,,,0.4435695189626177,,VERIFIED_BINANCE_PUBLIC_ARCHIVE_FUNDING_BASIS_CAUSAL,-7.574e-05,-0.00047716,-1.2203850339072881,0.5058716659697574,BINANCE_USDM_MONTHLY_FUNDING_RATE_ARCHIVE,BINANCE_USDM_PREMIUM_INDEX_KLINES_ARCHIVE
2026-06-15 00:00:00.013000+00:00,BNBUSD,,,-0.2666861888357258,,VERIFIED_BINANCE_PUBLIC_ARCHIVE_FUNDING_BASIS_CAUSAL,0.0,0.0006639,-0.4868988574886992,1.1877345787878009,BINANCE_USDM_MONTHLY_FUNDING_RATE_ARCHIVE,BINANCE_USDM_PREMIUM_INDEX_KLINES_ARCHIVE
2026-06-15 00:00:00.013000+00:00,BTCUSD,,,-0.3346485298866805,,VERIFIED_BINANCE_PUBLIC_ARCHIVE_FUNDING_BASIS_CAUSAL,2.808e-05,-0.00057101,0.9140441835127813,-0.37350171343410943,BINANCE_USDM_MONTHLY_FUNDING_RATE_ARCHIVE,BINANCE_USDM_PREMIUM_INDEX_KLINES_ARCHIVE
2026-06-15 00:00:00.013000+00:00,ETHUSD,,,-1.3836004629829057,,VERIFIED_BINANCE_PUBLIC_ARCHIVE_FUNDING_BASIS_CAUSAL,2.92e-05,-0.00042796,1.9232333727966713,0.724049128766081,BINANCE_USDM_MONTHLY_FUNDING_RATE_ARCHIVE,BINANCE_USDM_PREMIUM_INDEX_KLINES_ARCHIVE
2026-06-15 00:00:00.013000+00:00,SOLUSD,,,-0.7125441495607886,,VERIFIED_BINANCE_PUBLIC_ARCHIVE_FUNDING_BASIS_CAUSAL,-3.596e-05,-0.00034607,0.43723198921793766,1.0490367899798285,BINANCE_USDM_MONTHLY_FUNDING_RATE_ARCHIVE,BINANCE_USDM_PREMIUM_INDEX_KLINES_ARCHIVE
2026-06-15 00:00:00.013000+00:00,XRPUSD,,,0.09312834914344965,,VERIFIED_BINANCE_PUBLIC_ARCHIVE_FUNDING_BASIS_CAUSAL,-3.163e-05,-0.0006179,0.019643146268374257,-0.2309601768690122,BINANCE_USDM_MONTHLY_FUNDING_RATE_ARCHIVE,BINANCE_USDM_PREMIUM_INDEX_KLINES_ARCHIVE
2026-06-15 08:00:00.013000+00:00,BNBUSD,,,-1.2445889807901895,,VERIFIED_BINANCE_PUBLIC_ARCHIVE_FUNDING_BASIS_CAUSAL,5.384e-05,0.00043044,2.269055146631524,-0.007536333015885882,BINANCE_USDM_MONTHLY_FUNDING_RATE_ARCHIVE,BINANCE_USDM_PREMIUM_INDEX_KLINES_ARCHIVE
2026-06-15 08:00:00.013000+00:00,BTCUSD,,,-0.055585838806009036,,VERIFIED_BINANCE_PUBLIC_ARCHIVE_FUNDING_BASIS_CAUSAL,6.21e-06,-0.0005127,0.1377222578588357,-0.04480311781411246,BINANCE_USDM_MONTHLY_FUNDING_RATE_ARCHIVE,BINANCE_USDM_PREMIUM_INDEX_KLINES_ARCHIVE
2026-06-15 08:00:00.013000+00:00,ETHUSD,,,-0.16169195010877435,,VERIFIED_BINANCE_PUBLIC_ARCHIVE_FUNDING_BASIS_CAUSAL,-7.45e-06,-0.00059587,0.3974360894307872,-0.12643977572924137,BINANCE_USDM_MONTHLY_FUNDING_RATE_ARCHIVE,BINANCE_USDM_PREMIUM_INDEX_KLINES_ARCHIVE
2026-06-15 08:00:00.013000+00:00,SOLUSD,,,0.2854402702545693,,VERIFIED_BINANCE_PUBLIC_ARCHIVE_FUNDING_BASIS_CAUSAL,-3.856e-05,-0.00086214,0.3075628524217238,-1.0102218646367054,BINANCE_USDM_MONTHLY_FUNDING_RATE_ARCHIVE,BINANCE_USDM_PREMIUM_INDEX_KLINES_ARCHIVE
2026-06-15 08:00:00.013000+00:00,XRPUSD,,,0.20973101381510667,,VERIFIED_BINANCE_PUBLIC_ARCHIVE_FUNDING_BASIS_CAUSAL,-4.105e-05,-0.00061233,-0.22028045597186477,-0.19683725117906897,BINANCE_USDM_MONTHLY_FUNDING_RATE_ARCHIVE,BINANCE_USDM_PREMIUM_INDEX_KLINES_ARCHIVE
2026-06-15 16:00:00.004000+00:00,BNBUSD,,,-0.3086344361335736,,VERIFIED_BINANCE_PUBLIC_ARCHIVE_FUNDING_BASIS_CAUSAL,1.223e-05,0.00054342,0.0011958857848771156,0.6843926643375359,BINANCE_USDM_MONTHLY_FUNDING_RATE_ARCHIVE,BINANCE_USDM_PREMIUM_INDEX_KLINES_ARCHIVE
2026-06-15 16:00:00.004000+00:00,BTCUSD,,,1.7715538133642719,,VERIFIED_BINANCE_PUBLIC_ARCHIVE_FUNDING_BASIS_CAUSAL,-6.079e-05,-0.00067734,-2.3213046425416612,-1.0996361332585733,BINANCE_USDM_MONTHLY_FUNDING_RATE_ARCHIVE,BINANCE_USDM_PREMIUM_INDEX_KLINES_ARCHIVE
2026-06-15 16:00:00.004000+00:00,ETHUSD,,,-1.0279919790885386,,VERIFIED_BINANCE_PUBLIC_ARCHIVE_FUNDING_BASIS_CAUSAL,6.867e-05,-0.00089706,3.149634903313187,-1.5651271505193658,BINANCE_USDM_MONTHLY_FUNDING_RATE_ARCHIVE,BINANCE_USDM_PREMIUM_INDEX_KLINES_ARCHIVE
2026-06-15 16:00:00.004000+00:00,SOLUSD,,,0.4417194320991883,,VERIFIED_BINANCE_PUBLIC_ARCHIVE_FUNDING_BASIS_CAUSAL,-4.542e-05,-0.00092458,0.18023411415959548,-1.2018848775265907,BINANCE_USDM_MONTHLY_FUNDING_RATE_ARCHIVE,BINANCE_USDM_PREMIUM_INDEX_KLINES_ARCHIVE
2026-06-15 16:00:00.004000+00:00,XRPUSD,,,0.40913618240035954,,VERIFIED_BINANCE_PUBLIC_ARCHIVE_FUNDING_BASIS_CAUSAL,-5.327e-05,-0.00063067,-0.5379461042388662,-0.251701833486629,BINANCE_USDM_MONTHLY_FUNDING_RATE_ARCHIVE,BINANCE_USDM_PREMIUM_INDEX_KLINES_ARCHIVE
2026-06-16 00:00:00+00:00,BNBUSD,,,-0.14955413464135608,,VERIFIED_BINANCE_PUBLIC_ARCHIVE_FUNDING_BASIS_CAUSAL,0.0,0.000615,-0.5946578571961576,1.0591465691094284,BINANCE_USDM_MONTHLY_FUNDING_RATE_ARCHIVE,BINANCE_USDM_PREMIUM_INDEX_KLINES_ARCHIVE
2026-06-16 00:00:00+00:00,BTCUSD,,,-0.31610061762283814,,VERIFIED_BINANCE_PUBLIC_ARCHIVE_FUNDING_BASIS_CAUSAL,-4.28e-06,-0.00038085,-0.15411451389440214,0.890808000588354,BINANCE_USDM_MONTHLY_FUNDING_RATE_ARCHIVE,BINANCE_USDM_PREMIUM_INDEX_KLINES_ARCHIVE
2026-06-16 00:00:00+00:00,ETHUSD,,,-1.1420722756176462,,VERIFIED_BINANCE_PUBLIC_ARCHIVE_FUNDING_BASIS_CAUSAL,2.969e-05,-0.00036688,1.2593502837311448,0.9987324879233699,BINANCE_USDM_MONTHLY_FUNDING_RATE_ARCHIVE,BINANCE_USDM_PREMIUM_INDEX_KLINES_ARCHIVE
2026-06-16 00:00:00+00:00,SOLUSD,,,-1.4396657788512417,,VERIFIED_BINANCE_PUBLIC_ARCHIVE_FUNDING_BASIS_CAUSAL,1.871e-05,-0.00033945,1.7192242635928936,1.0979831863892224,BINANCE_USDM_MONTHLY_FUNDING_RATE_ARCHIVE,BINANCE_USDM_PREMIUM_INDEX_KLINES_ARCHIVE
2026-06-16 00:00:00+00:00,XRPUSD,,,-2.321874647919027,,VERIFIED_BINANCE_PUBLIC_ARCHIVE_FUNDING_BASIS_CAUSAL,7.603e-05,-0.00029649,2.9910601253938367,1.5039812865609263,BINANCE_USDM_MONTHLY_FUNDING_RATE_ARCHIVE,BINANCE_USDM_PREMIUM_INDEX_KLINES_ARCHIVE
2026-06-16 08:00:00+00:00,BNBUSD,,,0.050321842417038076,,VERIFIED_BINANCE_PUBLIC_ARCHIVE_FUNDING_BASIS_CAUSAL,0.0,0.00052293,-0.5946578571961576,0.6149777312018858,BINANCE_USDM_MONTHLY_FUNDING_RATE_ARCHIVE,BINANCE_USDM_PREMIUM_INDEX_KLINES_ARCHIVE
2026-06-16 08:00:00+00:00,BTCUSD,,,-0.06307435129892688,,VERIFIED_BINANCE_PUBLIC_ARCHIVE_FUNDING_BASIS_CAUSAL,-1.11e-05,-0.00043296,-0.329019629248093,0.5423003275230623,BINANCE_USDM_MONTHLY_FUNDING_RATE_ARCHIVE,BINANCE_USDM_PREMIUM_INDEX_KLINES_ARCHIVE
2026-06-16 08:00:00+00:00,ETHUSD,,,-0.05761741972059997,,VERIFIED_BINANCE_PUBLIC_ARCHIVE_FUNDING_BASIS_CAUSAL,-2.07e-05,-0.0004723,-0.33761967870615506,0.5406849844644117,BINANCE_USDM_MONTHLY_FUNDING_RATE_ARCHIVE,BINANCE_USDM_PREMIUM_INDEX_KLINES_ARCHIVE
2026-06-16 08:00:00+00:00,SOLUSD,,,-0.21099382605622188,,VERIFIED_BINANCE_PUBLIC_ARCHIVE_FUNDING_BASIS_CAUSAL,-1.544e-05,-0.0007076,0.787621765296887,-0.4937736552379244,BINANCE_USDM_MONTHLY_FUNDING_RATE_ARCHIVE,BINANCE_USDM_PREMIUM_INDEX_KLINES_ARCHIVE
2026-06-16 08:00:00+00:00,XRPUSD,,,0.20142757987606352,,VERIFIED_BINANCE_PUBLIC_ARCHIVE_FUNDING_BASIS_CAUSAL,-3.878e-05,-0.0005986,-0.20715120964712797,-0.1944320323780959,BINANCE_USDM_MONTHLY_FUNDING_RATE_ARCHIVE,BINANCE_USDM_PREMIUM_INDEX_KLINES_ARCHIVE
2026-06-16 16:00:00.001000+00:00,BNBUSD,,,-0.027349103738926406,,VERIFIED_BINANCE_PUBLIC_ARCHIVE_FUNDING_BASIS_CAUSAL,0.0,0.00055117,-0.5946578571961576,0.7875798337706957,BINANCE_USDM_MONTHLY_FUNDING_RATE_ARCHIVE,BINANCE_USDM_PREMIUM_INDEX_KLINES_ARCHIVE
2026-06-16 16:00:00.001000+00:00,BTCUSD,,,-0.6955106600073037,,VERIFIED_BINANCE_PUBLIC_ARCHIVE_FUNDING_BASIS_CAUSAL,2.46e-06,-0.0003154,0.15476899645864226,1.3564171376778897,BINANCE_USDM_MONTHLY_FUNDING_RATE_ARCHIVE,BINANCE_USDM_PREMIUM_INDEX_KLINES_ARCHIVE
2026-06-16 16:00:00.001000+00:00,ETHUSD,,,-0.688773375023175,,VERIFIED_BINANCE_PUBLIC_ARCHIVE_FUNDING_BASIS_CAUSAL,3.16e-05,-0.00057047,1.2324003127040037,0.024340451191050796,BINANCE_USDM_MONTHLY_FUNDING_RATE_ARCHIVE,BINANCE_USDM_PREMIUM_INDEX_KLINES_ARCHIVE
2026-06-16 16:00:00.001000+00:00,SOLUSD,,,-0.686578979527426,,VERIFIED_BINANCE_PUBLIC_ARCHIVE_FUNDING_BASIS_CAUSAL,-2.499e-05,-0.00038779,0.48395999279401714,0.9342244077571478,BINANCE_USDM_MONTHLY_FUNDING_RATE_ARCHIVE,BINANCE_USDM_PREMIUM_INDEX_KLINES_ARCHIVE
2026-06-16 16:00:00.001000+00:00,XRPUSD,,,-0.5709388231637389,,VERIFIED_BINANCE_PUBLIC_ARCHIVE_FUNDING_BASIS_CAUSAL,-8.3e-06,-0.00045316,0.4788077890868587,0.6835434203688145,BINANCE_USDM_MONTHLY_FUNDING_RATE_ARCHIVE,BINANCE_USDM_PREMIUM_INDEX_KLINES_ARCHIVE
2026-06-17 00:00:00.012000+00:00,BNBUSD,,,-0.7149145767845368,,VERIFIED_BINANCE_PUBLIC_ARCHIVE_FUNDING_BASIS_CAUSAL,3.807e-05,0.0004454,1.1822727753465687,0.14369900076427553,BINANCE_USDM_MONTHLY_FUNDING_RATE_ARCHIVE,BINANCE_USDM_PREMIUM_INDEX_KLINES_ARCHIVE
2026-06-17 00:00:00.012000+00:00,BTCUSD,,,-0.8437459990050193,,VERIFIED_BINANCE_PUBLIC_ARCHIVE_FUNDING_BASIS_CAUSAL,1.957e-05,-0.00036186,0.7308364664664594,0.9817465387743701,BINANCE_USDM_MONTHLY_FUNDING_RATE_ARCHIVE,BINANCE_USDM_PREMIUM_INDEX_KLINES_ARCHIVE
2026-06-17 00:00:00.012000+00:00,ETHUSD,,,-1.1760606934746713,,VERIFIED_BINANCE_PUBLIC_ARCHIVE_FUNDING_BASIS_CAUSAL,3.038e-05,-0.00033769,1.0754995709506654,1.2989687321151229,BINANCE_USDM_MONTHLY_FUNDING_RATE_ARCHIVE,BINANCE_USDM_PREMIUM_INDEX_KLINES_ARCHIVE
2026-06-17 00:00:00.012000+00:00,SOLUSD,,,-1.0117166392350103,,VERIFIED_BINANCE_PUBLIC_ARCHIVE_FUNDING_BASIS_CAUSAL,-1.7e-06,-0.00041095,1.1424934367779291,0.8518783311269983,BINANCE_USDM_MONTHLY_FUNDING_RATE_ARCHIVE,BINANCE_USDM_PREMIUM_INDEX_KLINES_ARCHIVE
2026-06-17 00:00:00.012000+00:00,XRPUSD,,,-0.6046092674337499,,VERIFIED_BINANCE_PUBLIC_ARCHIVE_FUNDING_BASIS_CAUSAL,2.018e-05,-0.00059207,1.1793645989311983,-0.09786947106313153,BINANCE_USDM_MONTHLY_FUNDING_RATE_ARCHIVE,BINANCE_USDM_PREMIUM_INDEX_KLINES_ARCHIVE
2026-06-17 08:00:00+00:00,BNBUSD,,,-1.2190869553500971,,VERIFIED_BINANCE_PUBLIC_ARCHIVE_FUNDING_BASIS_CAUSAL,5.44e-05,0.00051512,1.8032291989561264,0.5051353242760612,BINANCE_USDM_MONTHLY_FUNDING_RATE_ARCHIVE,BINANCE_USDM_PREMIUM_INDEX_KLINES_ARCHIVE
2026-06-17 08:00:00+00:00,BTCUSD,,,1.1680731720014836,,VERIFIED_BINANCE_PUBLIC_ARCHIVE_FUNDING_BASIS_CAUSAL,-6.685e-05,-0.00046413,-2.3041417631006533,0.22045510600861243,BINANCE_USDM_MONTHLY_FUNDING_RATE_ARCHIVE,BINANCE_USDM_PREMIUM_INDEX_KLINES_ARCHIVE
2026-06-17 08:00:00+00:00,ETHUSD,,,-0.8049983091853246,,VERIFIED_BINANCE_PUBLIC_ARCHIVE_FUNDING_BASIS_CAUSAL,2.339e-05,-0.00040198,0.7559080216299934,0.8649975495307294,BINANCE_USDM_MONTHLY_FUNDING_RATE_ARCHIVE,BINANCE_USDM_PREMIUM_INDEX_KLINES_ARCHIVE
2026-06-17 08:00:00+00:00,SOLUSD,,,-0.03149211872213267,,VERIFIED_BINANCE_PUBLIC_ARCHIVE_FUNDING_BASIS_CAUSAL,-5.638e-05,-0.00049793,-0.31292687473803416,0.4524486662845588,BINANCE_USDM_MONTHLY_FUNDING_RATE_ARCHIVE,BINANCE_USDM_PREMIUM_INDEX_KLINES_ARCHIVE
2026-06-17 08:00:00+00:00,XRPUSD,,,-0.6105474013884967,,VERIFIED_BINANCE_PUBLIC_ARCHIVE_FUNDING_BASIS_CAUSAL,-1.439e-05,-0.00040306,0.3212358315349423,0.9641504312095076,BINANCE_USDM_MONTHLY_FUNDING_RATE_ARCHIVE,BINANCE_USDM_PREMIUM_INDEX_KLINES_ARCHIVE
2026-06-17 16:00:00+00:00,BNBUSD,,,-1.2114015690673225,,VERIFIED_BINANCE_PUBLIC_ARCHIVE_FUNDING_BASIS_CAUSAL,5.276e-05,0.00057881,1.5094898503145673,0.8470714475429119,BINANCE_USDM_MONTHLY_FUNDING_RATE_ARCHIVE,BINANCE_USDM_PREMIUM_INDEX_KLINES_ARCHIVE
2026-06-17 16:00:00+00:00,BTCUSD,,,0.8118000665077079,,VERIFIED_BINANCE_PUBLIC_ARCHIVE_FUNDING_BASIS_CAUSAL,-2.582e-05,-0.00063698,-0.6728696546031849,-0.9816039032799023,BINANCE_USDM_MONTHLY_FUNDING_RATE_ARCHIVE,BINANCE_USDM_PREMIUM_INDEX_KLINES_ARCHIVE
2026-06-17 16:00:00+00:00,ETHUSD,,,0.18473125989463599,,VERIFIED_BINANCE_PUBLIC_ARCHIVE_FUNDING_BASIS_CAUSAL,-7.37e-06,-0.00056349,-0.31112516161230586,-0.030249824461928348,BINANCE_USDM_MONTHLY_FUNDING_RATE_ARCHIVE,BINANCE_USDM_PREMIUM_INDEX_KLINES_ARCHIVE
2026-06-17 16:00:00+00:00,SOLUSD,,,-0.16166701986422022,,VERIFIED_BINANCE_PUBLIC_ARCHIVE_FUNDING_BASIS_CAUSAL,-3.481e-05,-0.00059113,0.2678736535691167,0.03185891200268011,BINANCE_USDM_MONTHLY_FUNDING_RATE_ARCHIVE,BINANCE_USDM_PREMIUM_INDEX_KLINES_ARCHIVE
2026-06-17 16:00:00+00:00,XRPUSD,,,0.05370376526503162,,VERIFIED_BINANCE_PUBLIC_ARCHIVE_FUNDING_BASIS_CAUSAL,-7.84e-06,-0.00068371,0.47649874405037906,-0.7017290544283115,BINANCE_USDM_MONTHLY_FUNDING_RATE_ARCHIVE,BINANCE_USDM_PREMIUM_INDEX_KLINES_ARCHIVE
2026-06-18 00:00:00.002000+00:00,BNBUSD,,,-0.9435460827040394,,VERIFIED_BINANCE_PUBLIC_ARCHIVE_FUNDING_BASIS_CAUSAL,5.822e-05,0.00047484,1.5673637059026657,0.18110232101682944,BINANCE_USDM_MONTHLY_FUNDING_RATE_ARCHIVE,BINANCE_USDM_PREMIUM_INDEX_KLINES_ARCHIVE
2026-06-18 00:00:00.002000+00:00,BTCUSD,,,-0.807142691246312,,VERIFIED_BINANCE_PUBLIC_ARCHIVE_FUNDING_BASIS_CAUSAL,2.636e-05,-0.00040996,0.9647177406435022,0.6145509642053016,BINANCE_USDM_MONTHLY_FUNDING_RATE_ARCHIVE,BINANCE_USDM_PREMIUM_INDEX_KLINES_ARCHIVE
2026-06-18 00:00:00.002000+00:00,ETHUSD,,,-1.2547000993623543,,VERIFIED_BINANCE_PUBLIC_ARCHIVE_FUNDING_BASIS_CAUSAL,4.63e-05,-0.00035941,1.4276548420767574,1.0433109693780838,BINANCE_USDM_MONTHLY_FUNDING_RATE_ARCHIVE,BINANCE_USDM_PREMIUM_INDEX_KLINES_ARCHIVE
2026-06-18 00:00:00.002000+00:00,SOLUSD,,,-0.05401033173078054,,VERIFIED_BINANCE_PUBLIC_ARCHIVE_FUNDING_BASIS_CAUSAL,-5.509e-05,-0.00047783,-0.3017318600113673,0.48880634386007243,BINANCE_USDM_MONTHLY_FUNDING_RATE_ARCHIVE,BINANCE_USDM_PREMIUM_INDEX_KLINES_ARCHIVE
2026-06-18 00:00:00.002000+00:00,XRPUSD,,,-0.24532003147806192,,VERIFIED_BINANCE_PUBLIC_ARCHIVE_FUNDING_BASIS_CAUSAL,-9.61e-06,-0.00054109,0.3622342249083657,0.10242490617435722,BINANCE_USDM_MONTHLY_FUNDING_RATE_ARCHIVE,BINANCE_USDM_PREMIUM_INDEX_KLINES_ARCHIVE
2026-06-18 08:00:00+00:00,BNBUSD,,,0.9542557517902973,,VERIFIED_BINANCE_PUBLIC_ARCHIVE_FUNDING_BASIS_CAUSAL,0.0,0.00026681,-0.8815950045653399,-1.0430633317319118,BINANCE_USDM_MONTHLY_FUNDING_RATE_ARCHIVE,BINANCE_USDM_PREMIUM_INDEX_KLINES_ARCHIVE
2026-06-18 08:00:00+00:00,BTCUSD,,,0.019938598181672096,,VERIFIED_BINANCE_PUBLIC_ARCHIVE_FUNDING_BASIS_CAUSAL,1.896e-05,-0.00062986,0.7344300001685966,-0.9419446628320006,BINANCE_USDM_MONTHLY_FUNDING_RATE_ARCHIVE,BINANCE_USDM_PREMIUM_INDEX_KLINES_ARCHIVE
2026-06-18 08:00:00+00:00,ETHUSD,,,0.13382501808458255,,VERIFIED_BINANCE_PUBLIC_ARCHIVE_FUNDING_BASIS_CAUSAL,6.87e-06,-0.00058886,0.03714207126227365,-0.34278479395296235,BINANCE_USDM_MONTHLY_FUNDING_RATE_ARCHIVE,BINANCE_USDM_PREMIUM_INDEX_KLINES_ARCHIVE
2026-06-18 08:00:00+00:00,SOLUSD,,,0.1564691884032347,,VERIFIED_BINANCE_PUBLIC_ARCHIVE_FUNDING_BASIS_CAUSAL,-4.124e-05,-0.00067799,0.1119085367161224,-0.4844864079935601,BINANCE_USDM_MONTHLY_FUNDING_RATE_ARCHIVE,BINANCE_USDM_PREMIUM_INDEX_KLINES_ARCHIVE
2026-06-18 08:00:00+00:00,XRPUSD,,,0.47021507104448185,,VERIFIED_BINANCE_PUBLIC_ARCHIVE_FUNDING_BASIS_CAUSAL,-5.087e-05,-0.00058833,-0.6802544506094877,-0.21350027379836345,BINANCE_USDM_MONTHLY_FUNDING_RATE_ARCHIVE,BINANCE_USDM_PREMIUM_INDEX_KLINES_ARCHIVE
2026-06-18 16:00:00.001000+00:00,BNBUSD,,,0.7132052799557076,,VERIFIED_BINANCE_PUBLIC_ARCHIVE_FUNDING_BASIS_CAUSAL,0.0,0.00034273,-0.7962239969203632,-0.6117379592211284,BINANCE_USDM_MONTHLY_FUNDING_RATE_ARCHIVE,BINANCE_USDM_PREMIUM_INDEX_KLINES_ARCHIVE
2026-06-18 16:00:00.001000+00:00,BTCUSD,,,-0.9494694605768133,,VERIFIED_BINANCE_PUBLIC_ARCHIVE_FUNDING_BASIS_CAUSAL,8.72e-06,-0.00026437,0.43846179838990085,1.5740343810274837,BINANCE_USDM_MONTHLY_FUNDING_RATE_ARCHIVE,BINANCE_USDM_PREMIUM_INDEX_KLINES_ARCHIVE
2026-06-18 16:00:00.001000+00:00,ETHUSD,,,1.6252612784794052,,VERIFIED_BINANCE_PUBLIC_ARCHIVE_FUNDING_BASIS_CAUSAL,-6.91e-06,-0.00101896,-0.4654209316326357,-3.0428439246254566,BINANCE_USDM_MONTHLY_FUNDING_RATE_ARCHIVE,BINANCE_USDM_PREMIUM_INDEX_KLINES_ARCHIVE
2026-06-18 16:00:00.001000+00:00,SOLUSD,,,-0.5434438477544588,,VERIFIED_BINANCE_PUBLIC_ARCHIVE_FUNDING_BASIS_CAUSAL,-2.67e-05,-0.00045726,0.5564838483786377,0.5275060692137956,BINANCE_USDM_MONTHLY_FUNDING_RATE_ARCHIVE,BINANCE_USDM_PREMIUM_INDEX_KLINES_ARCHIVE
2026-06-18 16:00:00.001000+00:00,XRPUSD,,,0.3261091824369865,,VERIFIED_BINANCE_PUBLIC_ARCHIVE_FUNDING_BASIS_CAUSAL,-1.622e-05,-0.00071882,0.218866516652125,-0.9921905924347895,BINANCE_USDM_MONTHLY_FUNDING_RATE_ARCHIVE,BINANCE_USDM_PREMIUM_INDEX_KLINES_ARCHIVE
2026-06-19 00:00:00.005000+00:00,BNBUSD,,,1.5781445033122745,,VERIFIED_BINANCE_PUBLIC_ARCHIVE_FUNDING_BASIS_CAUSAL,0.0,2.029e-05,-0.7327264102117512,-2.6114332837684695,BINANCE_USDM_MONTHLY_FUNDING_RATE_ARCHIVE,BINANCE_USDM_PREMIUM_INDEX_KLINES_ARCHIVE
2026-06-19 00:00:00.005000+00:00,BTCUSD,,,-0.9959363374757619,,VERIFIED_BINANCE_PUBLIC_ARCHIVE_FUNDING_BASIS_CAUSAL,6.039e-05,-0.00052114,2.002427084265072,-0.23421901971117323,BINANCE_USDM_MONTHLY_FUNDING_RATE_ARCHIVE,BINANCE_USDM_PREMIUM_INDEX_KLINES_ARCHIVE
2026-06-19 00:00:00.005000+00:00,ETHUSD,,,-1.016717159837091,,VERIFIED_BINANCE_PUBLIC_ARCHIVE_FUNDING_BASIS_CAUSAL,6.551e-05,-0.00054927,1.927688713654327,-0.09669251705064211,BINANCE_USDM_MONTHLY_FUNDING_RATE_ARCHIVE,BINANCE_USDM_PREMIUM_INDEX_KLINES_ARCHIVE
2026-06-19 00:00:00.005000+00:00,SOLUSD,,,-2.220561431536923,,VERIFIED_BINANCE_PUBLIC_ARCHIVE_FUNDING_BASIS_CAUSAL,0.0001,-0.00054365,3.9950007236194787,0.05180229676935414,BINANCE_USDM_MONTHLY_FUNDING_RATE_ARCHIVE,BINANCE_USDM_PREMIUM_INDEX_KLINES_ARCHIVE
2026-06-19 00:00:00.005000+00:00,XRPUSD,,,-1.3142137323680019,,VERIFIED_BINANCE_PUBLIC_ARCHIVE_FUNDING_BASIS_CAUSAL,6.346e-05,-0.00051091,2.1787098726420058,0.2576073386997748,BINANCE_USDM_MONTHLY_FUNDING_RATE_ARCHIVE,BINANCE_USDM_PREMIUM_INDEX_KLINES_ARCHIVE
2026-06-19 08:00:00.001000+00:00,BNBUSD,,,1.4867533372281263,,VERIFIED_BINANCE_PUBLIC_ARCHIVE_FUNDING_BASIS_CAUSAL,0.0,0.0,-0.7327264102117512,-2.4083418035814734,BINANCE_USDM_MONTHLY_FUNDING_RATE_ARCHIVE,BINANCE_USDM_PREMIUM_INDEX_KLINES_ARCHIVE
2026-06-19 08:00:00.001000+00:00,BTCUSD,,,0.029140142832136062,,VERIFIED_BINANCE_PUBLIC_ARCHIVE_FUNDING_BASIS_CAUSAL,1.984e-05,-0.00061857,0.64085807499216,-0.8480268535062757,BINANCE_USDM_MONTHLY_FUNDING_RATE_ARCHIVE,BINANCE_USDM_PREMIUM_INDEX_KLINES_ARCHIVE
2026-06-19 08:00:00.001000+00:00,ETHUSD,,,0.41784072438037145,,VERIFIED_BINANCE_PUBLIC_ARCHIVE_FUNDING_BASIS_CAUSAL,-2.067e-05,-0.0004299,-1.2490013325292544,0.5980222411349301,BINANCE_USDM_MONTHLY_FUNDING_RATE_ARCHIVE,BINANCE_USDM_PREMIUM_INDEX_KLINES_ARCHIVE
2026-06-19 08:00:00.001000+00:00,SOLUSD,,,-1.362210767042024,,VERIFIED_BINANCE_PUBLIC_ARCHIVE_FUNDING_BASIS_CAUSAL,6.065e-05,-0.00045349,2.0447413936784087,0.5280066678197759,BINANCE_USDM_MONTHLY_FUNDING_RATE_ARCHIVE,BINANCE_USDM_PREMIUM_INDEX_KLINES_ARCHIVE
2026-06-19 08:00:00.001000+00:00,XRPUSD,,,-0.7076213408420263,,VERIFIED_BINANCE_PUBLIC_ARCHIVE_FUNDING_BASIS_CAUSAL,4.64e-05,-0.00060243,1.4714366220110482,-0.22593066947566706,BINANCE_USDM_MONTHLY_FUNDING_RATE_ARCHIVE,BINANCE_USDM_PREMIUM_INDEX_KLINES_ARCHIVE
2026-06-19 16:00:00.001000+00:00,BNBUSD,,,1.1665761995365362,,VERIFIED_BINANCE_PUBLIC_ARCHIVE_FUNDING_BASIS_CAUSAL,0.0,8.957e-05,-0.6612784557554933,-1.7841623308244776,BINANCE_USDM_MONTHLY_FUNDING_RATE_ARCHIVE,BINANCE_USDM_PREMIUM_INDEX_KLINES_ARCHIVE
2026-06-19 16:00:00.001000+00:00,BTCUSD,,,-0.8117660076913701,,VERIFIED_BINANCE_PUBLIC_ARCHIVE_FUNDING_BASIS_CAUSAL,2.823e-05,-0.0003799,0.8579875133015207,0.7552730563900748,BINANCE_USDM_MONTHLY_FUNDING_RATE_ARCHIVE,BINANCE_USDM_PREMIUM_INDEX_KLINES_ARCHIVE
2026-06-19 16:00:00.001000+00:00,ETHUSD,,,0.42085145737130447,,VERIFIED_BINANCE_PUBLIC_ARCHIVE_FUNDING_BASIS_CAUSAL,-2.7e-07,-0.00058462,-0.52548975010214,-0.2929602107002832,BINANCE_USDM_MONTHLY_FUNDING_RATE_ARCHIVE,BINANCE_USDM_PREMIUM_INDEX_KLINES_ARCHIVE
2026-06-19 16:00:00.001000+00:00,SOLUSD,,,0.2666777922738123,,VERIFIED_BINANCE_PUBLIC_ARCHIVE_FUNDING_BASIS_CAUSAL,-3.617e-05,-0.00064381,-0.11934626714851396,-0.4467496563158435,BINANCE_USDM_MONTHLY_FUNDING_RATE_ARCHIVE,BINANCE_USDM_PREMIUM_INDEX_KLINES_ARCHIVE
2026-06-19 16:00:00.001000+00:00,XRPUSD,,,0.8514584413091906,,VERIFIED_BINANCE_PUBLIC_ARCHIVE_FUNDING_BASIS_CAUSAL,-6.843e-05,-0.00065091,-1.1170431081228385,-0.5268549596480653,BINANCE_USDM_MONTHLY_FUNDING_RATE_ARCHIVE,BINANCE_USDM_PREMIUM_INDEX_KLINES_ARCHIVE
2026-06-20 00:00:00.001000+00:00,BNBUSD,,,0.5128196385903737,,VERIFIED_BINANCE_PUBLIC_ARCHIVE_FUNDING_BASIS_CAUSAL,0.0,0.00035432,-0.6612784557554933,-0.3313699731663386,BINANCE_USDM_MONTHLY_FUNDING_RATE_ARCHIVE,BINANCE_USDM_PREMIUM_INDEX_KLINES_ARCHIVE
2026-06-20 00:00:00.001000+00:00,BTCUSD,,,-1.1238155250125235,,VERIFIED_BINANCE_PUBLIC_ARCHIVE_FUNDING_BASIS_CAUSAL,5.814e-05,-0.00045798,1.8322784356907702,0.2579164119613328,BINANCE_USDM_MONTHLY_FUNDING_RATE_ARCHIVE,BINANCE_USDM_PREMIUM_INDEX_KLINES_ARCHIVE
2026-06-20 00:00:00.001000+00:00,ETHUSD,,,-0.49237373421840525,,VERIFIED_BINANCE_PUBLIC_ARCHIVE_FUNDING_BASIS_CAUSAL,2.505e-05,-0.00041932,0.3733073389115551,0.6378993284823331,BINANCE_USDM_MONTHLY_FUNDING_RATE_ARCHIVE,BINANCE_USDM_PREMIUM_INDEX_KLINES_ARCHIVE
2026-06-20 00:00:00.001000+00:00,SOLUSD,,,-0.1098686510730732,,VERIFIED_BINANCE_PUBLIC_ARCHIVE_FUNDING_BASIS_CAUSAL,-3.087e-05,-0.00050486,-0.031767772404388904,0.2829798353233047,BINANCE_USDM_MONTHLY_FUNDING_RATE_ARCHIVE,BINANCE_USDM_PREMIUM_INDEX_KLINES_ARCHIVE
2026-06-20 00:00:00.001000+00:00,XRPUSD,,,0.5425648825529663,,VERIFIED_BINANCE_PUBLIC_ARCHIVE_FUNDING_BASIS_CAUSAL,-3.917e-05,-0.00067873,-0.43569757528158015,-0.6731804803291047,BINANCE_USDM_MONTHLY_FUNDING_RATE_ARCHIVE,BINANCE_USDM_PREMIUM_INDEX_KLINES_ARCHIVE
2026-06-20 08:00:00+00:00,BNBUSD,,,-0.05395325747189266,,VERIFIED_BINANCE_PUBLIC_ARCHIVE_FUNDING_BASIS_CAUSAL,1.83e-05,0.00040665,0.11554756429364836,-0.021328673088030974,BINANCE_USDM_MONTHLY_FUNDING_RATE_ARCHIVE,BINANCE_USDM_PREMIUM_INDEX_KLINES_ARCHIVE
2026-06-20 08:00:00+00:00,BTCUSD,,,-0.33194935956989874,,VERIFIED_BINANCE_PUBLIC_ARCHIVE_FUNDING_BASIS_CAUSAL,2.633e-05,-0.00051499,0.7368734648374222,-0.16295788020151894,BINANCE_USDM_MONTHLY_FUNDING_RATE_ARCHIVE,BINANCE_USDM_PREMIUM_INDEX_KLINES_ARCHIVE
2026-06-20 08:00:00+00:00,ETHUSD,,,-0.3695949540216379,,VERIFIED_BINANCE_PUBLIC_ARCHIVE_FUNDING_BASIS_CAUSAL,3.17e-05,-0.00052087,0.6397188067147265,0.03944357850786285,BINANCE_USDM_MONTHLY_FUNDING_RATE_ARCHIVE,BINANCE_USDM_PREMIUM_INDEX_KLINES_ARCHIVE
2026-06-20 08:00:00+00:00,SOLUSD,,,0.25111993170235025,,VERIFIED_BINANCE_PUBLIC_ARCHIVE_FUNDING_BASIS_CAUSAL,-3.337e-05,-0.00065021,-0.07588952598085391,-0.46529042758417916,BINANCE_USDM_MONTHLY_FUNDING_RATE_ARCHIVE,BINANCE_USDM_PREMIUM_INDEX_KLINES_ARCHIVE
2026-06-20 08:00:00+00:00,XRPUSD,,,0.49968090679757204,,VERIFIED_BINANCE_PUBLIC_ARCHIVE_FUNDING_BASIS_CAUSAL,-4.504e-05,-0.00064173,-0.5606627263030185,-0.4251475718464707,BINANCE_USDM_MONTHLY_FUNDING_RATE_ARCHIVE,BINANCE_USDM_PREMIUM_INDEX_KLINES_ARCHIVE
2026-06-20 16:00:00.001000+00:00,BNBUSD,,,-0.5147068993230042,,VERIFIED_BINANCE_PUBLIC_ARCHIVE_FUNDING_BASIS_CAUSAL,4.245e-05,0.00034305,1.2340295284092053,-0.3644652028934639,BINANCE_USDM_MONTHLY_FUNDING_RATE_ARCHIVE,BINANCE_USDM_PREMIUM_INDEX_KLINES_ARCHIVE
2026-06-20 16:00:00.001000+00:00,BTCUSD,,,-0.520453357331528,,VERIFIED_BINANCE_PUBLIC_ARCHIVE_FUNDING_BASIS_CAUSAL,3.985e-05,-0.00050989,1.0740717028607212,-0.1561912872041526,BINANCE_USDM_MONTHLY_FUNDING_RATE_ARCHIVE,BINANCE_USDM_PREMIUM_INDEX_KLINES_ARCHIVE
2026-06-20 16:00:00.001000+00:00,ETHUSD,,,-0.05544577724414074,,VERIFIED_BINANCE_PUBLIC_ARCHIVE_FUNDING_BASIS_CAUSAL,3.209e-05,-0.00064517,0.6413447252149344,-0.6606529369423848,BINANCE_USDM_MONTHLY_FUNDING_RATE_ARCHIVE,BINANCE_USDM_PREMIUM_INDEX_KLINES_ARCHIVE
2026-06-20 16:00:00.001000+00:00,SOLUSD,,,-0.3548607832151401,,VERIFIED_BINANCE_PUBLIC_ARCHIVE_FUNDING_BASIS_CAUSAL,-1.391e-05,-0.00048553,0.3366204783324701,0.3771544891828478,BINANCE_USDM_MONTHLY_FUNDING_RATE_ARCHIVE,BINANCE_USDM_PREMIUM_INDEX_KLINES_ARCHIVE
2026-06-20 16:00:00.001000+00:00,XRPUSD,,,0.34436379138694784,,VERIFIED_BINANCE_PUBLIC_ARCHIVE_FUNDING_BASIS_CAUSAL,2.09e-06,-0.00078676,0.5291965780232549,-1.4120486873327514,BINANCE_USDM_MONTHLY_FUNDING_RATE_ARCHIVE,BINANCE_USDM_PREMIUM_INDEX_KLINES_ARCHIVE
2026-06-21 00:00:00+00:00,BNBUSD,,,0.11907537246521804,,VERIFIED_BINANCE_PUBLIC_ARCHIVE_FUNDING_BASIS_CAUSAL,0.0,0.00053474,-0.7087937505072982,0.6016915340306577,BINANCE_USDM_MONTHLY_FUNDING_RATE_ARCHIVE,BINANCE_USDM_PREMIUM_INDEX_KLINES_ARCHIVE
2026-06-21 00:00:00+00:00,BTCUSD,,,-0.24946975727706505,,VERIFIED_BINANCE_PUBLIC_ARCHIVE_FUNDING_BASIS_CAUSAL,7.78e-06,-0.00042038,0.08409510793120592,0.4515943286997817,BINANCE_USDM_MONTHLY_FUNDING_RATE_ARCHIVE,BINANCE_USDM_PREMIUM_INDEX_KLINES_ARCHIVE
2026-06-21 00:00:00+00:00,ETHUSD,,,0.030150708436330276,,VERIFIED_BINANCE_PUBLIC_ARCHIVE_FUNDING_BASIS_CAUSAL,2.892e-05,-0.00062796,0.4594435590067715,-0.6285437019778991,BINANCE_USDM_MONTHLY_FUNDING_RATE_ARCHIVE,BINANCE_USDM_PREMIUM_INDEX_KLINES_ARCHIVE
2026-06-21 00:00:00+00:00,SOLUSD,,,-0.9957054257590209,,VERIFIED_BINANCE_PUBLIC_ARCHIVE_FUNDING_BASIS_CAUSAL,4.438e-05,-0.00047952,1.5208769675256688,0.3538290969331176,BINANCE_USDM_MONTHLY_FUNDING_RATE_ARCHIVE,BINANCE_USDM_PREMIUM_INDEX_KLINES_ARCHIVE
2026-06-21 00:00:00+00:00,XRPUSD,,,0.6151240337212696,,VERIFIED_BINANCE_PUBLIC_ARCHIVE_FUNDING_BASIS_CAUSAL,-8.279e-05,-0.00052102,-1.4216674379344958,0.3706512380948959,BINANCE_USDM_MONTHLY_FUNDING_RATE_ARCHIVE,BINANCE_USDM_PREMIUM_INDEX_KLINES_ARCHIVE
2026-06-21 08:00:00+00:00,BNBUSD,,,-0.0581244710323508,,VERIFIED_BINANCE_PUBLIC_ARCHIVE_FUNDING_BASIS_CAUSAL,0.0,0.00060513,-0.7087937505072982,0.9954689640252551,BINANCE_USDM_MONTHLY_FUNDING_RATE_ARCHIVE,BINANCE_USDM_PREMIUM_INDEX_KLINES_ARCHIVE
2026-06-21 08:00:00+00:00,BTCUSD,,,-0.8223268243005704,,VERIFIED_BINANCE_PUBLIC_ARCHIVE_FUNDING_BASIS_CAUSAL,3.034e-05,-0.00037057,0.6746927016562994,1.0027685297546793,BINANCE_USDM_MONTHLY_FUNDING_RATE_ARCHIVE,BINANCE_USDM_PREMIUM_INDEX_KLINES_ARCHIVE
2026-06-21 08:00:00+00:00,ETHUSD,,,-0.29656008125587596,,VERIFIED_BINANCE_PUBLIC_ARCHIVE_FUNDING_BASIS_CAUSAL,2.602e-05,-0.00048098,0.2875312835741005,0.30759527842249046,BINANCE_USDM_MONTHLY_FUNDING_RATE_ARCHIVE,BINANCE_USDM_PREMIUM_INDEX_KLINES_ARCHIVE
2026-06-21 08:00:00+00:00,SOLUSD,,,-0.9105386768513334,,VERIFIED_BINANCE_PUBLIC_ARCHIVE_FUNDING_BASIS_CAUSAL,2.277e-05,-0.00038973,0.9198954404265892,0.8991026324815763,BINANCE_USDM_MONTHLY_FUNDING_RATE_ARCHIVE,BINANCE_USDM_PREMIUM_INDEX_KLINES_ARCHIVE
2026-06-21 08:00:00+00:00,XRPUSD,,,-0.3723840543079061,,VERIFIED_BINANCE_PUBLIC_ARCHIVE_FUNDING_BASIS_CAUSAL,-9.91e-06,-0.00050099,0.20169304628288187,0.5810063974496023,BINANCE_USDM_MONTHLY_FUNDING_RATE_ARCHIVE,BINANCE_USDM_PREMIUM_INDEX_KLINES_ARCHIVE
2026-06-21 16:00:00+00:00,BNBUSD,,,-1.0658447275169391,,VERIFIED_BINANCE_PUBLIC_ARCHIVE_FUNDING_BASIS_CAUSAL,5.515e-05,0.00048504,1.658358902805294,0.3416607354978387,BINANCE_USDM_MONTHLY_FUNDING_RATE_ARCHIVE,BINANCE_USDM_PREMIUM_INDEX_KLINES_ARCHIVE
2026-06-21 16:00:00+00:00,BTCUSD,,,-0.5867793469368127,,VERIFIED_BINANCE_PUBLIC_ARCHIVE_FUNDING_BASIS_CAUSAL,4.189e-05,-0.00046801,0.9509526520025285,0.14167864074538203,BINANCE_USDM_MONTHLY_FUNDING_RATE_ARCHIVE,BINANCE_USDM_PREMIUM_INDEX_KLINES_ARCHIVE
2026-06-21 16:00:00+00:00,ETHUSD,,,0.8114916315318224,,VERIFIED_BINANCE_PUBLIC_ARCHIVE_FUNDING_BASIS_CAUSAL,7.57e-06,-0.00072738,-0.5163353640404882,-1.1722381806878974,BINANCE_USDM_MONTHLY_FUNDING_RATE_ARCHIVE,BINANCE_USDM_PREMIUM_INDEX_KLINES_ARCHIVE
2026-06-21 16:00:00+00:00,SOLUSD,,,-0.3125560008071697,,VERIFIED_BINANCE_PUBLIC_ARCHIVE_FUNDING_BASIS_CAUSAL,7.45e-06,-0.00053546,0.4741178120175607,0.11509156488335853,BINANCE_USDM_MONTHLY_FUNDING_RATE_ARCHIVE,BINANCE_USDM_PREMIUM_INDEX_KLINES_ARCHIVE
2026-06-21 16:00:00+00:00,XRPUSD,,,-0.4894743976777052,,VERIFIED_BINANCE_PUBLIC_ARCHIVE_FUNDING_BASIS_CAUSAL,-7.16e-06,-0.00047244,0.19878624257353167,0.8447599205828061,BINANCE_USDM_MONTHLY_FUNDING_RATE_ARCHIVE,BINANCE_USDM_PREMIUM_INDEX_KLINES_ARCHIVE
2026-06-22 00:00:00+00:00,BNBUSD,,,0.6806780068344066,,VERIFIED_BINANCE_PUBLIC_ARCHIVE_FUNDING_BASIS_CAUSAL,0.0,0.00032151,-0.7873856402830014,-0.5502575659527906,BINANCE_USDM_MONTHLY_FUNDING_RATE_ARCHIVE,BINANCE_USDM_PREMIUM_INDEX_KLINES_ARCHIVE
2026-06-22 00:00:00+00:00,BTCUSD,,,-0.563159137270976,,VERIFIED_BINANCE_PUBLIC_ARCHIVE_FUNDING_BASIS_CAUSAL,6.572e-05,-0.00056645,1.6285838871425635,-0.7390266681276312,BINANCE_USDM_MONTHLY_FUNDING_RATE_ARCHIVE,BINANCE_USDM_PREMIUM_INDEX_KLINES_ARCHIVE
2026-06-22 00:00:00+00:00,ETHUSD,,,-0.23235989718304903,,VERIFIED_BINANCE_PUBLIC_ARCHIVE_FUNDING_BASIS_CAUSAL,3.88e-05,-0.00061283,0.7616858757135181,-0.4145940765764133,BINANCE_USDM_MONTHLY_FUNDING_RATE_ARCHIVE,BINANCE_USDM_PREMIUM_INDEX_KLINES_ARCHIVE
2026-06-22 00:00:00+00:00,SOLUSD,,,-0.23483882346925555,,VERIFIED_BINANCE_PUBLIC_ARCHIVE_FUNDING_BASIS_CAUSAL,4.338e-05,-0.00074184,1.2938685210012841,-1.0595308068476683,BINANCE_USDM_MONTHLY_FUNDING_RATE_ARCHIVE,BINANCE_USDM_PREMIUM_INDEX_KLINES_ARCHIVE
2026-06-22 00:00:00+00:00,XRPUSD,,,-0.17471107369631175,,VERIFIED_BINANCE_PUBLIC_ARCHIVE_FUNDING_BASIS_CAUSAL,1.89e-06,-0.00058292,0.38760579819681185,-0.08549358958207731,BINANCE_USDM_MONTHLY_FUNDING_RATE_ARCHIVE,BINANCE_USDM_PREMIUM_INDEX_KLINES_ARCHIVE
2026-06-22 08:00:00+00:00,BNBUSD,,,0.22116009367803324,,VERIFIED_BINANCE_PUBLIC_ARCHIVE_FUNDING_BASIS_CAUSAL,0.0,0.0004866,-0.7081995800959936,0.3741103897216961,BINANCE_USDM_MONTHLY_FUNDING_RATE_ARCHIVE,BINANCE_USDM_PREMIUM_INDEX_KLINES_ARCHIVE
2026-06-22 08:00:00+00:00,BTCUSD,,,0.22520966422822392,,VERIFIED_BINANCE_PUBLIC_ARCHIVE_FUNDING_BASIS_CAUSAL,1.514e-05,-0.00054133,0.024018725670056047,-0.5298221407705661,BINANCE_USDM_MONTHLY_FUNDING_RATE_ARCHIVE,BINANCE_USDM_PREMIUM_INDEX_KLINES_ARCHIVE
2026-06-22 08:00:00+00:00,ETHUSD,,,0.5064367939032712,,VERIFIED_BINANCE_PUBLIC_ARCHIVE_FUNDING_BASIS_CAUSAL,1.941e-05,-0.00069649,-0.097553604822236,-1.006182913891203,BINANCE_USDM_MONTHLY_FUNDING_RATE_ARCHIVE,BINANCE_USDM_PREMIUM_INDEX_KLINES_ARCHIVE
2026-06-22 08:00:00+00:00,SOLUSD,,,0.18598385308683152,,VERIFIED_BINANCE_PUBLIC_ARCHIVE_FUNDING_BASIS_CAUSAL,-4.305e-05,-0.00043922,-0.8762270123726605,0.6576466749291818,BINANCE_USDM_MONTHLY_FUNDING_RATE_ARCHIVE,BINANCE_USDM_PREMIUM_INDEX_KLINES_ARCHIVE
2026-06-22 08:00:00+00:00,XRPUSD,,,-0.5593289725190198,,VERIFIED_BINANCE_PUBLIC_ARCHIVE_FUNDING_BASIS_CAUSAL,7.29e-06,-0.00049439,0.46976292136925246,0.6687985905909575,BINANCE_USDM_MONTHLY_FUNDING_RATE_ARCHIVE,BINANCE_USDM_PREMIUM_INDEX_KLINES_ARCHIVE
2026-06-22 16:00:00.002000+00:00,BNBUSD,,,0.6077810767163213,,VERIFIED_BINANCE_PUBLIC_ARCHIVE_FUNDING_BASIS_CAUSAL,0.0,0.00031974,-0.6740830926053911,-0.5267452795185692,BINANCE_USDM_MONTHLY_FUNDING_RATE_ARCHIVE,BINANCE_USDM_PREMIUM_INDEX_KLINES_ARCHIVE
2026-06-22 16:00:00.002000+00:00,BTCUSD,,,-0.4019623535665777,,VERIFIED_BINANCE_PUBLIC_ARCHIVE_FUNDING_BASIS_CAUSAL,4.813e-05,-0.00051585,0.9751212373759167,-0.29856517108928105,BINANCE_USDM_MONTHLY_FUNDING_RATE_ARCHIVE,BINANCE_USDM_PREMIUM_INDEX_KLINES_ARCHIVE
2026-06-22 16:00:00.002000+00:00,ETHUSD,,,0.34669246367414697,,VERIFIED_BINANCE_PUBLIC_ARCHIVE_FUNDING_BASIS_CAUSAL,7.89e-06,-0.00056461,-0.5160163834737693,-0.13974100614127513,BINANCE_USDM_MONTHLY_FUNDING_RATE_ARCHIVE,BINANCE_USDM_PREMIUM_INDEX_KLINES_ARCHIVE
2026-06-22 16:00:00.002000+00:00,SOLUSD,,,0.26872689164474794,,VERIFIED_BINANCE_PUBLIC_ARCHIVE_FUNDING_BASIS_CAUSAL,-3.017e-05,-0.00053767,-0.5764672086103058,0.10740016242426723,BINANCE_USDM_MONTHLY_FUNDING_RATE_ARCHIVE,BINANCE_USDM_PREMIUM_INDEX_KLINES_ARCHIVE
2026-06-22 16:00:00.002000+00:00,XRPUSD,,,0.6887175969518562,,VERIFIED_BINANCE_PUBLIC_ARCHIVE_FUNDING_BASIS_CAUSAL,-4.147e-05,-0.00063856,-0.8047264731628182,-0.5469289704717916,BINANCE_USDM_MONTHLY_FUNDING_RATE_ARCHIVE,BINANCE_USDM_PREMIUM_INDEX_KLINES_ARCHIVE
2026-06-23 00:00:00.003000+00:00,BNBUSD,,,0.8312759329506989,,VERIFIED_BINANCE_PUBLIC_ARCHIVE_FUNDING_BASIS_CAUSAL,0.0,0.00022607,-0.6740830926053911,-1.023400515594964,BINANCE_USDM_MONTHLY_FUNDING_RATE_ARCHIVE,BINANCE_USDM_PREMIUM_INDEX_KLINES_ARCHIVE
2026-06-23 00:00:00.003000+00:00,BTCUSD,,,-0.18590254090555908,,VERIFIED_BINANCE_PUBLIC_ARCHIVE_FUNDING_BASIS_CAUSAL,4.041e-05,-0.00052444,0.6348814690723132,-0.3628494824093627,BINANCE_USDM_MONTHLY_FUNDING_RATE_ARCHIVE,BINANCE_USDM_PREMIUM_INDEX_KLINES_ARCHIVE
2026-06-23 00:00:00.003000+00:00,ETHUSD,,,0.20926410720599292,,VERIFIED_BINANCE_PUBLIC_ARCHIVE_FUNDING_BASIS_CAUSAL,2.37e-05,-0.00066838,0.2436714280966178,-0.7628519836869616,BINANCE_USDM_MONTHLY_FUNDING_RATE_ARCHIVE,BINANCE_USDM_PREMIUM_INDEX_KLINES_ARCHIVE
2026-06-23 00:00:00.003000+00:00,SOLUSD,,,-0.12017450457200113,,VERIFIED_BINANCE_PUBLIC_ARCHIVE_FUNDING_BASIS_CAUSAL,-2.964e-05,-0.00040828,-0.5070222302672645,0.8867482915977701,BINANCE_USDM_MONTHLY_FUNDING_RATE_ARCHIVE,BINANCE_USDM_PREMIUM_INDEX_KLINES_ARCHIVE
2026-06-23 00:00:00.003000+00:00,XRPUSD,,,1.8343109495059124,,VERIFIED_BINANCE_PUBLIC_ARCHIVE_FUNDING_BASIS_CAUSAL,-0.00011229,-0.00065231,-2.7426085794139294,-0.7241694018405583,BINANCE_USDM_MONTHLY_FUNDING_RATE_ARCHIVE,BINANCE_USDM_PREMIUM_INDEX_KLINES_ARCHIVE
2026-06-23 08:00:00.005000+00:00,BNBUSD,,,-0.2010718373221803,,VERIFIED_BINANCE_PUBLIC_ARCHIVE_FUNDING_BASIS_CAUSAL,0.0,0.00062301,-0.6740830926053911,1.2707056405669899,BINANCE_USDM_MONTHLY_FUNDING_RATE_ARCHIVE,BINANCE_USDM_PREMIUM_INDEX_KLINES_ARCHIVE
2026-06-23 08:00:00.005000+00:00,BTCUSD,,,-0.8865037775295059,,VERIFIED_BINANCE_PUBLIC_ARCHIVE_FUNDING_BASIS_CAUSAL,1.655e-05,-0.00023872,-0.22142857601484642,2.240643320750381,BINANCE_USDM_MONTHLY_FUNDING_RATE_ARCHIVE,BINANCE_USDM_PREMIUM_INDEX_KLINES_ARCHIVE
2026-06-23 08:00:00.005000+00:00,ETHUSD,,,-0.6124270992070289,,VERIFIED_BINANCE_PUBLIC_ARCHIVE_FUNDING_BASIS_CAUSAL,3.35e-06,-0.00019049,-0.8455593301315023,2.3944105128430113,BINANCE_USDM_MONTHLY_FUNDING_RATE_ARCHIVE,BINANCE_USDM_PREMIUM_INDEX_KLINES_ARCHIVE
2026-06-23 08:00:00.005000+00:00,SOLUSD,,,0.8070117678586006,,VERIFIED_BINANCE_PUBLIC_ARCHIVE_FUNDING_BASIS_CAUSAL,-9.607e-05,-0.0004294,-2.0537906455010693,0.7168290825933058,BINANCE_USDM_MONTHLY_FUNDING_RATE_ARCHIVE,BINANCE_USDM_PREMIUM_INDEX_KLINES_ARCHIVE
2026-06-23 08:00:00.005000+00:00,XRPUSD,,,-1.0629327058051654,,VERIFIED_BINANCE_PUBLIC_ARCHIVE_FUNDING_BASIS_CAUSAL,-1.998e-05,-0.00028892,-0.033107833121593405,2.4025378089378706,BINANCE_USDM_MONTHLY_FUNDING_RATE_ARCHIVE,BINANCE_USDM_PREMIUM_INDEX_KLINES_ARCHIVE
2026-06-23 16:00:00.002000+00:00,BNBUSD,,,1.1178236323584754,,VERIFIED_BINANCE_PUBLIC_ARCHIVE_FUNDING_BASIS_CAUSAL,0.0,0.00011713,-0.6740830926053911,-1.6601731809455782,BINANCE_USDM_MONTHLY_FUNDING_RATE_ARCHIVE,BINANCE_USDM_PREMIUM_INDEX_KLINES_ARCHIVE
2026-06-23 16:00:00.002000+00:00,BTCUSD,,,0.6339038328589192,,VERIFIED_BINANCE_PUBLIC_ARCHIVE_FUNDING_BASIS_CAUSAL,-1.889e-05,-0.00044026,-1.4270116058487359,0.33545011190641255,BINANCE_USDM_MONTHLY_FUNDING_RATE_ARCHIVE,BINANCE_USDM_PREMIUM_INDEX_KLINES_ARCHIVE
2026-06-23 16:00:00.002000+00:00,ETHUSD,,,0.8330910156113922,,VERIFIED_BINANCE_PUBLIC_ARCHIVE_FUNDING_BASIS_CAUSAL,-3.854e-05,-0.00027775,-2.8178582543491575,1.5927356095125436,BINANCE_USDM_MONTHLY_FUNDING_RATE_ARCHIVE,BINANCE_USDM_PREMIUM_INDEX_KLINES_ARCHIVE
2026-06-23 16:00:00.002000+00:00,SOLUSD,,,2.4002872334572025,,VERIFIED_BINANCE_PUBLIC_ARCHIVE_FUNDING_BASIS_CAUSAL,-0.00020855,-0.00058346,-4.207149944489978,-0.19189947552825418,BINANCE_USDM_MONTHLY_FUNDING_RATE_ARCHIVE,BINANCE_USDM_PREMIUM_INDEX_KLINES_ARCHIVE
2026-06-23 16:00:00.002000+00:00,XRPUSD,,,-0.01020027478481067,,VERIFIED_BINANCE_PUBLIC_ARCHIVE_FUNDING_BASIS_CAUSAL,-7.911e-05,-0.00036734,-1.4493920347092033,1.7941464308330501,BINANCE_USDM_MONTHLY_FUNDING_RATE_ARCHIVE,BINANCE_USDM_PREMIUM_INDEX_KLINES_ARCHIVE
2026-06-24 00:00:00.005000+00:00,BNBUSD,,,0.025790289946393374,,VERIFIED_BINANCE_PUBLIC_ARCHIVE_FUNDING_BASIS_CAUSAL,0.0,0.00052901,-0.6024344336259926,0.6789969967731169,BINANCE_USDM_MONTHLY_FUNDING_RATE_ARCHIVE,BINANCE_USDM_PREMIUM_INDEX_KLINES_ARCHIVE
2026-06-24 00:00:00.005000+00:00,BTCUSD,,,-0.5882872711417491,,VERIFIED_BINANCE_PUBLIC_ARCHIVE_FUNDING_BASIS_CAUSAL,2.154e-05,-0.00031977,-0.01652090708529406,1.3274972667525795,BINANCE_USDM_MONTHLY_FUNDING_RATE_ARCHIVE,BINANCE_USDM_PREMIUM_INDEX_KLINES_ARCHIVE
2026-06-24 00:00:00.005000+00:00,ETHUSD,,,-1.672591398419946,,VERIFIED_BINANCE_PUBLIC_ARCHIVE_FUNDING_BASIS_CAUSAL,4.579e-05,-0.00015526,1.2586479421533534,2.1785222894124483,BINANCE_USDM_MONTHLY_FUNDING_RATE_ARCHIVE,BINANCE_USDM_PREMIUM_INDEX_KLINES_ARCHIVE
2026-06-24 00:00:00.005000+00:00,SOLUSD,,,0.019017206323952984,,VERIFIED_BINANCE_PUBLIC_ARCHIVE_FUNDING_BASIS_CAUSAL,-8.775e-05,-0.00035522,-1.0164297299844536,1.200042544816659,BINANCE_USDM_MONTHLY_FUNDING_RATE_ARCHIVE,BINANCE_USDM_PREMIUM_INDEX_KLINES_ARCHIVE
2026-06-24 00:00:00.005000+00:00,XRPUSD,,,-1.2251325889070857,,VERIFIED_BINANCE_PUBLIC_ARCHIVE_FUNDING_BASIS_CAUSAL,6.87e-06,-0.00034546,0.7332911403386002,1.8262721371574564,BINANCE_USDM_MONTHLY_FUNDING_RATE_ARCHIVE,BINANCE_USDM_PREMIUM_INDEX_KLINES_ARCHIVE
2026-06-24 08:00:00.005000+00:00,BNBUSD,,,1.2807814868399916,,VERIFIED_BINANCE_PUBLIC_ARCHIVE_FUNDING_BASIS_CAUSAL,0.0,-1.65e-06,-0.5277744235888046,-2.201123453035887,BINANCE_USDM_MONTHLY_FUNDING_RATE_ARCHIVE,BINANCE_USDM_PREMIUM_INDEX_KLINES_ARCHIVE
2026-06-24 08:00:00.005000+00:00,BTCUSD,,,0.41186500232740575,,VERIFIED_BINANCE_PUBLIC_ARCHIVE_FUNDING_BASIS_CAUSAL,2.134e-05,-0.00053637,-0.21763430912548706,-0.6492580717964174,BINANCE_USDM_MONTHLY_FUNDING_RATE_ARCHIVE,BINANCE_USDM_PREMIUM_INDEX_KLINES_ARCHIVE
2026-06-24 08:00:00.005000+00:00,ETHUSD,,,-0.024703432357637473,,VERIFIED_BINANCE_PUBLIC_ARCHIVE_FUNDING_BASIS_CAUSAL,2.212e-05,-0.00055899,0.21573933169252563,-0.20878488905167028,BINANCE_USDM_MONTHLY_FUNDING_RATE_ARCHIVE,BINANCE_USDM_PREMIUM_INDEX_KLINES_ARCHIVE
2026-06-24 08:00:00.005000+00:00,SOLUSD,,,0.8414960599360295,,VERIFIED_BINANCE_PUBLIC_ARCHIVE_FUNDING_BASIS_CAUSAL,-7.233e-05,-0.00067265,-0.7359858310471671,-0.97045300635575,BINANCE_USDM_MONTHLY_FUNDING_RATE_ARCHIVE,BINANCE_USDM_PREMIUM_INDEX_KLINES_ARCHIVE
2026-06-24 08:00:00.005000+00:00,XRPUSD,,,-0.7020703876027012,,VERIFIED_BINANCE_PUBLIC_ARCHIVE_FUNDING_BASIS_CAUSAL,3.248e-05,-0.00055638,1.2974149763119383,-0.025572998597477484,BINANCE_USDM_MONTHLY_FUNDING_RATE_ARCHIVE,BINANCE_USDM_PREMIUM_INDEX_KLINES_ARCHIVE
2026-06-24 16:00:00.003000+00:00,BNBUSD,,,1.159976064809309,,VERIFIED_BINANCE_PUBLIC_ARCHIVE_FUNDING_BASIS_CAUSAL,0.0,0.0,-0.4518938137912706,-2.0254099271646893,BINANCE_USDM_MONTHLY_FUNDING_RATE_ARCHIVE,BINANCE_USDM_PREMIUM_INDEX_KLINES_ARCHIVE
2026-06-24 16:00:00.003000+00:00,BTCUSD,,,0.9045209581193427,,VERIFIED_BINANCE_PUBLIC_ARCHIVE_FUNDING_BASIS_CAUSAL,2.7e-07,-0.00049571,-1.411806785182915,-0.28450494726386544,BINANCE_USDM_MONTHLY_FUNDING_RATE_ARCHIVE,BINANCE_USDM_PREMIUM_INDEX_KLINES_ARCHIVE
2026-06-24 16:00:00.003000+00:00,ETHUSD,,,0.6048145191037833,,VERIFIED_BINANCE_PUBLIC_ARCHIVE_FUNDING_BASIS_CAUSAL,4.3e-07,-0.00060434,-0.7356900012357809,-0.4448555964980084,BINANCE_USDM_MONTHLY_FUNDING_RATE_ARCHIVE,BINANCE_USDM_PREMIUM_INDEX_KLINES_ARCHIVE
2026-06-24 16:00:00.003000+00:00,SOLUSD,,,0.44581480778701693,,VERIFIED_BINANCE_PUBLIC_ARCHIVE_FUNDING_BASIS_CAUSAL,-1.309e-05,-0.00071705,0.2006008441797376,-1.2358783824130501,BINANCE_USDM_MONTHLY_FUNDING_RATE_ARCHIVE,BINANCE_USDM_PREMIUM_INDEX_KLINES_ARCHIVE
2026-06-24 16:00:00.003000+00:00,XRPUSD,,,1.1607074493189957,,VERIFIED_BINANCE_PUBLIC_ARCHIVE_FUNDING_BASIS_CAUSAL,-7.712e-05,-0.00067808,-1.259169507606774,-1.0403649336339333,BINANCE_USDM_MONTHLY_FUNDING_RATE_ARCHIVE,BINANCE_USDM_PREMIUM_INDEX_KLINES_ARCHIVE
2026-06-25 00:00:00+00:00,BNBUSD,,,1.295529206410677,,VERIFIED_BINANCE_PUBLIC_ARCHIVE_FUNDING_BASIS_CAUSAL,0.0,-0.00011766,-0.3762680360570325,-2.4190706368429087,BINANCE_USDM_MONTHLY_FUNDING_RATE_ARCHIVE,BINANCE_USDM_PREMIUM_INDEX_KLINES_ARCHIVE
2026-06-25 00:00:00+00:00,BTCUSD,,,1.295978254167245,,VERIFIED_BINANCE_PUBLIC_ARCHIVE_FUNDING_BASIS_CAUSAL,-1.423e-05,-0.00052203,-1.9680888945483612,-0.47450969370143664,BINANCE_USDM_MONTHLY_FUNDING_RATE_ARCHIVE,BINANCE_USDM_PREMIUM_INDEX_KLINES_ARCHIVE
2026-06-25 00:00:00+00:00,ETHUSD,,,0.03645127271517273,,VERIFIED_BINANCE_PUBLIC_ARCHIVE_FUNDING_BASIS_CAUSAL,5.42e-06,-0.0004452,-0.4464443651064428,0.46465139576304626,BINANCE_USDM_MONTHLY_FUNDING_RATE_ARCHIVE,BINANCE_USDM_PREMIUM_INDEX_KLINES_ARCHIVE
2026-06-25 00:00:00+00:00,SOLUSD,,,0.8575688304365556,,VERIFIED_BINANCE_PUBLIC_ARCHIVE_FUNDING_BASIS_CAUSAL,-0.00011854,-0.00056416,-1.4373413237581172,-0.14895800526575803,BINANCE_USDM_MONTHLY_FUNDING_RATE_ARCHIVE,BINANCE_USDM_PREMIUM_INDEX_KLINES_ARCHIVE
2026-06-25 00:00:00+00:00,XRPUSD,,,2.1738966975660574,,VERIFIED_BINANCE_PUBLIC_ARCHIVE_FUNDING_BASIS_CAUSAL,-0.0001523,-0.00073622,-2.7719157141914477,-1.4429845661350242,BINANCE_USDM_MONTHLY_FUNDING_RATE_ARCHIVE,BINANCE_USDM_PREMIUM_INDEX_KLINES_ARCHIVE
2026-06-25 08:00:00+00:00,BNBUSD,,,0.9387970399437098,,VERIFIED_BINANCE_PUBLIC_ARCHIVE_FUNDING_BASIS_CAUSAL,0.0,0.0,-0.3762680360570325,-1.6263324891385376,BINANCE_USDM_MONTHLY_FUNDING_RATE_ARCHIVE,BINANCE_USDM_PREMIUM_INDEX_KLINES_ARCHIVE
2026-06-25 08:00:00+00:00,BTCUSD,,,0.8119074727735953,,VERIFIED_BINANCE_PUBLIC_ARCHIVE_FUNDING_BASIS_CAUSAL,-1.803e-05,-0.00041236,-1.8975419105361209,0.5149790622694917,BINANCE_USDM_MONTHLY_FUNDING_RATE_ARCHIVE,BINANCE_USDM_PREMIUM_INDEX_KLINES_ARCHIVE
2026-06-25 08:00:00+00:00,ETHUSD,,,-1.20337174581759,,VERIFIED_BINANCE_PUBLIC_ARCHIVE_FUNDING_BASIS_CAUSAL,4.282e-05,-0.00029676,1.1420442362579157,1.2783275908349694,BINANCE_USDM_MONTHLY_FUNDING_RATE_ARCHIVE,BINANCE_USDM_PREMIUM_INDEX_KLINES_ARCHIVE
2026-06-25 08:00:00+00:00,SOLUSD,,,0.29093045529455724,,VERIFIED_BINANCE_PUBLIC_ARCHIVE_FUNDING_BASIS_CAUSAL,-4.028e-05,-0.00061179,-0.17714288280501586,-0.4300041550039967,BINANCE_USDM_MONTHLY_FUNDING_RATE_ARCHIVE,BINANCE_USDM_PREMIUM_INDEX_KLINES_ARCHIVE
2026-06-25 08:00:00+00:00,XRPUSD,,,-0.23604256988043043,,VERIFIED_BINANCE_PUBLIC_ARCHIVE_FUNDING_BASIS_CAUSAL,-3.356e-05,-0.00048195,-0.07461488784892517,0.6157350182163095,BINANCE_USDM_MONTHLY_FUNDING_RATE_ARCHIVE,BINANCE_USDM_PREMIUM_INDEX_KLINES_ARCHIVE
2026-06-25 16:00:00+00:00,BNBUSD,,,0.4155416520156697,,VERIFIED_BINANCE_PUBLIC_ARCHIVE_FUNDING_BASIS_CAUSAL,0.0,0.00023489,-0.3762680360570325,-0.46354273818733743,BINANCE_USDM_MONTHLY_FUNDING_RATE_ARCHIVE,BINANCE_USDM_PREMIUM_INDEX_KLINES_ARCHIVE
2026-06-25 16:00:00+00:00,BTCUSD,,,0.3661485922740295,,VERIFIED_BINANCE_PUBLIC_ARCHIVE_FUNDING_BASIS_CAUSAL,1.58e-05,-0.00050677,-0.35104818994337206,-0.38460463956705526,BINANCE_USDM_MONTHLY_FUNDING_RATE_ARCHIVE,BINANCE_USDM_PREMIUM_INDEX_KLINES_ARCHIVE
2026-06-25 16:00:00+00:00,ETHUSD,,,2.382906981314006,,VERIFIED_BINANCE_PUBLIC_ARCHIVE_FUNDING_BASIS_CAUSAL,-8.135e-05,-0.00054962,-4.208368821971864,-0.1517869538432895,BINANCE_USDM_MONTHLY_FUNDING_RATE_ARCHIVE,BINANCE_USDM_PREMIUM_INDEX_KLINES_ARCHIVE
2026-06-25 16:00:00+00:00,SOLUSD,,,0.23087106690132897,,VERIFIED_BINANCE_PUBLIC_ARCHIVE_FUNDING_BASIS_CAUSAL,-4.827e-05,-0.00056307,-0.2830730247599143,-0.16706867396305802,BINANCE_USDM_MONTHLY_FUNDING_RATE_ARCHIVE,BINANCE_USDM_PREMIUM_INDEX_KLINES_ARCHIVE
2026-06-25 16:00:00+00:00,XRPUSD,,,1.5333573892950159,,VERIFIED_BINANCE_PUBLIC_ARCHIVE_FUNDING_BASIS_CAUSAL,-0.00012131,-0.00072985,-1.6841141721656314,-1.3490990991198188,BINANCE_USDM_MONTHLY_FUNDING_RATE_ARCHIVE,BINANCE_USDM_PREMIUM_INDEX_KLINES_ARCHIVE
2026-06-26 00:00:00.010000+00:00,BNBUSD,,,0.36798087513137984,,VERIFIED_BINANCE_PUBLIC_ARCHIVE_FUNDING_BASIS_CAUSAL,0.0,0.00024948,-0.3762680360570325,-0.3578521228889154,BINANCE_USDM_MONTHLY_FUNDING_RATE_ARCHIVE,BINANCE_USDM_PREMIUM_INDEX_KLINES_ARCHIVE
2026-06-26 00:00:00.010000+00:00,BTCUSD,,,-0.47843102906212853,,VERIFIED_BINANCE_PUBLIC_ARCHIVE_FUNDING_BASIS_CAUSAL,5.298e-05,-0.0005135,1.3072153491090306,-0.5345275843285298,BINANCE_USDM_MONTHLY_FUNDING_RATE_ARCHIVE,BINANCE_USDM_PREMIUM_INDEX_KLINES_ARCHIVE
2026-06-26 00:00:00.010000+00:00,ETHUSD,,,0.7531851183841157,,VERIFIED_BINANCE_PUBLIC_ARCHIVE_FUNDING_BASIS_CAUSAL,-1.665e-05,-0.00060582,-0.916623175146134,-0.5534274934527601,BINANCE_USDM_MONTHLY_FUNDING_RATE_ARCHIVE,BINANCE_USDM_PREMIUM_INDEX_KLINES_ARCHIVE
2026-06-26 00:00:00.010000+00:00,SOLUSD,,,-0.6498711056270737,,VERIFIED_BINANCE_PUBLIC_ARCHIVE_FUNDING_BASIS_CAUSAL,3.113e-05,-0.00051538,1.0859513909609584,0.1168840902189923,BINANCE_USDM_MONTHLY_FUNDING_RATE_ARCHIVE,BINANCE_USDM_PREMIUM_INDEX_KLINES_ARCHIVE
2026-06-26 00:00:00.010000+00:00,XRPUSD,,,0.351688392050325,,VERIFIED_BINANCE_PUBLIC_ARCHIVE_FUNDING_BASIS_CAUSAL,-9.715e-05,-0.00048761,-1.0877775052534902,0.5479760796424324,BINANCE_USDM_MONTHLY_FUNDING_RATE_ARCHIVE,BINANCE_USDM_PREMIUM_INDEX_KLINES_ARCHIVE
2026-06-26 08:00:00.002000+00:00,BNBUSD,,,0.6055400393196808,,VERIFIED_BINANCE_PUBLIC_ARCHIVE_FUNDING_BASIS_CAUSAL,0.0,0.00012448,-0.3762680360570325,-0.8857613766406953,BINANCE_USDM_MONTHLY_FUNDING_RATE_ARCHIVE,BINANCE_USDM_PREMIUM_INDEX_KLINES_ARCHIVE
2026-06-26 08:00:00.002000+00:00,BTCUSD,,,0.4238689416736672,,VERIFIED_BINANCE_PUBLIC_ARCHIVE_FUNDING_BASIS_CAUSAL,5.904e-05,-0.00073557,1.4357075137364887,-2.6966846093971912,BINANCE_USDM_MONTHLY_FUNDING_RATE_ARCHIVE,BINANCE_USDM_PREMIUM_INDEX_KLINES_ARCHIVE
2026-06-26 08:00:00.002000+00:00,ETHUSD,,,1.3562859649017511,,VERIFIED_BINANCE_PUBLIC_ARCHIVE_FUNDING_BASIS_CAUSAL,-1.968e-05,-0.00082039,-1.0308401832059901,-1.754053031418792,BINANCE_USDM_MONTHLY_FUNDING_RATE_ARCHIVE,BINANCE_USDM_PREMIUM_INDEX_KLINES_ARCHIVE
2026-06-26 08:00:00.002000+00:00,SOLUSD,,,-1.5268401306874249,,VERIFIED_BINANCE_PUBLIC_ARCHIVE_FUNDING_BASIS_CAUSAL,8.442e-05,-0.00043775,2.039115793987724,0.9007254310981704,BINANCE_USDM_MONTHLY_FUNDING_RATE_ARCHIVE,BINANCE_USDM_PREMIUM_INDEX_KLINES_ARCHIVE
2026-06-26 08:00:00.002000+00:00,XRPUSD,,,0.3695952383853734,,VERIFIED_BINANCE_PUBLIC_ARCHIVE_FUNDING_BASIS_CAUSAL,-2.829e-05,-0.0007224,0.3684304691878694,-1.2716266587526701,BINANCE_USDM_MONTHLY_FUNDING_RATE_ARCHIVE,BINANCE_USDM_PREMIUM_INDEX_KLINES_ARCHIVE
2026-06-26 16:00:00+00:00,BNBUSD,,,-0.23560826677484756,,VERIFIED_BINANCE_PUBLIC_ARCHIVE_FUNDING_BASIS_CAUSAL,0.0,0.00051771,-0.3762680360570325,0.9834570813471455,BINANCE_USDM_MONTHLY_FUNDING_RATE_ARCHIVE,BINANCE_USDM_PREMIUM_INDEX_KLINES_ARCHIVE
2026-06-26 16:00:00+00:00,BTCUSD,,,-1.943261762273691,,VERIFIED_BINANCE_PUBLIC_ARCHIVE_FUNDING_BASIS_CAUSAL,7.308e-05,-0.00024367,1.8544396557911336,2.051822114641261,BINANCE_USDM_MONTHLY_FUNDING_RATE_ARCHIVE,BINANCE_USDM_PREMIUM_INDEX_KLINES_ARCHIVE
2026-06-26 16:00:00+00:00,ETHUSD,,,-1.9637118107593359,,VERIFIED_BINANCE_PUBLIC_ARCHIVE_FUNDING_BASIS_CAUSAL,5.22e-06,0.0002971,-0.16379251221830052,4.563994872176447,BINANCE_USDM_MONTHLY_FUNDING_RATE_ARCHIVE,BINANCE_USDM_PREMIUM_INDEX_KLINES_ARCHIVE
2026-06-26 16:00:00+00:00,SOLUSD,,,-3.0238474028157714,,VERIFIED_BINANCE_PUBLIC_ARCHIVE_FUNDING_BASIS_CAUSAL,6.096e-05,0.00058834,1.4069952778468566,5.0,BINANCE_USDM_MONTHLY_FUNDING_RATE_ARCHIVE,BINANCE_USDM_PREMIUM_INDEX_KLINES_ARCHIVE
2026-06-26 16:00:00+00:00,XRPUSD,,,1.473531124238318,,VERIFIED_BINANCE_PUBLIC_ARCHIVE_FUNDING_BASIS_CAUSAL,-0.00015255,-0.00065206,-2.1482798182315044,-0.6488382760244233,BINANCE_USDM_MONTHLY_FUNDING_RATE_ARCHIVE,BINANCE_USDM_PREMIUM_INDEX_KLINES_ARCHIVE
2026-06-27 00:00:00+00:00,BNBUSD,,,-2.6009038123487405,,VERIFIED_BINANCE_PUBLIC_ARCHIVE_FUNDING_BASIS_CAUSAL,6.039e-05,0.00061549,3.544840971274148,1.447202840328797,BINANCE_USDM_MONTHLY_FUNDING_RATE_ARCHIVE,BINANCE_USDM_PREMIUM_INDEX_KLINES_ARCHIVE
2026-06-27 00:00:00+00:00,BTCUSD,,,-0.6040183163637427,,VERIFIED_BINANCE_PUBLIC_ARCHIVE_FUNDING_BASIS_CAUSAL,5.255e-05,-0.00045452,0.9796305326756688,0.14493671864916638,BINANCE_USDM_MONTHLY_FUNDING_RATE_ARCHIVE,BINANCE_USDM_PREMIUM_INDEX_KLINES_ARCHIVE
2026-06-27 00:00:00+00:00,ETHUSD,,,-0.41319269837472683,,VERIFIED_BINANCE_PUBLIC_ARCHIVE_FUNDING_BASIS_CAUSAL,1.807e-05,-0.00036731,0.28929301052313844,0.5646256501933348,BINANCE_USDM_MONTHLY_FUNDING_RATE_ARCHIVE,BINANCE_USDM_PREMIUM_INDEX_KLINES_ARCHIVE
2026-06-27 00:00:00+00:00,SOLUSD,,,-1.3214493210467435,,VERIFIED_BINANCE_PUBLIC_ARCHIVE_FUNDING_BASIS_CAUSAL,0.0001,-0.00033689,1.841487216074218,0.6858474493464968,BINANCE_USDM_MONTHLY_FUNDING_RATE_ARCHIVE,BINANCE_USDM_PREMIUM_INDEX_KLINES_ARCHIVE
2026-06-27 00:00:00+00:00,XRPUSD,,,1.0632018373867755,,VERIFIED_BINANCE_PUBLIC_ARCHIVE_FUNDING_BASIS_CAUSAL,-0.00011229,-0.00070226,-1.1119017929405257,-1.0036796694877475,BINANCE_USDM_MONTHLY_FUNDING_RATE_ARCHIVE,BINANCE_USDM_PREMIUM_INDEX_KLINES_ARCHIVE
2026-06-27 08:00:00+00:00,BNBUSD,,,-1.493135132851111,,VERIFIED_BINANCE_PUBLIC_ARCHIVE_FUNDING_BASIS_CAUSAL,4.127e-05,0.00058146,1.7092170185980544,1.2290350502715135,BINANCE_USDM_MONTHLY_FUNDING_RATE_ARCHIVE,BINANCE_USDM_PREMIUM_INDEX_KLINES_ARCHIVE
2026-06-27 08:00:00+00:00,BTCUSD,,,0.24208406597596877,,VERIFIED_BINANCE_PUBLIC_ARCHIVE_FUNDING_BASIS_CAUSAL,4.284e-05,-0.0006139,0.5559009014055335,-1.217399026108916,BINANCE_USDM_MONTHLY_FUNDING_RATE_ARCHIVE,BINANCE_USDM_PREMIUM_INDEX_KLINES_ARCHIVE
2026-06-27 08:00:00+00:00,ETHUSD,,,0.5960075689157854,,VERIFIED_BINANCE_PUBLIC_ARCHIVE_FUNDING_BASIS_CAUSAL,-5.97e-06,-0.00067348,-0.48298172581881454,-0.7341502660343054,BINANCE_USDM_MONTHLY_FUNDING_RATE_ARCHIVE,BINANCE_USDM_PREMIUM_INDEX_KLINES_ARCHIVE
2026-06-27 08:00:00+00:00,SOLUSD,,,-0.6985614784129256,,VERIFIED_BINANCE_PUBLIC_ARCHIVE_FUNDING_BASIS_CAUSAL,4.81e-05,-0.00039204,0.918207613689658,0.43010509085247484,BINANCE_USDM_MONTHLY_FUNDING_RATE_ARCHIVE,BINANCE_USDM_PREMIUM_INDEX_KLINES_ARCHIVE
2026-06-27 08:00:00+00:00,XRPUSD,,,-0.017356833206717548,,VERIFIED_BINANCE_PUBLIC_ARCHIVE_FUNDING_BASIS_CAUSAL,-7.705e-05,-0.00051278,-0.4054592257000487,0.5341320163149874,BINANCE_USDM_MONTHLY_FUNDING_RATE_ARCHIVE,BINANCE_USDM_PREMIUM_INDEX_KLINES_ARCHIVE
2026-06-27 16:00:00.009000+00:00,BNBUSD,,,-2.27227506300236,,VERIFIED_BINANCE_PUBLIC_ARCHIVE_FUNDING_BASIS_CAUSAL,6.89e-05,0.00058145,3.144895761515684,1.2057386537082966,BINANCE_USDM_MONTHLY_FUNDING_RATE_ARCHIVE,BINANCE_USDM_PREMIUM_INDEX_KLINES_ARCHIVE
2026-06-27 16:00:00.009000+00:00,BTCUSD,,,0.04677419800137697,,VERIFIED_BINANCE_PUBLIC_ARCHIVE_FUNDING_BASIS_CAUSAL,3.742e-05,-0.00054215,0.3522328058937852,-0.534449424984353,BINANCE_USDM_MONTHLY_FUNDING_RATE_ARCHIVE,BINANCE_USDM_PREMIUM_INDEX_KLINES_ARCHIVE
2026-06-27 16:00:00.009000+00:00,ETHUSD,,,0.027855121801429406,,VERIFIED_BINANCE_PUBLIC_ARCHIVE_FUNDING_BASIS_CAUSAL,1.769e-05,-0.00063173,0.370640879492017,-0.5149057900489751,BINANCE_USDM_MONTHLY_FUNDING_RATE_ARCHIVE,BINANCE_USDM_PREMIUM_INDEX_KLINES_ARCHIVE
2026-06-27 16:00:00.009000+00:00,SOLUSD,,,-0.05110073383065771,,VERIFIED_BINANCE_PUBLIC_ARCHIVE_FUNDING_BASIS_CAUSAL,-1.93e-05,-0.00045334,-0.02683561643826577,0.14635627304823084,BINANCE_USDM_MONTHLY_FUNDING_RATE_ARCHIVE,BINANCE_USDM_PREMIUM_INDEX_KLINES_ARCHIVE
2026-06-27 16:00:00.009000+00:00,XRPUSD,,,1.450704770452368,,VERIFIED_BINANCE_PUBLIC_ARCHIVE_FUNDING_BASIS_CAUSAL,-0.00014459,-0.00074763,-1.5524496960114134,-1.3263498614357565,BINANCE_USDM_MONTHLY_FUNDING_RATE_ARCHIVE,BINANCE_USDM_PREMIUM_INDEX_KLINES_ARCHIVE
2026-06-28 00:00:00+00:00,BNBUSD,,,-0.019975053303375123,,VERIFIED_BINANCE_PUBLIC_ARCHIVE_FUNDING_BASIS_CAUSAL,0.0,0.00045214,-0.47798674177666706,0.6285950250678711,BINANCE_USDM_MONTHLY_FUNDING_RATE_ARCHIVE,BINANCE_USDM_PREMIUM_INDEX_KLINES_ARCHIVE
2026-06-28 00:00:00+00:00,BTCUSD,,,-0.7788604945242741,,VERIFIED_BINANCE_PUBLIC_ARCHIVE_FUNDING_BASIS_CAUSAL,4.258e-05,-0.00034733,0.49163408473038034,1.1299149953834775,BINANCE_USDM_MONTHLY_FUNDING_RATE_ARCHIVE,BINANCE_USDM_PREMIUM_INDEX_KLINES_ARCHIVE
2026-06-28 00:00:00+00:00,ETHUSD,,,1.2406341497260704,,VERIFIED_BINANCE_PUBLIC_ARCHIVE_FUNDING_BASIS_CAUSAL,-5.389e-05,-0.00057479,-2.0405093961528844,-0.26300884853774187,BINANCE_USDM_MONTHLY_FUNDING_RATE_ARCHIVE,BINANCE_USDM_PREMIUM_INDEX_KLINES_ARCHIVE
2026-06-28 00:00:00+00:00,SOLUSD,,,-0.7162279975202552,,VERIFIED_BINANCE_PUBLIC_ARCHIVE_FUNDING_BASIS_CAUSAL,1.63e-05,-0.00025574,0.49174538343180446,0.9905956369616952,BINANCE_USDM_MONTHLY_FUNDING_RATE_ARCHIVE,BINANCE_USDM_PREMIUM_INDEX_KLINES_ARCHIVE
2026-06-28 00:00:00+00:00,XRPUSD,,,0.048366803307278716,,VERIFIED_BINANCE_PUBLIC_ARCHIVE_FUNDING_BASIS_CAUSAL,-0.00013963,-0.0003951,-1.334994212754031,1.524177808238752,BINANCE_USDM_MONTHLY_FUNDING_RATE_ARCHIVE,BINANCE_USDM_PREMIUM_INDEX_KLINES_ARCHIVE
2026-06-28 08:00:00.013000+00:00,BNBUSD,,,-0.12652071063218173,,VERIFIED_BINANCE_PUBLIC_ARCHIVE_FUNDING_BASIS_CAUSAL,0.0,0.00050406,-0.47798674177666706,0.8653631524652192,BINANCE_USDM_MONTHLY_FUNDING_RATE_ARCHIVE,BINANCE_USDM_PREMIUM_INDEX_KLINES_ARCHIVE
2026-06-28 08:00:00.013000+00:00,BTCUSD,,,0.27755970385002177,,VERIFIED_BINANCE_PUBLIC_ARCHIVE_FUNDING_BASIS_CAUSAL,1.355e-05,-0.00046162,-0.593503832275445,0.1085942308921623,BINANCE_USDM_MONTHLY_FUNDING_RATE_ARCHIVE,BINANCE_USDM_PREMIUM_INDEX_KLINES_ARCHIVE
2026-06-28 08:00:00.013000+00:00,ETHUSD,,,0.69901315451126,,VERIFIED_BINANCE_PUBLIC_ARCHIVE_FUNDING_BASIS_CAUSAL,-2.947e-05,-0.00060029,-0.9906267611808952,-0.34259652413726144,BINANCE_USDM_MONTHLY_FUNDING_RATE_ARCHIVE,BINANCE_USDM_PREMIUM_INDEX_KLINES_ARCHIVE
2026-06-28 08:00:00.013000+00:00,SOLUSD,,,-0.767879329966164,,VERIFIED_BINANCE_PUBLIC_ARCHIVE_FUNDING_BASIS_CAUSAL,2.764e-05,-0.00026278,0.6494407804303193,0.9126375571766409,BINANCE_USDM_MONTHLY_FUNDING_RATE_ARCHIVE,BINANCE_USDM_PREMIUM_INDEX_KLINES_ARCHIVE
2026-06-28 08:00:00.013000+00:00,XRPUSD,,,0.12385816029978292,,VERIFIED_BINANCE_PUBLIC_ARCHIVE_FUNDING_BASIS_CAUSAL,-0.00013755,-0.00043201,-1.1656788942627165,1.1494782923215805,BINANCE_USDM_MONTHLY_FUNDING_RATE_ARCHIVE,BINANCE_USDM_PREMIUM_INDEX_KLINES_ARCHIVE
2026-06-28 16:00:00+00:00,BNBUSD,,,0.046589653181699914,,VERIFIED_BINANCE_PUBLIC_ARCHIVE_FUNDING_BASIS_CAUSAL,0.0,0.00040545,-0.3998487775822798,0.3851714988634533,BINANCE_USDM_MONTHLY_FUNDING_RATE_ARCHIVE,BINANCE_USDM_PREMIUM_INDEX_KLINES_ARCHIVE
2026-06-28 16:00:00+00:00,BTCUSD,,,0.37779403559332053,,VERIFIED_BINANCE_PUBLIC_ARCHIVE_FUNDING_BASIS_CAUSAL,4.43e-05,-0.0006422,0.5792869676441574,-1.5475597062169046,BINANCE_USDM_MONTHLY_FUNDING_RATE_ARCHIVE,BINANCE_USDM_PREMIUM_INDEX_KLINES_ARCHIVE
2026-06-28 16:00:00+00:00,ETHUSD,,,-0.07442254509431251,,VERIFIED_BINANCE_PUBLIC_ARCHIVE_FUNDING_BASIS_CAUSAL,1.924e-05,-0.0006486,0.582048662913436,-0.5460093766846164,BINANCE_USDM_MONTHLY_FUNDING_RATE_ARCHIVE,BINANCE_USDM_PREMIUM_INDEX_KLINES_ARCHIVE
2026-06-28 16:00:00+00:00,SOLUSD,,,-0.14528152142916576,,VERIFIED_BINANCE_PUBLIC_ARCHIVE_FUNDING_BASIS_CAUSAL,9.68e-06,-0.00049743,0.3921052040728765,-0.15639186846870298,BINANCE_USDM_MONTHLY_FUNDING_RATE_ARCHIVE,BINANCE_USDM_PREMIUM_INDEX_KLINES_ARCHIVE
2026-06-28 16:00:00+00:00,XRPUSD,,,0.2625808197977269,,VERIFIED_BINANCE_PUBLIC_ARCHIVE_FUNDING_BASIS_CAUSAL,-0.00010487,-0.00057053,-0.5129419541829318,0.04341612222863474,BINANCE_USDM_MONTHLY_FUNDING_RATE_ARCHIVE,BINANCE_USDM_PREMIUM_INDEX_KLINES_ARCHIVE
2026-06-29 00:00:00.006000+00:00,BNBUSD,,,-0.3934403355344319,,VERIFIED_BINANCE_PUBLIC_ARCHIVE_FUNDING_BASIS_CAUSAL,0.0,0.00062972,-0.3998487775822798,1.3630159182326351,BINANCE_USDM_MONTHLY_FUNDING_RATE_ARCHIVE,BINANCE_USDM_PREMIUM_INDEX_KLINES_ARCHIVE
2026-06-29 00:00:00.006000+00:00,BTCUSD,,,0.08547004384172677,,VERIFIED_BINANCE_PUBLIC_ARCHIVE_FUNDING_BASIS_CAUSAL,3.112e-05,-0.00052137,0.14439319373705783,-0.3664140008824635,BINANCE_USDM_MONTHLY_FUNDING_RATE_ARCHIVE,BINANCE_USDM_PREMIUM_INDEX_KLINES_ARCHIVE
2026-06-29 00:00:00.006000+00:00,ETHUSD,,,0.08330771257030775,,VERIFIED_BINANCE_PUBLIC_ARCHIVE_FUNDING_BASIS_CAUSAL,-1.85e-06,-0.00053848,-0.03567417685744727,-0.1415264784415817,BINANCE_USDM_MONTHLY_FUNDING_RATE_ARCHIVE,BINANCE_USDM_PREMIUM_INDEX_KLINES_ARCHIVE
2026-06-29 00:00:00.006000+00:00,SOLUSD,,,-0.3868528128760279,,VERIFIED_BINANCE_PUBLIC_ARCHIVE_FUNDING_BASIS_CAUSAL,5.21e-06,-0.00036501,0.3603925071489948,0.4191931865424017,BINANCE_USDM_MONTHLY_FUNDING_RATE_ARCHIVE,BINANCE_USDM_PREMIUM_INDEX_KLINES_ARCHIVE
2026-06-29 00:00:00.006000+00:00,XRPUSD,,,-0.5713745304589518,,VERIFIED_BINANCE_PUBLIC_ARCHIVE_FUNDING_BASIS_CAUSAL,-7.522e-05,-0.00041711,0.06899358133762809,1.1853956904961251,BINANCE_USDM_MONTHLY_FUNDING_RATE_ARCHIVE,BINANCE_USDM_PREMIUM_INDEX_KLINES_ARCHIVE
2026-06-30 00:00:00+00:00,BNBUSD,,,-1.1711974380831567,,VERIFIED_BINANCE_PUBLIC_ARCHIVE_FUNDING_BASIS_CAUSAL,4.028e-05,0.00051799,1.488742775069483,0.7830864706554241,BINANCE_USDM_MONTHLY_FUNDING_RATE_ARCHIVE,BINANCE_USDM_PREMIUM_INDEX_KLINES_ARCHIVE
2026-06-30 00:00:00+00:00,BTCUSD,,,-0.5716240908095752,,VERIFIED_BINANCE_PUBLIC_ARCHIVE_FUNDING_BASIS_CAUSAL,6.175e-05,-0.00051408,1.284642262997445,-0.29984256408671023,BINANCE_USDM_MONTHLY_FUNDING_RATE_ARCHIVE,BINANCE_USDM_PREMIUM_INDEX_KLINES_ARCHIVE
2026-06-30 00:00:00+00:00,ETHUSD,,,-0.6932516687271768,,VERIFIED_BINANCE_PUBLIC_ARCHIVE_FUNDING_BASIS_CAUSAL,4.49e-05,-0.00056847,1.490555156920751,-0.2812303723983029,BINANCE_USDM_MONTHLY_FUNDING_RATE_ARCHIVE,BINANCE_USDM_PREMIUM_INDEX_KLINES_ARCHIVE
2026-06-30 00:00:00+00:00,SOLUSD,,,-0.7955545790723016,,VERIFIED_BINANCE_PUBLIC_ARCHIVE_FUNDING_BASIS_CAUSAL,0.0001,-0.00050257,1.6086175375948604,-0.1981890368997146,BINANCE_USDM_MONTHLY_FUNDING_RATE_ARCHIVE,BINANCE_USDM_PREMIUM_INDEX_KLINES_ARCHIVE
2026-06-30 00:00:00+00:00,XRPUSD,,,-0.6248673126706595,,VERIFIED_BINANCE_PUBLIC_ARCHIVE_FUNDING_BASIS_CAUSAL,-3.184e-05,-0.00053761,0.9473703803192988,0.230696896655656,BINANCE_USDM_MONTHLY_FUNDING_RATE_ARCHIVE,BINANCE_USDM_PREMIUM_INDEX_KLINES_ARCHIVE
2026-06-30 08:00:00+00:00,BNBUSD,,,0.5912237675347649,,VERIFIED_BINANCE_PUBLIC_ARCHIVE_FUNDING_BASIS_CAUSAL,0.0,0.00019617,-0.4715226081150528,-0.737525184603302,BINANCE_USDM_MONTHLY_FUNDING_RATE_ARCHIVE,BINANCE_USDM_PREMIUM_INDEX_KLINES_ARCHIVE
2026-06-30 08:00:00+00:00,BTCUSD,,,-1.0744469889061794,,VERIFIED_BINANCE_PUBLIC_ARCHIVE_FUNDING_BASIS_CAUSAL,8.349e-05,-0.00048815,2.0334612589602923,-0.0976815633821812,BINANCE_USDM_MONTHLY_FUNDING_RATE_ARCHIVE,BINANCE_USDM_PREMIUM_INDEX_KLINES_ARCHIVE
2026-06-30 08:00:00+00:00,ETHUSD,,,-0.6500930531346096,,VERIFIED_BINANCE_PUBLIC_ARCHIVE_FUNDING_BASIS_CAUSAL,4.566e-05,-0.00056526,1.382820965361747,-0.2454632840318917,BINANCE_USDM_MONTHLY_FUNDING_RATE_ARCHIVE,BINANCE_USDM_PREMIUM_INDEX_KLINES_ARCHIVE
2026-06-30 08:00:00+00:00,SOLUSD,,,-0.44153500079835734,,VERIFIED_BINANCE_PUBLIC_ARCHIVE_FUNDING_BASIS_CAUSAL,7.704e-05,-0.00055408,1.1401994271314106,-0.41238818694204127,BINANCE_USDM_MONTHLY_FUNDING_RATE_ARCHIVE,BINANCE_USDM_PREMIUM_INDEX_KLINES_ARCHIVE
2026-06-30 08:00:00+00:00,XRPUSD,,,0.12503717634979042,,VERIFIED_BINANCE_PUBLIC_ARCHIVE_FUNDING_BASIS_CAUSAL,-7.562e-05,-0.00062438,0.13224924473286653,-0.4394983576730378,BINANCE_USDM_MONTHLY_FUNDING_RATE_ARCHIVE,BINANCE_USDM_PREMIUM_INDEX_KLINES_ARCHIVE
2026-06-30 16:00:00.005000+00:00,BNBUSD,,,-0.33252134880298345,,VERIFIED_BINANCE_PUBLIC_ARCHIVE_FUNDING_BASIS_CAUSAL,0.0,0.00064501,-0.4715226081150528,1.3152417405916945,BINANCE_USDM_MONTHLY_FUNDING_RATE_ARCHIVE,BINANCE_USDM_PREMIUM_INDEX_KLINES_ARCHIVE
2026-06-30 16:00:00.005000+00:00,BTCUSD,,,-0.5190925612402872,,VERIFIED_BINANCE_PUBLIC_ARCHIVE_FUNDING_BASIS_CAUSAL,3.327e-05,-0.00037015,0.07862341716842253,1.0574437373281218,BINANCE_USDM_MONTHLY_FUNDING_RATE_ARCHIVE,BINANCE_USDM_PREMIUM_INDEX_KLINES_ARCHIVE
2026-06-30 16:00:00.005000+00:00,ETHUSD,,,-0.9036246978635769,,VERIFIED_BINANCE_PUBLIC_ARCHIVE_FUNDING_BASIS_CAUSAL,3.059e-05,-0.00030426,0.8617798436207452,0.9547684086048154,BINANCE_USDM_MONTHLY_FUNDING_RATE_ARCHIVE,BINANCE_USDM_PREMIUM_INDEX_KLINES_ARCHIVE
2026-06-30 16:00:00.005000+00:00,SOLUSD,,,-0.857902760028155,,VERIFIED_BINANCE_PUBLIC_ARCHIVE_FUNDING_BASIS_CAUSAL,7.228e-05,-0.00029217,0.9821450956706921,0.7060510164650541,BINANCE_USDM_MONTHLY_FUNDING_RATE_ARCHIVE,BINANCE_USDM_PREMIUM_INDEX_KLINES_ARCHIVE
2026-06-30 16:00:00.005000+00:00,XRPUSD,,,-1.6089895384891726,,VERIFIED_BINANCE_PUBLIC_ARCHIVE_FUNDING_BASIS_CAUSAL,-9.97e-06,-0.0003037,1.3068660101405973,1.9782516286929863,BINANCE_USDM_MONTHLY_FUNDING_RATE_ARCHIVE,BINANCE_USDM_PREMIUM_INDEX_KLINES_ARCHIVE
2026-07-01 00:00:00+00:00,BNBUSD,,,-1.9551958667186777,,VERIFIED_BINANCE_PUBLIC_ARCHIVE_FUNDING_BASIS_CAUSAL,8.374e-05,0.00044725,3.274000366989721,0.3433236997207359,BINANCE_USDM_MONTHLY_FUNDING_RATE_ARCHIVE,BINANCE_USDM_PREMIUM_INDEX_KLINES_ARCHIVE
2026-07-01 00:00:00+00:00,BTCUSD,,,-0.638656901975216,,VERIFIED_BINANCE_PUBLIC_ARCHIVE_FUNDING_BASIS_CAUSAL,5.532e-05,-0.00043163,0.8036045180347589,0.4370542601246634,BINANCE_USDM_MONTHLY_FUNDING_RATE_ARCHIVE,BINANCE_USDM_PREMIUM_INDEX_KLINES_ARCHIVE
2026-07-01 00:00:00+00:00,ETHUSD,,,-1.1556881209713856,,VERIFIED_BINANCE_PUBLIC_ARCHIVE_FUNDING_BASIS_CAUSAL,6.151e-05,-0.0003988,1.696210503236954,0.49504965375791293,BINANCE_USDM_MONTHLY_FUNDING_RATE_ARCHIVE,BINANCE_USDM_PREMIUM_INDEX_KLINES_ARCHIVE
2026-07-01 00:00:00+00:00,SOLUSD,,,-0.6198676894274139,,VERIFIED_BINANCE_PUBLIC_ARCHIVE_FUNDING_BASIS_CAUSAL,0.0001,-0.00047892,1.2357219386351275,-0.13284305960423615,BINANCE_USDM_MONTHLY_FUNDING_RATE_ARCHIVE,BINANCE_USDM_PREMIUM_INDEX_KLINES_ARCHIVE
2026-07-01 00:00:00+00:00,XRPUSD,,,-1.44964055302186,,VERIFIED_BINANCE_PUBLIC_ARCHIVE_FUNDING_BASIS_CAUSAL,3.247e-05,-0.00045414,2.054186315947101,0.7107512872243429,BINANCE_USDM_MONTHLY_FUNDING_RATE_ARCHIVE,BINANCE_USDM_PREMIUM_INDEX_KLINES_ARCHIVE
2026-07-01 08:00:00+00:00,BNBUSD,,,-0.1739521658765792,,VERIFIED_BINANCE_PUBLIC_ARCHIVE_FUNDING_BASIS_CAUSAL,1.081e-05,0.00049697,-0.14238714636555577,0.5605891030614109,BINANCE_USDM_MONTHLY_FUNDING_RATE_ARCHIVE,BINANCE_USDM_PREMIUM_INDEX_KLINES_ARCHIVE
2026-07-01 08:00:00+00:00,BTCUSD,,,0.06584500530235565,,VERIFIED_BINANCE_PUBLIC_ARCHIVE_FUNDING_BASIS_CAUSAL,1.853e-05,-0.00040946,-0.6250873084618377,0.6176733652259002,BINANCE_USDM_MONTHLY_FUNDING_RATE_ARCHIVE,BINANCE_USDM_PREMIUM_INDEX_KLINES_ARCHIVE
2026-07-01 08:00:00+00:00,ETHUSD,,,-0.752877393513817,,VERIFIED_BINANCE_PUBLIC_ARCHIVE_FUNDING_BASIS_CAUSAL,5.33e-05,-0.00047968,1.280730440970315,0.1077236688447635,BINANCE_USDM_MONTHLY_FUNDING_RATE_ARCHIVE,BINANCE_USDM_PREMIUM_INDEX_KLINES_ARCHIVE
2026-07-01 08:00:00+00:00,SOLUSD,,,-0.8150586409708286,,VERIFIED_BINANCE_PUBLIC_ARCHIVE_FUNDING_BASIS_CAUSAL,0.0001,-0.00038172,1.2657879925091426,0.264167211312889,BINANCE_USDM_MONTHLY_FUNDING_RATE_ARCHIVE,BINANCE_USDM_PREMIUM_INDEX_KLINES_ARCHIVE
2026-07-01 08:00:00+00:00,XRPUSD,,,-0.5501921969345047,,VERIFIED_BINANCE_PUBLIC_ARCHIVE_FUNDING_BASIS_CAUSAL,4.61e-06,-0.00059964,1.3141790315313633,-0.3835694897949891,BINANCE_USDM_MONTHLY_FUNDING_RATE_ARCHIVE,BINANCE_USDM_PREMIUM_INDEX_KLINES_ARCHIVE
2026-07-01 16:00:00+00:00,BNBUSD,,,-0.3357853448492735,,VERIFIED_BINANCE_PUBLIC_ARCHIVE_FUNDING_BASIS_CAUSAL,0.0,0.00069652,-0.5588207046989696,1.4291927387415708,BINANCE_USDM_MONTHLY_FUNDING_RATE_ARCHIVE,BINANCE_USDM_PREMIUM_INDEX_KLINES_ARCHIVE
2026-07-01 16:00:00+00:00,BTCUSD,,,-0.3483815676026074,,VERIFIED_BINANCE_PUBLIC_ARCHIVE_FUNDING_BASIS_CAUSAL,7.073e-05,-0.0005598,1.2990584537670251,-0.8135568488205699,BINANCE_USDM_MONTHLY_FUNDING_RATE_ARCHIVE,BINANCE_USDM_PREMIUM_INDEX_KLINES_ARCHIVE
2026-07-01 16:00:00+00:00,ETHUSD,,,0.034574505600745875,,VERIFIED_BINANCE_PUBLIC_ARCHIVE_FUNDING_BASIS_CAUSAL,2.077e-05,-0.00060978,0.35540159104018193,-0.5112119570507687,BINANCE_USDM_MONTHLY_FUNDING_RATE_ARCHIVE,BINANCE_USDM_PREMIUM_INDEX_KLINES_ARCHIVE
2026-07-01 16:00:00+00:00,SOLUSD,,,-0.2227757675674467,,VERIFIED_BINANCE_PUBLIC_ARCHIVE_FUNDING_BASIS_CAUSAL,6.848e-05,-0.00051266,0.6680841035311124,-0.3214899763881447,BINANCE_USDM_MONTHLY_FUNDING_RATE_ARCHIVE,BINANCE_USDM_PREMIUM_INDEX_KLINES_ARCHIVE
2026-07-01 16:00:00+00:00,XRPUSD,,,-1.5481812773166812,,VERIFIED_BINANCE_PUBLIC_ARCHIVE_FUNDING_BASIS_CAUSAL,5.278e-05,-0.00042801,2.1172320910311058,0.8526747272212728,BINANCE_USDM_MONTHLY_FUNDING_RATE_ARCHIVE,BINANCE_USDM_PREMIUM_INDEX_KLINES_ARCHIVE
2026-07-02 00:00:00+00:00,BNBUSD,,,-0.815383052961298,,VERIFIED_BINANCE_PUBLIC_ARCHIVE_FUNDING_BASIS_CAUSAL,5.254e-05,0.00041617,1.3639953550858213,0.14485690592021366,BINANCE_USDM_MONTHLY_FUNDING_RATE_ARCHIVE,BINANCE_USDM_PREMIUM_INDEX_KLINES_ARCHIVE
2026-07-02 00:00:00+00:00,BTCUSD,,,-0.31562316186113215,,VERIFIED_BINANCE_PUBLIC_ARCHIVE_FUNDING_BASIS_CAUSAL,8.001e-05,-0.00059951,1.5002191320792253,-1.1322163572943151,BINANCE_USDM_MONTHLY_FUNDING_RATE_ARCHIVE,BINANCE_USDM_PREMIUM_INDEX_KLINES_ARCHIVE
2026-07-02 00:00:00+00:00,ETHUSD,,,0.35829420414730706,,VERIFIED_BINANCE_PUBLIC_ARCHIVE_FUNDING_BASIS_CAUSAL,1.96e-05,-0.0007581,0.32518277773695337,-1.1936549597836255,BINANCE_USDM_MONTHLY_FUNDING_RATE_ARCHIVE,BINANCE_USDM_PREMIUM_INDEX_KLINES_ARCHIVE
2026-07-02 00:00:00+00:00,SOLUSD,,,0.38598910666721,,VERIFIED_BINANCE_PUBLIC_ARCHIVE_FUNDING_BASIS_CAUSAL,2.682e-05,-0.00060762,-0.10494581047860803,-0.7294864686755012,BINANCE_USDM_MONTHLY_FUNDING_RATE_ARCHIVE,BINANCE_USDM_PREMIUM_INDEX_KLINES_ARCHIVE
2026-07-02 00:00:00+00:00,XRPUSD,,,-0.43414925478629784,,VERIFIED_BINANCE_PUBLIC_ARCHIVE_FUNDING_BASIS_CAUSAL,-1.531e-05,-0.00056177,0.9410339450493966,-0.1853764777574897,BINANCE_USDM_MONTHLY_FUNDING_RATE_ARCHIVE,BINANCE_USDM_PREMIUM_INDEX_KLINES_ARCHIVE
2026-07-02 08:00:00+00:00,BNBUSD,,,-1.2185313650545941,,VERIFIED_BINANCE_PUBLIC_ARCHIVE_FUNDING_BASIS_CAUSAL,4.503e-05,0.00072249,0.9591924828298438,1.535501109995956,BINANCE_USDM_MONTHLY_FUNDING_RATE_ARCHIVE,BINANCE_USDM_PREMIUM_INDEX_KLINES_ARCHIVE
2026-07-02 08:00:00+00:00,BTCUSD,,,-0.9154775831879397,,VERIFIED_BINANCE_PUBLIC_ARCHIVE_FUNDING_BASIS_CAUSAL,5.238e-05,-0.00031347,0.3753611208923566,1.5756199259936523,BINANCE_USDM_MONTHLY_FUNDING_RATE_ARCHIVE,BINANCE_USDM_PREMIUM_INDEX_KLINES_ARCHIVE
2026-07-02 08:00:00+00:00,ETHUSD,,,-0.8528972985897307,,VERIFIED_BINANCE_PUBLIC_ARCHIVE_FUNDING_BASIS_CAUSAL,5.02e-05,-0.00039518,1.1431824369708534,0.4981043516794695,BINANCE_USDM_MONTHLY_FUNDING_RATE_ARCHIVE,BINANCE_USDM_PREMIUM_INDEX_KLINES_ARCHIVE
2026-07-02 08:00:00+00:00,SOLUSD,,,0.560578818070292,,VERIFIED_BINANCE_PUBLIC_ARCHIVE_FUNDING_BASIS_CAUSAL,-2.441e-05,-0.00044915,-1.0124669860695907,-0.008271057182260202,BINANCE_USDM_MONTHLY_FUNDING_RATE_ARCHIVE,BINANCE_USDM_PREMIUM_INDEX_KLINES_ARCHIVE
2026-07-02 08:00:00+00:00,XRPUSD,,,-1.111108409718945,,VERIFIED_BINANCE_PUBLIC_ARCHIVE_FUNDING_BASIS_CAUSAL,2.495e-05,-0.00045517,1.5038214537919639,0.6311258002963662,BINANCE_USDM_MONTHLY_FUNDING_RATE_ARCHIVE,BINANCE_USDM_PREMIUM_INDEX_KLINES_ARCHIVE
2026-07-02 16:00:00+00:00,BNBUSD,,,-1.6565500422122368,,VERIFIED_BINANCE_PUBLIC_ARCHIVE_FUNDING_BASIS_CAUSAL,0.00010499,0.00039694,2.9686846436738903,0.052829973759104226,BINANCE_USDM_MONTHLY_FUNDING_RATE_ARCHIVE,BINANCE_USDM_PREMIUM_INDEX_KLINES_ARCHIVE
2026-07-02 16:00:00+00:00,BTCUSD,,,-0.22447537436927734,,VERIFIED_BINANCE_PUBLIC_ARCHIVE_FUNDING_BASIS_CAUSAL,5.261e-05,-0.00046441,0.2995409367373126,0.1327285759194564,BINANCE_USDM_MONTHLY_FUNDING_RATE_ARCHIVE,BINANCE_USDM_PREMIUM_INDEX_KLINES_ARCHIVE
2026-07-02 16:00:00+00:00,ETHUSD,,,-1.1282244308125309,,VERIFIED_BINANCE_PUBLIC_ARCHIVE_FUNDING_BASIS_CAUSAL,7.321e-05,-0.00039111,1.6640192197751797,0.4733641331915156,BINANCE_USDM_MONTHLY_FUNDING_RATE_ARCHIVE,BINANCE_USDM_PREMIUM_INDEX_KLINES_ARCHIVE
2026-07-02 16:00:00+00:00,SOLUSD,,,0.005248642912062562,,VERIFIED_BINANCE_PUBLIC_ARCHIVE_FUNDING_BASIS_CAUSAL,6.544e-05,-0.0005957,0.5264706439387874,-0.6551277712853236,BINANCE_USDM_MONTHLY_FUNDING_RATE_ARCHIVE,BINANCE_USDM_PREMIUM_INDEX_KLINES_ARCHIVE
2026-07-02 16:00:00+00:00,XRPUSD,,,-1.2061939661807675,,VERIFIED_BINANCE_PUBLIC_ARCHIVE_FUNDING_BASIS_CAUSAL,6.135e-05,-0.00049453,1.9230331772285387,0.33005715267793545,BINANCE_USDM_MONTHLY_FUNDING_RATE_ARCHIVE,BINANCE_USDM_PREMIUM_INDEX_KLINES_ARCHIVE
2026-07-03 00:00:00+00:00,BNBUSD,,,-0.4436575798739085,,VERIFIED_BINANCE_PUBLIC_ARCHIVE_FUNDING_BASIS_CAUSAL,4.19e-05,0.00047793,0.4876432197110007,0.38989735340635134,BINANCE_USDM_MONTHLY_FUNDING_RATE_ARCHIVE,BINANCE_USDM_PREMIUM_INDEX_KLINES_ARCHIVE
2026-07-03 00:00:00+00:00,BTCUSD,,,-1.7008367499676773,,VERIFIED_BINANCE_PUBLIC_ARCHIVE_FUNDING_BASIS_CAUSAL,0.0001,-0.00040308,2.5587164166183247,0.6523171573946636,BINANCE_USDM_MONTHLY_FUNDING_RATE_ARCHIVE,BINANCE_USDM_PREMIUM_INDEX_KLINES_ARCHIVE
2026-07-03 00:00:00+00:00,ETHUSD,,,-1.1358860466690668,,VERIFIED_BINANCE_PUBLIC_ARCHIVE_FUNDING_BASIS_CAUSAL,7.837e-05,-0.00038309,1.6749873004463232,0.4769845142746423,BINANCE_USDM_MONTHLY_FUNDING_RATE_ARCHIVE,BINANCE_USDM_PREMIUM_INDEX_KLINES_ARCHIVE
2026-07-03 00:00:00+00:00,SOLUSD,,,-0.08524005473111601,,VERIFIED_BINANCE_PUBLIC_ARCHIVE_FUNDING_BASIS_CAUSAL,2.31e-05,-0.00026232,-0.4863796475716991,0.7838863575456678,BINANCE_USDM_MONTHLY_FUNDING_RATE_ARCHIVE,BINANCE_USDM_PREMIUM_INDEX_KLINES_ARCHIVE
2026-07-03 00:00:00+00:00,XRPUSD,,,-0.5757449436498797,,VERIFIED_BINANCE_PUBLIC_ARCHIVE_FUNDING_BASIS_CAUSAL,2.751e-05,-0.00056345,1.2177547838371159,-0.20893374991229788,BINANCE_USDM_MONTHLY_FUNDING_RATE_ARCHIVE,BINANCE_USDM_PREMIUM_INDEX_KLINES_ARCHIVE
2026-07-03 08:00:00.007000+00:00,BNBUSD,,,-0.9998331321610752,,VERIFIED_BINANCE_PUBLIC_ARCHIVE_FUNDING_BASIS_CAUSAL,5.653e-05,0.00065726,0.8672740044178665,1.161849843847219,BINANCE_USDM_MONTHLY_FUNDING_RATE_ARCHIVE,BINANCE_USDM_PREMIUM_INDEX_KLINES_ARCHIVE
2026-07-03 08:00:00.007000+00:00,BTCUSD,,,-1.5576367374674407,,VERIFIED_BINANCE_PUBLIC_ARCHIVE_FUNDING_BASIS_CAUSAL,0.0001,-0.00038276,2.1837310455448935,0.7924103609283313,BINANCE_USDM_MONTHLY_FUNDING_RATE_ARCHIVE,BINANCE_USDM_PREMIUM_INDEX_KLINES_ARCHIVE
2026-07-03 08:00:00.007000+00:00,ETHUSD,,,-1.3855991441080648,,VERIFIED_BINANCE_PUBLIC_ARCHIVE_FUNDING_BASIS_CAUSAL,0.0001,-0.00040768,2.2558831007120275,0.3219187527032212,BINANCE_USDM_MONTHLY_FUNDING_RATE_ARCHIVE,BINANCE_USDM_PREMIUM_INDEX_KLINES_ARCHIVE
2026-07-03 08:00:00.007000+00:00,SOLUSD,,,0.6334495280047818,,VERIFIED_BINANCE_PUBLIC_ARCHIVE_FUNDING_BASIS_CAUSAL,1.188e-05,-0.00049809,-0.9205819419916101,-0.2825099109097691,BINANCE_USDM_MONTHLY_FUNDING_RATE_ARCHIVE,BINANCE_USDM_PREMIUM_INDEX_KLINES_ARCHIVE
2026-07-03 08:00:00.007000+00:00,XRPUSD,,,-0.5110308686709775,,VERIFIED_BINANCE_PUBLIC_ARCHIVE_FUNDING_BASIS_CAUSAL,1.337e-05,-0.00053289,0.8983747751981583,0.03761053847108958,BINANCE_USDM_MONTHLY_FUNDING_RATE_ARCHIVE,BINANCE_USDM_PREMIUM_INDEX_KLINES_ARCHIVE
2026-07-03 16:00:00+00:00,BNBUSD,,,-2.0948035540685073,,VERIFIED_BINANCE_PUBLIC_ARCHIVE_FUNDING_BASIS_CAUSAL,0.0001291,0.00064581,2.955359755350605,1.0430126413903873,BINANCE_USDM_MONTHLY_FUNDING_RATE_ARCHIVE,BINANCE_USDM_PREMIUM_INDEX_KLINES_ARCHIVE
2026-07-03 16:00:00+00:00,BTCUSD,,,0.09886727620992836,,VERIFIED_BINANCE_PUBLIC_ARCHIVE_FUNDING_BASIS_CAUSAL,3.74e-05,-0.00038948,-0.7424031955027071,0.6876766251479124,BINANCE_USDM_MONTHLY_FUNDING_RATE_ARCHIVE,BINANCE_USDM_PREMIUM_INDEX_KLINES_ARCHIVE
2026-07-03 16:00:00+00:00,ETHUSD,,,0.06760348482175726,,VERIFIED_BINANCE_PUBLIC_ARCHIVE_FUNDING_BASIS_CAUSAL,5.241e-05,-0.00068547,0.6803922370126602,-0.9818204781749341,BINANCE_USDM_MONTHLY_FUNDING_RATE_ARCHIVE,BINANCE_USDM_PREMIUM_INDEX_KLINES_ARCHIVE
2026-07-03 16:00:00+00:00,SOLUSD,,,1.1322934228430288,,VERIFIED_BINANCE_PUBLIC_ARCHIVE_FUNDING_BASIS_CAUSAL,-3.2e-05,-0.00045912,-1.9622809704587492,-0.11786419797937042,BINANCE_USDM_MONTHLY_FUNDING_RATE_ARCHIVE,BINANCE_USDM_PREMIUM_INDEX_KLINES_ARCHIVE
2026-07-03 16:00:00+00:00,XRPUSD,,,-1.4603780258095957,,VERIFIED_BINANCE_PUBLIC_ARCHIVE_FUNDING_BASIS_CAUSAL,3.244e-05,-0.00028125,1.0839838665433914,1.920415331579401,BINANCE_USDM_MONTHLY_FUNDING_RATE_ARCHIVE,BINANCE_USDM_PREMIUM_INDEX_KLINES_ARCHIVE
2026-07-04 00:00:00+00:00,BNBUSD,,,-2.7890367872309625,,VERIFIED_BINANCE_PUBLIC_ARCHIVE_FUNDING_BASIS_CAUSAL,0.00019594,0.00070848,4.057890240295934,1.2382159001515523,BINANCE_USDM_MONTHLY_FUNDING_RATE_ARCHIVE,BINANCE_USDM_PREMIUM_INDEX_KLINES_ARCHIVE
2026-07-04 00:00:00+00:00,BTCUSD,,,-1.7098570508624562,,VERIFIED_BINANCE_PUBLIC_ARCHIVE_FUNDING_BASIS_CAUSAL,0.0001,-0.00029352,1.885471534264984,1.4952171267038108,BINANCE_USDM_MONTHLY_FUNDING_RATE_ARCHIVE,BINANCE_USDM_PREMIUM_INDEX_KLINES_ARCHIVE
2026-07-04 00:00:00+00:00,ETHUSD,,,-1.0690708786141887,,VERIFIED_BINANCE_PUBLIC_ARCHIVE_FUNDING_BASIS_CAUSAL,9.748e-05,-0.00044021,1.820571988740951,0.15056952179259017,BINANCE_USDM_MONTHLY_FUNDING_RATE_ARCHIVE,BINANCE_USDM_PREMIUM_INDEX_KLINES_ARCHIVE
2026-07-04 00:00:00+00:00,SOLUSD,,,-0.14310622543697754,,VERIFIED_BINANCE_PUBLIC_ARCHIVE_FUNDING_BASIS_CAUSAL,7.283e-05,-0.00056058,0.7149352695636654,-0.555795939606752,BINANCE_USDM_MONTHLY_FUNDING_RATE_ARCHIVE,BINANCE_USDM_PREMIUM_INDEX_KLINES_ARCHIVE
2026-07-04 00:00:00+00:00,XRPUSD,,,-0.46263215466672875,,VERIFIED_BINANCE_PUBLIC_ARCHIVE_FUNDING_BASIS_CAUSAL,1.29e-05,-0.00050574,0.7444489134571112,0.11818944947848345,BINANCE_USDM_MONTHLY_FUNDING_RATE_ARCHIVE,BINANCE_USDM_PREMIUM_INDEX_KLINES_ARCHIVE
2026-07-04 08:00:00+00:00,BNBUSD,,,-0.8875233311848674,,VERIFIED_BINANCE_PUBLIC_ARCHIVE_FUNDING_BASIS_CAUSAL,0.00012176,0.0004643,1.447104189882596,0.20359117055430997,BINANCE_USDM_MONTHLY_FUNDING_RATE_ARCHIVE,BINANCE_USDM_PREMIUM_INDEX_KLINES_ARCHIVE
2026-07-04 08:00:00+00:00,BTCUSD,,,-1.3461154493580987,,VERIFIED_BINANCE_PUBLIC_ARCHIVE_FUNDING_BASIS_CAUSAL,0.0001,-0.00036481,1.7051328415502036,0.9073164144566369,BINANCE_USDM_MONTHLY_FUNDING_RATE_ARCHIVE,BINANCE_USDM_PREMIUM_INDEX_KLINES_ARCHIVE
2026-07-04 08:00:00+00:00,ETHUSD,,,-0.5376041238553565,,VERIFIED_BINANCE_PUBLIC_ARCHIVE_FUNDING_BASIS_CAUSAL,7.642e-05,-0.00050235,1.0590853658068193,-0.09976183852976482,BINANCE_USDM_MONTHLY_FUNDING_RATE_ARCHIVE,BINANCE_USDM_PREMIUM_INDEX_KLINES_ARCHIVE
2026-07-04 08:00:00+00:00,SOLUSD,,,-0.6778903629284366,,VERIFIED_BINANCE_PUBLIC_ARCHIVE_FUNDING_BASIS_CAUSAL,8.74e-05,-0.00038142,1.029148286153817,0.24857512343074925,BINANCE_USDM_MONTHLY_FUNDING_RATE_ARCHIVE,BINANCE_USDM_PREMIUM_INDEX_KLINES_ARCHIVE
2026-07-04 08:00:00+00:00,XRPUSD,,,-0.2745797205687279,,VERIFIED_BINANCE_PUBLIC_ARCHIVE_FUNDING_BASIS_CAUSAL,1e-07,-0.00052645,0.4817731593577379,0.02134329538216022,BINANCE_USDM_MONTHLY_FUNDING_RATE_ARCHIVE,BINANCE_USDM_PREMIUM_INDEX_KLINES_ARCHIVE
2026-07-04 16:00:00.007000+00:00,BNBUSD,,,-1.3185015089375054,,VERIFIED_BINANCE_PUBLIC_ARCHIVE_FUNDING_BASIS_CAUSAL,0.00010833,0.00080765,1.0756242325162702,1.6153515134523484,BINANCE_USDM_MONTHLY_FUNDING_RATE_ARCHIVE,BINANCE_USDM_PREMIUM_INDEX_KLINES_ARCHIVE
2026-07-04 16:00:00.007000+00:00,BTCUSD,,,-1.451786738781701,,VERIFIED_BINANCE_PUBLIC_ARCHIVE_FUNDING_BASIS_CAUSAL,9.48e-05,-0.00028307,1.3231670315974442,1.6089886031180143,BINANCE_USDM_MONTHLY_FUNDING_RATE_ARCHIVE,BINANCE_USDM_PREMIUM_INDEX_KLINES_ARCHIVE
2026-07-04 16:00:00.007000+00:00,ETHUSD,,,0.2293243833519414,,VERIFIED_BINANCE_PUBLIC_ARCHIVE_FUNDING_BASIS_CAUSAL,5.167e-05,-0.00068357,0.3509098075272216,-0.9384995055375851,BINANCE_USDM_MONTHLY_FUNDING_RATE_ARCHIVE,BINANCE_USDM_PREMIUM_INDEX_KLINES_ARCHIVE
2026-07-04 16:00:00.007000+00:00,SOLUSD,,,-0.1762177187000964,,VERIFIED_BINANCE_PUBLIC_ARCHIVE_FUNDING_BASIS_CAUSAL,4.847e-05,-0.0003856,0.15497019659049463,0.20218691238960962,BINANCE_USDM_MONTHLY_FUNDING_RATE_ARCHIVE,BINANCE_USDM_PREMIUM_INDEX_KLINES_ARCHIVE
2026-07-04 16:00:00.007000+00:00,XRPUSD,,,-0.1219277446333388,,VERIFIED_BINANCE_PUBLIC_ARCHIVE_FUNDING_BASIS_CAUSAL,-2.057e-05,-0.0005162,0.10341365812580484,0.14455607258699138,BINANCE_USDM_MONTHLY_FUNDING_RATE_ARCHIVE,BINANCE_USDM_PREMIUM_INDEX_KLINES_ARCHIVE
2026-07-05 00:00:00.003000+00:00,BNBUSD,,,-0.03943004452406147,,VERIFIED_BINANCE_PUBLIC_ARCHIVE_FUNDING_BASIS_CAUSAL,4.393e-05,0.00050579,-0.16164961894584082,0.28519407765394206,BINANCE_USDM_MONTHLY_FUNDING_RATE_ARCHIVE,BINANCE_USDM_PREMIUM_INDEX_KLINES_ARCHIVE
2026-07-05 00:00:00.003000+00:00,BTCUSD,,,-0.43462445509159064,,VERIFIED_BINANCE_PUBLIC_ARCHIVE_FUNDING_BASIS_CAUSAL,9.533e-05,-0.00051829,1.2087888281551362,-0.5115764453194095,BINANCE_USDM_MONTHLY_FUNDING_RATE_ARCHIVE,BINANCE_USDM_PREMIUM_INDEX_KLINES_ARCHIVE
2026-07-05 00:00:00.003000+00:00,ETHUSD,,,0.059777940884167324,,VERIFIED_BINANCE_PUBLIC_ARCHIVE_FUNDING_BASIS_CAUSAL,7.818e-05,-0.0007698,0.9658021591960897,-1.3132647298711482,BINANCE_USDM_MONTHLY_FUNDING_RATE_ARCHIVE,BINANCE_USDM_PREMIUM_INDEX_KLINES_ARCHIVE
2026-07-05 00:00:00.003000+00:00,SOLUSD,,,0.852444243379976,,VERIFIED_BINANCE_PUBLIC_ARCHIVE_FUNDING_BASIS_CAUSAL,1.37e-05,-0.00068082,-0.6562378026536062,-1.0922521153788725,BINANCE_USDM_MONTHLY_FUNDING_RATE_ARCHIVE,BINANCE_USDM_PREMIUM_INDEX_KLINES_ARCHIVE
2026-07-05 00:00:00.003000+00:00,XRPUSD,,,-0.8765599719267649,,VERIFIED_BINANCE_PUBLIC_ARCHIVE_FUNDING_BASIS_CAUSAL,4.394e-05,-0.00045861,1.0455438332897375,0.6700241413720203,BINANCE_USDM_MONTHLY_FUNDING_RATE_ARCHIVE,BINANCE_USDM_PREMIUM_INDEX_KLINES_ARCHIVE
2026-07-05 08:00:00.001000+00:00,BNBUSD,,,-0.4860719046523956,,VERIFIED_BINANCE_PUBLIC_ARCHIVE_FUNDING_BASIS_CAUSAL,3.193e-05,0.00080265,-0.3540258204340982,1.5128580130914435,BINANCE_USDM_MONTHLY_FUNDING_RATE_ARCHIVE,BINANCE_USDM_PREMIUM_INDEX_KLINES_ARCHIVE
2026-07-05 08:00:00.001000+00:00,BTCUSD,,,-1.6161273926984279,,VERIFIED_BINANCE_PUBLIC_ARCHIVE_FUNDING_BASIS_CAUSAL,8.873e-05,-0.00017493,0.8655522497743375,2.5334970118278712,BINANCE_USDM_MONTHLY_FUNDING_RATE_ARCHIVE,BINANCE_USDM_PREMIUM_INDEX_KLINES_ARCHIVE
2026-07-05 08:00:00.001000+00:00,ETHUSD,,,-0.3299270280099744,,VERIFIED_BINANCE_PUBLIC_ARCHIVE_FUNDING_BASIS_CAUSAL,6.162e-05,-0.00047807,0.45954394180961283,0.17150635558819405,BINANCE_USDM_MONTHLY_FUNDING_RATE_ARCHIVE,BINANCE_USDM_PREMIUM_INDEX_KLINES_ARCHIVE
2026-07-05 08:00:00.001000+00:00,SOLUSD,,,-0.059493965815791375,,VERIFIED_BINANCE_PUBLIC_ARCHIVE_FUNDING_BASIS_CAUSAL,5.506e-05,-0.00048126,0.28210404892528884,-0.21258502465137222,BINANCE_USDM_MONTHLY_FUNDING_RATE_ARCHIVE,BINANCE_USDM_PREMIUM_INDEX_KLINES_ARCHIVE
2026-07-05 08:00:00.001000+00:00,XRPUSD,,,-1.1726933105951396,,VERIFIED_BINANCE_PUBLIC_ARCHIVE_FUNDING_BASIS_CAUSAL,4.065e-05,-0.000355,0.9185063745779439,1.483366232393934,BINANCE_USDM_MONTHLY_FUNDING_RATE_ARCHIVE,BINANCE_USDM_PREMIUM_INDEX_KLINES_ARCHIVE
2026-07-05 16:00:00+00:00,BNBUSD,,,-0.2654170296172433,,VERIFIED_BINANCE_PUBLIC_ARCHIVE_FUNDING_BASIS_CAUSAL,7.046e-05,0.00052603,0.3120671770915892,0.20840018270415378,BINANCE_USDM_MONTHLY_FUNDING_RATE_ARCHIVE,BINANCE_USDM_PREMIUM_INDEX_KLINES_ARCHIVE
2026-07-05 16:00:00+00:00,BTCUSD,,,-0.06896262401360148,,VERIFIED_BINANCE_PUBLIC_ARCHIVE_FUNDING_BASIS_CAUSAL,8.608e-05,-0.00053523,0.6941875174440367,-0.6952011346235971,BINANCE_USDM_MONTHLY_FUNDING_RATE_ARCHIVE,BINANCE_USDM_PREMIUM_INDEX_KLINES_ARCHIVE
2026-07-05 16:00:00+00:00,ETHUSD,,,-0.18454817223531864,,VERIFIED_BINANCE_PUBLIC_ARCHIVE_FUNDING_BASIS_CAUSAL,4.748e-05,-0.00041171,-0.05270245327690981,0.47452115897248676,BINANCE_USDM_MONTHLY_FUNDING_RATE_ARCHIVE,BINANCE_USDM_PREMIUM_INDEX_KLINES_ARCHIVE
2026-07-05 16:00:00+00:00,SOLUSD,,,0.17595422432877134,,VERIFIED_BINANCE_PUBLIC_ARCHIVE_FUNDING_BASIS_CAUSAL,3.855e-05,-0.00046569,-0.16963602271272804,-0.18367647074837976,BINANCE_USDM_MONTHLY_FUNDING_RATE_ARCHIVE,BINANCE_USDM_PREMIUM_INDEX_KLINES_ARCHIVE
2026-07-05 16:00:00+00:00,XRPUSD,,,-0.16067713210484622,,VERIFIED_BINANCE_PUBLIC_ARCHIVE_FUNDING_BASIS_CAUSAL,2.542e-05,-0.00056997,0.5808567727306547,-0.3528757619933643,BINANCE_USDM_MONTHLY_FUNDING_RATE_ARCHIVE,BINANCE_USDM_PREMIUM_INDEX_KLINES_ARCHIVE
2026-07-06 00:00:00+00:00,BNBUSD,,,0.4978033279608973,,VERIFIED_BINANCE_PUBLIC_ARCHIVE_FUNDING_BASIS_CAUSAL,4.905e-05,0.00032194,-0.14605171833900546,-0.9277219619432097,BINANCE_USDM_MONTHLY_FUNDING_RATE_ARCHIVE,BINANCE_USDM_PREMIUM_INDEX_KLINES_ARCHIVE
2026-07-06 00:00:00+00:00,BTCUSD,,,0.12187521175385035,,VERIFIED_BINANCE_PUBLIC_ARCHIVE_FUNDING_BASIS_CAUSAL,7.7e-05,-0.00052649,0.28528455087574034,-0.6195149216344612,BINANCE_USDM_MONTHLY_FUNDING_RATE_ARCHIVE,BINANCE_USDM_PREMIUM_INDEX_KLINES_ARCHIVE
2026-07-06 00:00:00+00:00,ETHUSD,,,-0.09672788389782927,,VERIFIED_BINANCE_PUBLIC_ARCHIVE_FUNDING_BASIS_CAUSAL,8.332e-05,-0.00074939,1.1346319525290924,-1.171821533318159,BINANCE_USDM_MONTHLY_FUNDING_RATE_ARCHIVE,BINANCE_USDM_PREMIUM_INDEX_KLINES_ARCHIVE
2026-07-06 00:00:00+00:00,SOLUSD,,,0.048188096795681035,,VERIFIED_BINANCE_PUBLIC_ARCHIVE_FUNDING_BASIS_CAUSAL,6.82e-05,-0.00059325,0.5502986392432008,-0.7796718852876476,BINANCE_USDM_MONTHLY_FUNDING_RATE_ARCHIVE,BINANCE_USDM_PREMIUM_INDEX_KLINES_ARCHIVE
2026-07-06 00:00:00+00:00,XRPUSD,,,1.5870864291036688,,VERIFIED_BINANCE_PUBLIC_ARCHIVE_FUNDING_BASIS_CAUSAL,-9.11e-06,-0.00090111,-0.2451628766667965,-3.2272152154154017,BINANCE_USDM_MONTHLY_FUNDING_RATE_ARCHIVE,BINANCE_USDM_PREMIUM_INDEX_KLINES_ARCHIVE
2026-07-06 08:00:00+00:00,BNBUSD,,,-0.03987329346650387,,VERIFIED_BINANCE_PUBLIC_ARCHIVE_FUNDING_BASIS_CAUSAL,2.64e-05,0.00066027,-0.6347920679193633,0.8644642907158971,BINANCE_USDM_MONTHLY_FUNDING_RATE_ARCHIVE,BINANCE_USDM_PREMIUM_INDEX_KLINES_ARCHIVE
2026-07-06 08:00:00+00:00,BTCUSD,,,-0.2860644523035075,,VERIFIED_BINANCE_PUBLIC_ARCHIVE_FUNDING_BASIS_CAUSAL,6.12e-05,-0.00031827,-0.3683629192798147,1.0859201286831235,BINANCE_USDM_MONTHLY_FUNDING_RATE_ARCHIVE,BINANCE_USDM_PREMIUM_INDEX_KLINES_ARCHIVE
2026-07-06 08:00:00+00:00,ETHUSD,,,-0.6633105916865909,,VERIFIED_BINANCE_PUBLIC_ARCHIVE_FUNDING_BASIS_CAUSAL,4.679e-05,-0.00012799,-0.3599281112109184,1.913935673005769,BINANCE_USDM_MONTHLY_FUNDING_RATE_ARCHIVE,BINANCE_USDM_PREMIUM_INDEX_KLINES_ARCHIVE
2026-07-06 08:00:00+00:00,SOLUSD,,,0.05434981715906481,,VERIFIED_BINANCE_PUBLIC_ARCHIVE_FUNDING_BASIS_CAUSAL,3.336e-05,-0.00034271,-0.3911940970346938,0.3573487471333707,BINANCE_USDM_MONTHLY_FUNDING_RATE_ARCHIVE,BINANCE_USDM_PREMIUM_INDEX_KLINES_ARCHIVE
2026-07-06 08:00:00+00:00,XRPUSD,,,-1.046442762539794,,VERIFIED_BINANCE_PUBLIC_ARCHIVE_FUNDING_BASIS_CAUSAL,2.252e-05,-0.00028708,0.4189075181412283,1.8134302834713745,BINANCE_USDM_MONTHLY_FUNDING_RATE_ARCHIVE,BINANCE_USDM_PREMIUM_INDEX_KLINES_ARCHIVE
2026-07-06 16:00:00+00:00,BNBUSD,,,1.2000668652947464,,VERIFIED_BINANCE_PUBLIC_ARCHIVE_FUNDING_BASIS_CAUSAL,7.35e-06,0.00029724,-1.0534109038170643,-1.3793130404341356,BINANCE_USDM_MONTHLY_FUNDING_RATE_ARCHIVE,BINANCE_USDM_PREMIUM_INDEX_KLINES_ARCHIVE
2026-07-06 16:00:00+00:00,BTCUSD,,,-0.3337359448589878,,VERIFIED_BINANCE_PUBLIC_ARCHIVE_FUNDING_BASIS_CAUSAL,0.0001,-0.00052505,1.1102736906198785,-0.615365744404323,BINANCE_USDM_MONTHLY_FUNDING_RATE_ARCHIVE,BINANCE_USDM_PREMIUM_INDEX_KLINES_ARCHIVE
2026-07-06 16:00:00+00:00,ETHUSD,,,0.30282164925158084,,VERIFIED_BINANCE_PUBLIC_ARCHIVE_FUNDING_BASIS_CAUSAL,6.963e-05,-0.0007858,0.4849064527916895,-1.2656004406378,BINANCE_USDM_MONTHLY_FUNDING_RATE_ARCHIVE,BINANCE_USDM_PREMIUM_INDEX_KLINES_ARCHIVE
2026-07-06 16:00:00+00:00,SOLUSD,,,0.3234284266899883,,VERIFIED_BINANCE_PUBLIC_ARCHIVE_FUNDING_BASIS_CAUSAL,6.227e-05,-0.00065329,0.30997575079537926,-1.097589088060993,BINANCE_USDM_MONTHLY_FUNDING_RATE_ARCHIVE,BINANCE_USDM_PREMIUM_INDEX_KLINES_ARCHIVE
2026-07-06 16:00:00+00:00,XRPUSD,,,-0.20740979566198992,,VERIFIED_BINANCE_PUBLIC_ARCHIVE_FUNDING_BASIS_CAUSAL,1.333e-05,-0.00046487,0.05240560885956202,0.39685935730940175,BINANCE_USDM_MONTHLY_FUNDING_RATE_ARCHIVE,BINANCE_USDM_PREMIUM_INDEX_KLINES_ARCHIVE
2026-07-07 00:00:00+00:00,BNBUSD,,,0.9971486977634072,,VERIFIED_BINANCE_PUBLIC_ARCHIVE_FUNDING_BASIS_CAUSAL,2.595e-05,0.00029302,-0.6377918347493083,-1.4363626414473059,BINANCE_USDM_MONTHLY_FUNDING_RATE_ARCHIVE,BINANCE_USDM_PREMIUM_INDEX_KLINES_ARCHIVE
2026-07-07 00:00:00+00:00,BTCUSD,,,-1.3481035765553422,,VERIFIED_BINANCE_PUBLIC_ARCHIVE_FUNDING_BASIS_CAUSAL,0.0001,-0.00022424,1.008880811368406,1.7627091784504862,BINANCE_USDM_MONTHLY_FUNDING_RATE_ARCHIVE,BINANCE_USDM_PREMIUM_INDEX_KLINES_ARCHIVE
2026-07-07 00:00:00+00:00,ETHUSD,,,0.014340748578250184,,VERIFIED_BINANCE_PUBLIC_ARCHIVE_FUNDING_BASIS_CAUSAL,7.62e-05,-0.00072046,0.7247198528564792,-0.9176370392206973,BINANCE_USDM_MONTHLY_FUNDING_RATE_ARCHIVE,BINANCE_USDM_PREMIUM_INDEX_KLINES_ARCHIVE
2026-07-07 00:00:00+00:00,SOLUSD,,,-0.18204598838590746,,VERIFIED_BINANCE_PUBLIC_ARCHIVE_FUNDING_BASIS_CAUSAL,6.816e-05,-0.00047361,0.5346840979266694,-0.24895614549724604,BINANCE_USDM_MONTHLY_FUNDING_RATE_ARCHIVE,BINANCE_USDM_PREMIUM_INDEX_KLINES_ARCHIVE
2026-07-07 00:00:00+00:00,XRPUSD,,,-0.9000356865953278,,VERIFIED_BINANCE_PUBLIC_ARCHIVE_FUNDING_BASIS_CAUSAL,4.727e-05,-0.00042538,1.0840505276723054,0.6751286586123553,BINANCE_USDM_MONTHLY_FUNDING_RATE_ARCHIVE,BINANCE_USDM_PREMIUM_INDEX_KLINES_ARCHIVE
2026-07-07 08:00:00+00:00,BNBUSD,,,0.703321824065264,,VERIFIED_BINANCE_PUBLIC_ARCHIVE_FUNDING_BASIS_CAUSAL,0.0,0.00051708,-1.1924394157639329,-0.10551143421133531,BINANCE_USDM_MONTHLY_FUNDING_RATE_ARCHIVE,BINANCE_USDM_PREMIUM_INDEX_KLINES_ARCHIVE
2026-07-07 08:00:00+00:00,BTCUSD,,,0.4101528154114112,,VERIFIED_BINANCE_PUBLIC_ARCHIVE_FUNDING_BASIS_CAUSAL,5.792e-05,-0.00044273,-0.6633359445115832,-0.10070676873342313,BINANCE_USDM_MONTHLY_FUNDING_RATE_ARCHIVE,BINANCE_USDM_PREMIUM_INDEX_KLINES_ARCHIVE
2026-07-07 08:00:00+00:00,ETHUSD,,,0.36824550698573133,,VERIFIED_BINANCE_PUBLIC_ARCHIVE_FUNDING_BASIS_CAUSAL,3.271e-05,-0.00034861,-1.2770467659300795,0.7425115872795832,BINANCE_USDM_MONTHLY_FUNDING_RATE_ARCHIVE,BINANCE_USDM_PREMIUM_INDEX_KLINES_ARCHIVE
2026-07-07 08:00:00+00:00,SOLUSD,,,1.3589352654228235,,VERIFIED_BINANCE_PUBLIC_ARCHIVE_FUNDING_BASIS_CAUSAL,5.46e-06,-0.00077487,-1.1616643918261693,-1.6000441109298456,BINANCE_USDM_MONTHLY_FUNDING_RATE_ARCHIVE,BINANCE_USDM_PREMIUM_INDEX_KLINES_ARCHIVE
2026-07-07 08:00:00+00:00,XRPUSD,,,1.7758320061022583,,VERIFIED_BINANCE_PUBLIC_ARCHIVE_FUNDING_BASIS_CAUSAL,-3.439e-05,-0.00065679,-2.330141376750672,-1.098342775309753,BINANCE_USDM_MONTHLY_FUNDING_RATE_ARCHIVE,BINANCE_USDM_PREMIUM_INDEX_KLINES_ARCHIVE
2026-07-07 16:00:00+00:00,BNBUSD,,,0.7695518586653096,,VERIFIED_BINANCE_PUBLIC_ARCHIVE_FUNDING_BASIS_CAUSAL,1.872e-05,0.00042631,-0.8221694427498366,-0.7052414781175543,BINANCE_USDM_MONTHLY_FUNDING_RATE_ARCHIVE,BINANCE_USDM_PREMIUM_INDEX_KLINES_ARCHIVE
2026-07-07 16:00:00+00:00,BTCUSD,,,0.27575094221092794,,VERIFIED_BINANCE_PUBLIC_ARCHIVE_FUNDING_BASIS_CAUSAL,6.825e-05,-0.00046093,-0.33339359148616493,-0.2052988153189716,BINANCE_USDM_MONTHLY_FUNDING_RATE_ARCHIVE,BINANCE_USDM_PREMIUM_INDEX_KLINES_ARCHIVE
2026-07-07 16:00:00+00:00,ETHUSD,,,0.291299719081495,,VERIFIED_BINANCE_PUBLIC_ARCHIVE_FUNDING_BASIS_CAUSAL,4.088e-05,-0.0004552,-0.9246754978861403,0.4828262327908495,BINANCE_USDM_MONTHLY_FUNDING_RATE_ARCHIVE,BINANCE_USDM_PREMIUM_INDEX_KLINES_ARCHIVE
2026-07-07 16:00:00+00:00,SOLUSD,,,1.1007085037900732,,VERIFIED_BINANCE_PUBLIC_ARCHIVE_FUNDING_BASIS_CAUSAL,-1.996e-05,-0.00050738,-1.731392707623271,-0.32987225466060954,BINANCE_USDM_MONTHLY_FUNDING_RATE_ARCHIVE,BINANCE_USDM_PREMIUM_INDEX_KLINES_ARCHIVE
2026-07-07 16:00:00+00:00,XRPUSD,,,1.4362515247627012,,VERIFIED_BINANCE_PUBLIC_ARCHIVE_FUNDING_BASIS_CAUSAL,-4.84e-05,-0.00050609,-2.6313255952919845,0.02439456143975612,BINANCE_USDM_MONTHLY_FUNDING_RATE_ARCHIVE,BINANCE_USDM_PREMIUM_INDEX_KLINES_ARCHIVE
2026-07-08 00:00:00+00:00,BNBUSD,,,0.7730583907305505,,VERIFIED_BINANCE_PUBLIC_ARCHIVE_FUNDING_BASIS_CAUSAL,4.957e-05,0.00029322,-0.1462251623578806,-1.5391878920749247,BINANCE_USDM_MONTHLY_FUNDING_RATE_ARCHIVE,BINANCE_USDM_PREMIUM_INDEX_KLINES_ARCHIVE
2026-07-08 00:00:00+00:00,BTCUSD,,,1.9053103926182333,,VERIFIED_BINANCE_PUBLIC_ARCHIVE_FUNDING_BASIS_CAUSAL,4.846e-05,-0.00075899,-1.1895928548333028,-2.7800762721331482,BINANCE_USDM_MONTHLY_FUNDING_RATE_ARCHIVE,BINANCE_USDM_PREMIUM_INDEX_KLINES_ARCHIVE
2026-07-08 00:00:00+00:00,ETHUSD,,,1.889753038022398,,VERIFIED_BINANCE_PUBLIC_ARCHIVE_FUNDING_BASIS_CAUSAL,1.519e-05,-0.00081881,-1.9861071782916155,-1.771986866582243,BINANCE_USDM_MONTHLY_FUNDING_RATE_ARCHIVE,BINANCE_USDM_PREMIUM_INDEX_KLINES_ARCHIVE
2026-07-08 00:00:00+00:00,SOLUSD,,,1.629585113475902,,VERIFIED_BINANCE_PUBLIC_ARCHIVE_FUNDING_BASIS_CAUSAL,-2.939e-05,-0.00064867,-1.8101309351778478,-1.4089179980624127,BINANCE_USDM_MONTHLY_FUNDING_RATE_ARCHIVE,BINANCE_USDM_PREMIUM_INDEX_KLINES_ARCHIVE
2026-07-08 00:00:00+00:00,XRPUSD,,,0.6654309081930445,,VERIFIED_BINANCE_PUBLIC_ARCHIVE_FUNDING_BASIS_CAUSAL,7.2e-07,-0.00061866,-0.4781539991998537,-0.894324908073611,BINANCE_USDM_MONTHLY_FUNDING_RATE_ARCHIVE,BINANCE_USDM_PREMIUM_INDEX_KLINES_ARCHIVE
2026-07-08 08:00:00+00:00,BNBUSD,,,0.7672053686214648,,VERIFIED_BINANCE_PUBLIC_ARCHIVE_FUNDING_BASIS_CAUSAL,1.075e-05,0.00043468,-0.9657442009985521,-0.5245467957161358,BINANCE_USDM_MONTHLY_FUNDING_RATE_ARCHIVE,BINANCE_USDM_PREMIUM_INDEX_KLINES_ARCHIVE
2026-07-08 08:00:00+00:00,BTCUSD,,,2.125818309289224,,VERIFIED_BINANCE_PUBLIC_ARCHIVE_FUNDING_BASIS_CAUSAL,7.24e-06,-0.0005127,-3.407195706069493,-0.5596903798911175,BINANCE_USDM_MONTHLY_FUNDING_RATE_ARCHIVE,BINANCE_USDM_PREMIUM_INDEX_KLINES_ARCHIVE
2026-07-08 08:00:00+00:00,ETHUSD,,,0.4948616680531413,,VERIFIED_BINANCE_PUBLIC_ARCHIVE_FUNDING_BASIS_CAUSAL,2.984e-05,-0.00048972,-1.153171743150408,0.30973953484351824,BINANCE_USDM_MONTHLY_FUNDING_RATE_ARCHIVE,BINANCE_USDM_PREMIUM_INDEX_KLINES_ARCHIVE
2026-07-08 08:00:00+00:00,SOLUSD,,,0.23084447285070442,,VERIFIED_BINANCE_PUBLIC_ARCHIVE_FUNDING_BASIS_CAUSAL,-1.042e-05,-0.00036644,-1.1326958581316136,0.8714183313815179,BINANCE_USDM_MONTHLY_FUNDING_RATE_ARCHIVE,BINANCE_USDM_PREMIUM_INDEX_KLINES_ARCHIVE
2026-07-08 08:00:00+00:00,XRPUSD,,,0.10826487467407023,,VERIFIED_BINANCE_PUBLIC_ARCHIVE_FUNDING_BASIS_CAUSAL,1.35e-06,-0.00046595,-0.44881409585762644,0.307961951216943,BINANCE_USDM_MONTHLY_FUNDING_RATE_ARCHIVE,BINANCE_USDM_PREMIUM_INDEX_KLINES_ARCHIVE
2026-07-08 16:00:00+00:00,BNBUSD,,,0.37263600182291035,,VERIFIED_BINANCE_PUBLIC_ARCHIVE_FUNDING_BASIS_CAUSAL,0.0,0.00061398,-1.2066301253771,0.646690149187766,BINANCE_USDM_MONTHLY_FUNDING_RATE_ARCHIVE,BINANCE_USDM_PREMIUM_INDEX_KLINES_ARCHIVE
2026-07-08 16:00:00+00:00,BTCUSD,,,-0.4867466033069973,,VERIFIED_BINANCE_PUBLIC_ARCHIVE_FUNDING_BASIS_CAUSAL,7.171e-05,-0.00028454,-0.13917653947931993,1.2517637778236073,BINANCE_USDM_MONTHLY_FUNDING_RATE_ARCHIVE,BINANCE_USDM_PREMIUM_INDEX_KLINES_ARCHIVE
2026-07-08 16:00:00+00:00,ETHUSD,,,-0.014935752448409334,,VERIFIED_BINANCE_PUBLIC_ARCHIVE_FUNDING_BASIS_CAUSAL,4.537e-05,-0.0004171,-0.5634796244687541,0.7218878797916091,BINANCE_USDM_MONTHLY_FUNDING_RATE_ARCHIVE,BINANCE_USDM_PREMIUM_INDEX_KLINES_ARCHIVE
2026-07-08 16:00:00+00:00,SOLUSD,,,0.5155490827230441,,VERIFIED_BINANCE_PUBLIC_ARCHIVE_FUNDING_BASIS_CAUSAL,-1.721e-05,-0.00043362,-1.2042320292495714,0.326174518587156,BINANCE_USDM_MONTHLY_FUNDING_RATE_ARCHIVE,BINANCE_USDM_PREMIUM_INDEX_KLINES_ARCHIVE
2026-07-08 16:00:00+00:00,XRPUSD,,,-0.18264795391402405,,VERIFIED_BINANCE_PUBLIC_ARCHIVE_FUNDING_BASIS_CAUSAL,3.09e-06,-0.00039933,-0.3163757630323101,0.7925658301817659,BINANCE_USDM_MONTHLY_FUNDING_RATE_ARCHIVE,BINANCE_USDM_PREMIUM_INDEX_KLINES_ARCHIVE
2026-07-09 00:00:00+00:00,BNBUSD,,,-0.15746944478607666,,VERIFIED_BINANCE_PUBLIC_ARCHIVE_FUNDING_BASIS_CAUSAL,3.204e-05,0.00066683,-0.48639196091546755,0.9444111628657418,BINANCE_USDM_MONTHLY_FUNDING_RATE_ARCHIVE,BINANCE_USDM_PREMIUM_INDEX_KLINES_ARCHIVE
2026-07-09 00:00:00+00:00,BTCUSD,,,0.32600512985549646,,VERIFIED_BINANCE_PUBLIC_ARCHIVE_FUNDING_BASIS_CAUSAL,6.16e-05,-0.00045235,-0.5080155626045783,-0.10354793427328526,BINANCE_USDM_MONTHLY_FUNDING_RATE_ARCHIVE,BINANCE_USDM_PREMIUM_INDEX_KLINES_ARCHIVE
2026-07-09 00:00:00+00:00,ETHUSD,,,-0.7583127204256686,,VERIFIED_BINANCE_PUBLIC_ARCHIVE_FUNDING_BASIS_CAUSAL,7.189e-05,-0.00035394,0.5078727354115647,1.0644060354429066,BINANCE_USDM_MONTHLY_FUNDING_RATE_ARCHIVE,BINANCE_USDM_PREMIUM_INDEX_KLINES_ARCHIVE
2026-07-09 00:00:00+00:00,SOLUSD,,,2.0368311763902884,,VERIFIED_BINANCE_PUBLIC_ARCHIVE_FUNDING_BASIS_CAUSAL,4.117e-05,-0.00111585,0.38757967929038506,-5.0,BINANCE_USDM_MONTHLY_FUNDING_RATE_ARCHIVE,BINANCE_USDM_PREMIUM_INDEX_KLINES_ARCHIVE
2026-07-09 00:00:00+00:00,XRPUSD,,,-0.6782151754759875,,VERIFIED_BINANCE_PUBLIC_ARCHIVE_FUNDING_BASIS_CAUSAL,4.255e-05,-0.00047355,1.0764758163587718,0.19145216995258435,BINANCE_USDM_MONTHLY_FUNDING_RATE_ARCHIVE,BINANCE_USDM_PREMIUM_INDEX_KLINES_ARCHIVE
2026-07-09 08:00:00.001000+00:00,BNBUSD,,,-1.2878122446165283,,VERIFIED_BINANCE_PUBLIC_ARCHIVE_FUNDING_BASIS_CAUSAL,8.613e-05,0.00086765,0.5825229631715337,2.1498324774937436,BINANCE_USDM_MONTHLY_FUNDING_RATE_ARCHIVE,BINANCE_USDM_PREMIUM_INDEX_KLINES_ARCHIVE
2026-07-09 08:00:00.001000+00:00,BTCUSD,,,-0.044819085049455004,,VERIFIED_BINANCE_PUBLIC_ARCHIVE_FUNDING_BASIS_CAUSAL,6.615e-05,-0.00037063,-0.3570698301193859,0.536016648033594,BINANCE_USDM_MONTHLY_FUNDING_RATE_ARCHIVE,BINANCE_USDM_PREMIUM_INDEX_KLINES_ARCHIVE
2026-07-09 08:00:00.001000+00:00,ETHUSD,,,0.10443616889677579,,VERIFIED_BINANCE_PUBLIC_ARCHIVE_FUNDING_BASIS_CAUSAL,5.342e-05,-0.00048931,-0.3524842811807159,0.19873374611692882,BINANCE_USDM_MONTHLY_FUNDING_RATE_ARCHIVE,BINANCE_USDM_PREMIUM_INDEX_KLINES_ARCHIVE
2026-07-09 08:00:00.001000+00:00,SOLUSD,,,-0.5202741645981671,,VERIFIED_BINANCE_PUBLIC_ARCHIVE_FUNDING_BASIS_CAUSAL,4.411e-05,-0.00040068,0.3965851073073472,0.6714496790647249,BINANCE_USDM_MONTHLY_FUNDING_RATE_ARCHIVE,BINANCE_USDM_PREMIUM_INDEX_KLINES_ARCHIVE
2026-07-09 08:00:00.001000+00:00,XRPUSD,,,-0.21397553228106164,,VERIFIED_BINANCE_PUBLIC_ARCHIVE_FUNDING_BASIS_CAUSAL,2.554e-05,-0.00050257,0.41622675093086625,-0.03322040162425516,BINANCE_USDM_MONTHLY_FUNDING_RATE_ARCHIVE,BINANCE_USDM_PREMIUM_INDEX_KLINES_ARCHIVE
2026-07-09 16:00:00.001000+00:00,BNBUSD,,,-0.8363990757743902,,VERIFIED_BINANCE_PUBLIC_ARCHIVE_FUNDING_BASIS_CAUSAL,0.00012025,0.00058753,1.285170703220476,0.2879004200069518,BINANCE_USDM_MONTHLY_FUNDING_RATE_ARCHIVE,BINANCE_USDM_PREMIUM_INDEX_KLINES_ARCHIVE
2026-07-09 16:00:00.001000+00:00,BTCUSD,,,0.5213300791159275,,VERIFIED_BINANCE_PUBLIC_ARCHIVE_FUNDING_BASIS_CAUSAL,4.912e-05,-0.00041342,-1.0578721659944315,0.13444358262446632,BINANCE_USDM_MONTHLY_FUNDING_RATE_ARCHIVE,BINANCE_USDM_PREMIUM_INDEX_KLINES_ARCHIVE
2026-07-09 16:00:00.001000+00:00,ETHUSD,,,0.8037859633445392,,VERIFIED_BINANCE_PUBLIC_ARCHIVE_FUNDING_BASIS_CAUSAL,2.748e-05,-0.00051848,-1.4570295887277536,-0.0053770878761660295,BINANCE_USDM_MONTHLY_FUNDING_RATE_ARCHIVE,BINANCE_USDM_PREMIUM_INDEX_KLINES_ARCHIVE
2026-07-09 16:00:00.001000+00:00,SOLUSD,,,1.1517162215774452,,VERIFIED_BINANCE_PUBLIC_ARCHIVE_FUNDING_BASIS_CAUSAL,2.46e-06,-0.00078772,-0.7053557074034569,-1.697267961123431,BINANCE_USDM_MONTHLY_FUNDING_RATE_ARCHIVE,BINANCE_USDM_PREMIUM_INDEX_KLINES_ARCHIVE
2026-07-09 16:00:00.001000+00:00,XRPUSD,,,-0.36328978249314403,,VERIFIED_BINANCE_PUBLIC_ARCHIVE_FUNDING_BASIS_CAUSAL,1.575e-05,-0.00041924,0.14334576623168532,0.6321102468127047,BINANCE_USDM_MONTHLY_FUNDING_RATE_ARCHIVE,BINANCE_USDM_PREMIUM_INDEX_KLINES_ARCHIVE
2026-07-10 00:00:00+00:00,BNBUSD,,,0.062192379353272986,,VERIFIED_BINANCE_PUBLIC_ARCHIVE_FUNDING_BASIS_CAUSAL,7.403e-05,0.00045489,0.282553721115737,-0.4835487243709519,BINANCE_USDM_MONTHLY_FUNDING_RATE_ARCHIVE,BINANCE_USDM_PREMIUM_INDEX_KLINES_ARCHIVE
2026-07-10 00:00:00+00:00,BTCUSD,,,-0.18262650746036604,,VERIFIED_BINANCE_PUBLIC_ARCHIVE_FUNDING_BASIS_CAUSAL,9.058e-05,-0.00047563,0.6671999571443855,-0.40962993104232454,BINANCE_USDM_MONTHLY_FUNDING_RATE_ARCHIVE,BINANCE_USDM_PREMIUM_INDEX_KLINES_ARCHIVE
2026-07-10 00:00:00+00:00,ETHUSD,,,1.0715536183667593,,VERIFIED_BINANCE_PUBLIC_ARCHIVE_FUNDING_BASIS_CAUSAL,2.613e-05,-0.00063713,-1.360466204781176,-0.718438234971361,BINANCE_USDM_MONTHLY_FUNDING_RATE_ARCHIVE,BINANCE_USDM_PREMIUM_INDEX_KLINES_ARCHIVE
2026-07-10 00:00:00+00:00,SOLUSD,,,-0.38836282805460487,,VERIFIED_BINANCE_PUBLIC_ARCHIVE_FUNDING_BASIS_CAUSAL,4.254e-05,-0.00046085,0.41461469366682,0.35627721452856403,BINANCE_USDM_MONTHLY_FUNDING_RATE_ARCHIVE,BINANCE_USDM_PREMIUM_INDEX_KLINES_ARCHIVE
2026-07-10 00:00:00+00:00,XRPUSD,,,0.14208024774736733,,VERIFIED_BINANCE_PUBLIC_ARCHIVE_FUNDING_BASIS_CAUSAL,-4.6e-07,-0.00046632,-0.4598169818960053,0.2462646495454124,BINANCE_USDM_MONTHLY_FUNDING_RATE_ARCHIVE,BINANCE_USDM_PREMIUM_INDEX_KLINES_ARCHIVE
2026-07-10 08:00:00.005000+00:00,BNBUSD,,,-0.5410235969468131,,VERIFIED_BINANCE_PUBLIC_ARCHIVE_FUNDING_BASIS_CAUSAL,0.00011748,0.00051232,1.092190910343928,-0.1326253416496608,BINANCE_USDM_MONTHLY_FUNDING_RATE_ARCHIVE,BINANCE_USDM_PREMIUM_INDEX_KLINES_ARCHIVE
2026-07-10 08:00:00.005000+00:00,BTCUSD,,,0.08358449049216751,,VERIFIED_BINANCE_PUBLIC_ARCHIVE_FUNDING_BASIS_CAUSAL,7.247e-05,-0.00044364,-0.02424800102844599,-0.1561068665033827,BINANCE_USDM_MONTHLY_FUNDING_RATE_ARCHIVE,BINANCE_USDM_PREMIUM_INDEX_KLINES_ARCHIVE
2026-07-10 08:00:00.005000+00:00,ETHUSD,,,0.6807674575074236,,VERIFIED_BINANCE_PUBLIC_ARCHIVE_FUNDING_BASIS_CAUSAL,3.355e-05,-0.0005821,-0.9323924363028916,-0.373225816757407,BINANCE_USDM_MONTHLY_FUNDING_RATE_ARCHIVE,BINANCE_USDM_PREMIUM_INDEX_KLINES_ARCHIVE
2026-07-10 08:00:00.005000+00:00,SOLUSD,,,0.4944810292587929,,VERIFIED_BINANCE_PUBLIC_ARCHIVE_FUNDING_BASIS_CAUSAL,1.338e-05,-0.00062112,-0.4156100488869964,-0.5908788941576553,BINANCE_USDM_MONTHLY_FUNDING_RATE_ARCHIVE,BINANCE_USDM_PREMIUM_INDEX_KLINES_ARCHIVE
2026-07-10 08:00:00.005000+00:00,XRPUSD,,,-1.0157403631997997,,VERIFIED_BINANCE_PUBLIC_ARCHIVE_FUNDING_BASIS_CAUSAL,7.73e-05,-0.00060037,2.5628852308499215,-0.8752144750392381,BINANCE_USDM_MONTHLY_FUNDING_RATE_ARCHIVE,BINANCE_USDM_PREMIUM_INDEX_KLINES_ARCHIVE
2026-07-10 16:00:00.005000+00:00,BNBUSD,,,-0.41221370564121423,,VERIFIED_BINANCE_PUBLIC_ARCHIVE_FUNDING_BASIS_CAUSAL,0.00011027,0.00050092,0.9799240359352992,-0.28165447582933417,BINANCE_USDM_MONTHLY_FUNDING_RATE_ARCHIVE,BINANCE_USDM_PREMIUM_INDEX_KLINES_ARCHIVE
2026-07-10 16:00:00.005000+00:00,BTCUSD,,,-0.5872939812103037,,VERIFIED_BINANCE_PUBLIC_ARCHIVE_FUNDING_BASIS_CAUSAL,9.508e-05,-0.00039254,0.8559882159691166,0.2588899165050879,BINANCE_USDM_MONTHLY_FUNDING_RATE_ARCHIVE,BINANCE_USDM_PREMIUM_INDEX_KLINES_ARCHIVE
2026-07-10 16:00:00.005000+00:00,ETHUSD,,,0.06456529189870198,,VERIFIED_BINANCE_PUBLIC_ARCHIVE_FUNDING_BASIS_CAUSAL,4.632e-05,-0.00048071,-0.3067836229367151,0.23147933492553627,BINANCE_USDM_MONTHLY_FUNDING_RATE_ARCHIVE,BINANCE_USDM_PREMIUM_INDEX_KLINES_ARCHIVE
2026-07-10 16:00:00.005000+00:00,SOLUSD,,,-1.1632188676298285,,VERIFIED_BINANCE_PUBLIC_ARCHIVE_FUNDING_BASIS_CAUSAL,0.0001,-0.00050038,2.0098705912429424,0.12842231654713349,BINANCE_USDM_MONTHLY_FUNDING_RATE_ARCHIVE,BINANCE_USDM_PREMIUM_INDEX_KLINES_ARCHIVE
2026-07-10 16:00:00.005000+00:00,XRPUSD,,,-0.8664330115942374,,VERIFIED_BINANCE_PUBLIC_ARCHIVE_FUNDING_BASIS_CAUSAL,5.961e-05,-0.00049294,1.5740617441892764,0.0015534495336340206,BINANCE_USDM_MONTHLY_FUNDING_RATE_ARCHIVE,BINANCE_USDM_PREMIUM_INDEX_KLINES_ARCHIVE
2026-07-11 00:00:00+00:00,BNBUSD,,,-0.5843640470755038,,VERIFIED_BINANCE_PUBLIC_ARCHIVE_FUNDING_BASIS_CAUSAL,9.961e-05,0.00054492,1.0403696611422564,0.027023852105028424,BINANCE_USDM_MONTHLY_FUNDING_RATE_ARCHIVE,BINANCE_USDM_PREMIUM_INDEX_KLINES_ARCHIVE
2026-07-11 00:00:00+00:00,BTCUSD,,,-0.35055454947279885,,VERIFIED_BINANCE_PUBLIC_ARCHIVE_FUNDING_BASIS_CAUSAL,0.0001,-0.00048947,1.0859168769932623,-0.5482216286077677,BINANCE_USDM_MONTHLY_FUNDING_RATE_ARCHIVE,BINANCE_USDM_PREMIUM_INDEX_KLINES_ARCHIVE
2026-07-11 00:00:00+00:00,ETHUSD,,,-0.22157946066133377,,VERIFIED_BINANCE_PUBLIC_ARCHIVE_FUNDING_BASIS_CAUSAL,5.051e-05,-0.00044298,-0.0096664615750001,0.5042133656168529,BINANCE_USDM_MONTHLY_FUNDING_RATE_ARCHIVE,BINANCE_USDM_PREMIUM_INDEX_KLINES_ARCHIVE
2026-07-11 00:00:00+00:00,SOLUSD,,,-0.08927666485976365,,VERIFIED_BINANCE_PUBLIC_ARCHIVE_FUNDING_BASIS_CAUSAL,5.263e-05,-0.00060906,0.5546460343659183,-0.47950812009220317,BINANCE_USDM_MONTHLY_FUNDING_RATE_ARCHIVE,BINANCE_USDM_PREMIUM_INDEX_KLINES_ARCHIVE
2026-07-11 00:00:00+00:00,XRPUSD,,,-1.239799732081004,,VERIFIED_BINANCE_PUBLIC_ARCHIVE_FUNDING_BASIS_CAUSAL,8.733e-05,-0.00050491,2.29299630061062,-0.04744051834408254,BINANCE_USDM_MONTHLY_FUNDING_RATE_ARCHIVE,BINANCE_USDM_PREMIUM_INDEX_KLINES_ARCHIVE
2026-07-11 08:00:00+00:00,BNBUSD,,,-0.10293854702263852,,VERIFIED_BINANCE_PUBLIC_ARCHIVE_FUNDING_BASIS_CAUSAL,5.645e-05,0.00056881,0.05686177174787998,0.15925460569178784,BINANCE_USDM_MONTHLY_FUNDING_RATE_ARCHIVE,BINANCE_USDM_PREMIUM_INDEX_KLINES_ARCHIVE
2026-07-11 08:00:00+00:00,BTCUSD,,,1.723784193948143,,VERIFIED_BINANCE_PUBLIC_ARCHIVE_FUNDING_BASIS_CAUSAL,9.42e-06,-0.00047726,-2.7844833243937552,-0.4273741456257281,BINANCE_USDM_MONTHLY_FUNDING_RATE_ARCHIVE,BINANCE_USDM_PREMIUM_INDEX_KLINES_ARCHIVE
2026-07-11 08:00:00+00:00,ETHUSD,,,0.5722148019101723,,VERIFIED_BINANCE_PUBLIC_ARCHIVE_FUNDING_BASIS_CAUSAL,2.19e-05,-0.00044883,-1.433440876047929,0.48039484425819723,BINANCE_USDM_MONTHLY_FUNDING_RATE_ARCHIVE,BINANCE_USDM_PREMIUM_INDEX_KLINES_ARCHIVE
2026-07-11 08:00:00+00:00,SOLUSD,,,0.7824540336306401,,VERIFIED_BINANCE_PUBLIC_ARCHIVE_FUNDING_BASIS_CAUSAL,-2.607e-05,-0.00048929,-1.6408811276543795,0.2667346368428194,BINANCE_USDM_MONTHLY_FUNDING_RATE_ARCHIVE,BINANCE_USDM_PREMIUM_INDEX_KLINES_ARCHIVE
2026-07-11 08:00:00+00:00,XRPUSD,,,-1.4462431032913077,,VERIFIED_BINANCE_PUBLIC_ARCHIVE_FUNDING_BASIS_CAUSAL,4.839e-05,-0.00024658,0.8197514121456643,2.211955170247094,BINANCE_USDM_MONTHLY_FUNDING_RATE_ARCHIVE,BINANCE_USDM_PREMIUM_INDEX_KLINES_ARCHIVE
2026-07-11 16:00:00+00:00,BNBUSD,,,-0.4327135218479085,,VERIFIED_BINANCE_PUBLIC_ARCHIVE_FUNDING_BASIS_CAUSAL,7.755e-05,0.00056938,0.6658570404030607,0.14776033250272236,BINANCE_USDM_MONTHLY_FUNDING_RATE_ARCHIVE,BINANCE_USDM_PREMIUM_INDEX_KLINES_ARCHIVE
2026-07-11 16:00:00+00:00,BTCUSD,,,1.2522772766426469,,VERIFIED_BINANCE_PUBLIC_ARCHIVE_FUNDING_BASIS_CAUSAL,4.156e-05,-0.00060625,-1.0639586344604617,-1.4824445059764284,BINANCE_USDM_MONTHLY_FUNDING_RATE_ARCHIVE,BINANCE_USDM_PREMIUM_INDEX_KLINES_ARCHIVE
2026-07-11 16:00:00+00:00,ETHUSD,,,-0.784182525207568,,VERIFIED_BINANCE_PUBLIC_ARCHIVE_FUNDING_BASIS_CAUSAL,6.296e-05,-0.00039052,0.7468417863275892,0.8298212060608753,BINANCE_USDM_MONTHLY_FUNDING_RATE_ARCHIVE,BINANCE_USDM_PREMIUM_INDEX_KLINES_ARCHIVE
2026-07-11 16:00:00+00:00,SOLUSD,,,-1.3158705566533184,,VERIFIED_BINANCE_PUBLIC_ARCHIVE_FUNDING_BASIS_CAUSAL,7.892e-05,-0.00034313,1.425498056802361,1.1818813898044884,BINANCE_USDM_MONTHLY_FUNDING_RATE_ARCHIVE,BINANCE_USDM_PREMIUM_INDEX_KLINES_ARCHIVE
2026-07-11 16:00:00+00:00,XRPUSD,,,-0.9146454532658359,,VERIFIED_BINANCE_PUBLIC_ARCHIVE_FUNDING_BASIS_CAUSAL,6.928e-05,-0.00044218,1.3478072635354525,0.3852254629363042,BINANCE_USDM_MONTHLY_FUNDING_RATE_ARCHIVE,BINANCE_USDM_PREMIUM_INDEX_KLINES_ARCHIVE
2026-07-12 00:00:00+00:00,BNBUSD,,,-1.4035030699366637,,VERIFIED_BINANCE_PUBLIC_ARCHIVE_FUNDING_BASIS_CAUSAL,8.35e-05,0.00087691,0.7676407622834254,2.1806681126239553,BINANCE_USDM_MONTHLY_FUNDING_RATE_ARCHIVE,BINANCE_USDM_PREMIUM_INDEX_KLINES_ARCHIVE
2026-07-12 00:00:00+00:00,BTCUSD,,,-0.4165322858922353,,VERIFIED_BINANCE_PUBLIC_ARCHIVE_FUNDING_BASIS_CAUSAL,4.651e-05,-0.00020068,-0.7797549670158068,1.87866115055762,BINANCE_USDM_MONTHLY_FUNDING_RATE_ARCHIVE,BINANCE_USDM_PREMIUM_INDEX_KLINES_ARCHIVE
2026-07-12 00:00:00+00:00,ETHUSD,,,0.024310570554847644,,VERIFIED_BINANCE_PUBLIC_ARCHIVE_FUNDING_BASIS_CAUSAL,6.46e-06,-0.00010172,-2.11982027020835,2.536867951243878,BINANCE_USDM_MONTHLY_FUNDING_RATE_ARCHIVE,BINANCE_USDM_PREMIUM_INDEX_KLINES_ARCHIVE
2026-07-12 00:00:00+00:00,SOLUSD,,,-0.530014976070975,,VERIFIED_BINANCE_PUBLIC_ARCHIVE_FUNDING_BASIS_CAUSAL,2.546e-05,-0.00030841,-0.12329437897298276,1.328504187791368,BINANCE_USDM_MONTHLY_FUNDING_RATE_ARCHIVE,BINANCE_USDM_PREMIUM_INDEX_KLINES_ARCHIVE
2026-07-12 00:00:00+00:00,XRPUSD,,,-0.8256806745194785,,VERIFIED_BINANCE_PUBLIC_ARCHIVE_FUNDING_BASIS_CAUSAL,-1.01e-06,-0.00015863,-0.7153145251899075,2.7091192519420613,BINANCE_USDM_MONTHLY_FUNDING_RATE_ARCHIVE,BINANCE_USDM_PREMIUM_INDEX_KLINES_ARCHIVE
2026-07-12 08:00:00.003000+00:00,BNBUSD,,,1.2954782831396061,,VERIFIED_BINANCE_PUBLIC_ARCHIVE_FUNDING_BASIS_CAUSAL,0.0,0.00036785,-1.40521873185041,-1.1613510680486234,BINANCE_USDM_MONTHLY_FUNDING_RATE_ARCHIVE,BINANCE_USDM_PREMIUM_INDEX_KLINES_ARCHIVE
2026-07-12 08:00:00.003000+00:00,BTCUSD,,,0.2743739712812758,,VERIFIED_BINANCE_PUBLIC_ARCHIVE_FUNDING_BASIS_CAUSAL,6.315e-05,-0.00047925,-0.087693406075512,-0.5025391065327648,BINANCE_USDM_MONTHLY_FUNDING_RATE_ARCHIVE,BINANCE_USDM_PREMIUM_INDEX_KLINES_ARCHIVE
2026-07-12 08:00:00.003000+00:00,ETHUSD,,,0.8213410879952756,,VERIFIED_BINANCE_PUBLIC_ARCHIVE_FUNDING_BASIS_CAUSAL,9.96e-06,-0.00046387,-1.6479563029047002,0.18896639689402117,BINANCE_USDM_MONTHLY_FUNDING_RATE_ARCHIVE,BINANCE_USDM_PREMIUM_INDEX_KLINES_ARCHIVE
2026-07-12 08:00:00.003000+00:00,SOLUSD,,,1.146806763003354,,VERIFIED_BINANCE_PUBLIC_ARCHIVE_FUNDING_BASIS_CAUSAL,-4.011e-05,-0.0005763,-1.8255286836605165,-0.31725774886682206,BINANCE_USDM_MONTHLY_FUNDING_RATE_ARCHIVE,BINANCE_USDM_PREMIUM_INDEX_KLINES_ARCHIVE
2026-07-12 08:00:00.003000+00:00,XRPUSD,,,0.508182021651465,,VERIFIED_BINANCE_PUBLIC_ARCHIVE_FUNDING_BASIS_CAUSAL,5.3e-07,-0.00052847,-0.6095451301041918,-0.3842937779870211,BINANCE_USDM_MONTHLY_FUNDING_RATE_ARCHIVE,BINANCE_USDM_PREMIUM_INDEX_KLINES_ARCHIVE
2026-07-12 16:00:00+00:00,BNBUSD,,,-1.2828182101989274,,VERIFIED_BINANCE_PUBLIC_ARCHIVE_FUNDING_BASIS_CAUSAL,0.00011818,0.00069379,1.591951275638073,0.9049889079955272,BINANCE_USDM_MONTHLY_FUNDING_RATE_ARCHIVE,BINANCE_USDM_PREMIUM_INDEX_KLINES_ARCHIVE
2026-07-12 16:00:00+00:00,BTCUSD,,,-0.28706787731764744,,VERIFIED_BINANCE_PUBLIC_ARCHIVE_FUNDING_BASIS_CAUSAL,7.578e-05,-0.0004082,0.4295290580117985,0.11294865646924054,BINANCE_USDM_MONTHLY_FUNDING_RATE_ARCHIVE,BINANCE_USDM_PREMIUM_INDEX_KLINES_ARCHIVE
2026-07-12 16:00:00+00:00,ETHUSD,,,0.2606668462978545,,VERIFIED_BINANCE_PUBLIC_ARCHIVE_FUNDING_BASIS_CAUSAL,3.016e-05,-0.0004818,-0.5557771650582977,0.10002354329824259,BINANCE_USDM_MONTHLY_FUNDING_RATE_ARCHIVE,BINANCE_USDM_PREMIUM_INDEX_KLINES_ARCHIVE
2026-07-12 16:00:00+00:00,SOLUSD,,,-0.7276855290072635,,VERIFIED_BINANCE_PUBLIC_ARCHIVE_FUNDING_BASIS_CAUSAL,6.891e-05,-0.00047651,1.0879694676136504,0.2873384929327904,BINANCE_USDM_MONTHLY_FUNDING_RATE_ARCHIVE,BINANCE_USDM_PREMIUM_INDEX_KLINES_ARCHIVE
2026-07-12 16:00:00+00:00,XRPUSD,,,0.02074255889359812,,VERIFIED_BINANCE_PUBLIC_ARCHIVE_FUNDING_BASIS_CAUSAL,1.893e-05,-0.00047529,-0.05908777798613893,0.026123819997285094,BINANCE_USDM_MONTHLY_FUNDING_RATE_ARCHIVE,BINANCE_USDM_PREMIUM_INDEX_KLINES_ARCHIVE
2026-07-13 00:00:00+00:00,BNBUSD,,,0.6406518989952387,,VERIFIED_BINANCE_PUBLIC_ARCHIVE_FUNDING_BASIS_CAUSAL,4.761e-05,0.00035971,-0.18438551414964038,-1.1983108138065253,BINANCE_USDM_MONTHLY_FUNDING_RATE_ARCHIVE,BINANCE_USDM_PREMIUM_INDEX_KLINES_ARCHIVE
2026-07-13 00:00:00+00:00,BTCUSD,,,2.06288664738916,,VERIFIED_BINANCE_PUBLIC_ARCHIVE_FUNDING_BASIS_CAUSAL,1.521e-05,-0.00070666,-1.8505603404794904,-2.322396578056533,BINANCE_USDM_MONTHLY_FUNDING_RATE_ARCHIVE,BINANCE_USDM_PREMIUM_INDEX_KLINES_ARCHIVE
2026-07-13 00:00:00+00:00,ETHUSD,,,0.7243495755981716,,VERIFIED_BINANCE_PUBLIC_ARCHIVE_FUNDING_BASIS_CAUSAL,2.248e-05,-0.00059852,-0.8607663177746576,-0.5576180018269108,BINANCE_USDM_MONTHLY_FUNDING_RATE_ARCHIVE,BINANCE_USDM_PREMIUM_INDEX_KLINES_ARCHIVE
2026-07-13 00:00:00+00:00,SOLUSD,,,-0.5080039686155998,,VERIFIED_BINANCE_PUBLIC_ARCHIVE_FUNDING_BASIS_CAUSAL,5.504e-05,-0.00048439,0.7446561446312752,0.21876242015199646,BINANCE_USDM_MONTHLY_FUNDING_RATE_ARCHIVE,BINANCE_USDM_PREMIUM_INDEX_KLINES_ARCHIVE
2026-07-13 00:00:00+00:00,XRPUSD,,,0.6870684359138488,,VERIFIED_BINANCE_PUBLIC_ARCHIVE_FUNDING_BASIS_CAUSAL,-4.5e-07,-0.0005779,-0.6482640025854733,-0.73449607664853,BINANCE_USDM_MONTHLY_FUNDING_RATE_ARCHIVE,BINANCE_USDM_PREMIUM_INDEX_KLINES_ARCHIVE
2026-07-13 08:00:00.001000+00:00,BNBUSD,,,1.2256366224090516,,VERIFIED_BINANCE_PUBLIC_ARCHIVE_FUNDING_BASIS_CAUSAL,1.62e-06,0.00035615,-1.2694279321586215,-1.1721139104929101,BINANCE_USDM_MONTHLY_FUNDING_RATE_ARCHIVE,BINANCE_USDM_PREMIUM_INDEX_KLINES_ARCHIVE
2026-07-13 08:00:00.001000+00:00,BTCUSD,,,0.08281040748246915,,VERIFIED_BINANCE_PUBLIC_ARCHIVE_FUNDING_BASIS_CAUSAL,4.856e-05,-0.00037841,-0.4683477712508992,0.38840192601227874,BINANCE_USDM_MONTHLY_FUNDING_RATE_ARCHIVE,BINANCE_USDM_PREMIUM_INDEX_KLINES_ARCHIVE
2026-07-13 08:00:00.001000+00:00,ETHUSD,,,0.4219237984798466,,VERIFIED_BINANCE_PUBLIC_ARCHIVE_FUNDING_BASIS_CAUSAL,5.42e-06,-0.00032966,-1.621796051969452,1.0445867335630046,BINANCE_USDM_MONTHLY_FUNDING_RATE_ARCHIVE,BINANCE_USDM_PREMIUM_INDEX_KLINES_ARCHIVE
2026-07-13 08:00:00.001000+00:00,SOLUSD,,,0.780385512345869,,VERIFIED_BINANCE_PUBLIC_ARCHIVE_FUNDING_BASIS_CAUSAL,-5.873e-05,-0.00040121,-2.0554255363799867,0.7779967392513863,BINANCE_USDM_MONTHLY_FUNDING_RATE_ARCHIVE,BINANCE_USDM_PREMIUM_INDEX_KLINES_ARCHIVE
2026-07-13 08:00:00.001000+00:00,XRPUSD,,,0.440721472355208,,VERIFIED_BINANCE_PUBLIC_ARCHIVE_FUNDING_BASIS_CAUSAL,-3.91e-05,-0.00033059,-1.6916656458901798,1.0882102952986465,BINANCE_USDM_MONTHLY_FUNDING_RATE_ARCHIVE,BINANCE_USDM_PREMIUM_INDEX_KLINES_ARCHIVE
2026-07-13 16:00:00.004000+00:00,BNBUSD,,,0.4122341066649947,,VERIFIED_BINANCE_PUBLIC_ARCHIVE_FUNDING_BASIS_CAUSAL,3.773e-05,0.00047508,-0.42814131370237185,-0.3927919647304227,BINANCE_USDM_MONTHLY_FUNDING_RATE_ARCHIVE,BINANCE_USDM_PREMIUM_INDEX_KLINES_ARCHIVE
2026-07-13 16:00:00.004000+00:00,BTCUSD,,,-1.4746252127051442,,VERIFIED_BINANCE_PUBLIC_ARCHIVE_FUNDING_BASIS_CAUSAL,0.0001,-0.00023362,1.479731905244272,1.4683836996017658,BINANCE_USDM_MONTHLY_FUNDING_RATE_ARCHIVE,BINANCE_USDM_PREMIUM_INDEX_KLINES_ARCHIVE
2026-07-13 16:00:00.004000+00:00,ETHUSD,,,0.552496349645335,,VERIFIED_BINANCE_PUBLIC_ARCHIVE_FUNDING_BASIS_CAUSAL,1.969e-05,-0.00055638,-0.7716846866403781,-0.2845994933180598,BINANCE_USDM_MONTHLY_FUNDING_RATE_ARCHIVE,BINANCE_USDM_PREMIUM_INDEX_KLINES_ARCHIVE
2026-07-13 16:00:00.004000+00:00,SOLUSD,,,-0.6707412863401631,,VERIFIED_BINANCE_PUBLIC_ARCHIVE_FUNDING_BASIS_CAUSAL,2.296e-05,-0.0002927,0.0709386035133922,1.4038334542395496,BINANCE_USDM_MONTHLY_FUNDING_RATE_ARCHIVE,BINANCE_USDM_PREMIUM_INDEX_KLINES_ARCHIVE
2026-07-13 16:00:00.004000+00:00,XRPUSD,,,1.3424473867620692,,VERIFIED_BINANCE_PUBLIC_ARCHIVE_FUNDING_BASIS_CAUSAL,-6.04e-05,-0.00053425,-2.0721486778014016,-0.45059025326955193,BINANCE_USDM_MONTHLY_FUNDING_RATE_ARCHIVE,BINANCE_USDM_PREMIUM_INDEX_KLINES_ARCHIVE
2026-07-14 00:00:00+00:00,BNBUSD,,,0.6781150257251678,,VERIFIED_BINANCE_PUBLIC_ARCHIVE_FUNDING_BASIS_CAUSAL,0.0,0.00055243,-1.3134951576231606,0.09846069103904564,BINANCE_USDM_MONTHLY_FUNDING_RATE_ARCHIVE,BINANCE_USDM_PREMIUM_INDEX_KLINES_ARCHIVE
2026-07-14 00:00:00+00:00,BTCUSD,,,-0.2512952396326976,,VERIFIED_BINANCE_PUBLIC_ARCHIVE_FUNDING_BASIS_CAUSAL,8.256e-05,-0.0004905,0.8434999013129549,-0.4725104579765058,BINANCE_USDM_MONTHLY_FUNDING_RATE_ARCHIVE,BINANCE_USDM_PREMIUM_INDEX_KLINES_ARCHIVE
2026-07-14 00:00:00+00:00,ETHUSD,,,0.4142173921427116,,VERIFIED_BINANCE_PUBLIC_ARCHIVE_FUNDING_BASIS_CAUSAL,1.26e-06,-0.00030096,-1.7160752830000576,1.1769422522384891,BINANCE_USDM_MONTHLY_FUNDING_RATE_ARCHIVE,BINANCE_USDM_PREMIUM_INDEX_KLINES_ARCHIVE
2026-07-14 00:00:00+00:00,SOLUSD,,,0.0950100830529804,,VERIFIED_BINANCE_PUBLIC_ARCHIVE_FUNDING_BASIS_CAUSAL,4.27e-06,-0.00049178,-0.3102276245469812,0.1680335787730206,BINANCE_USDM_MONTHLY_FUNDING_RATE_ARCHIVE,BINANCE_USDM_PREMIUM_INDEX_KLINES_ARCHIVE
2026-07-14 00:00:00+00:00,XRPUSD,,,0.9650345708239176,,VERIFIED_BINANCE_PUBLIC_ARCHIVE_FUNDING_BASIS_CAUSAL,-2.766e-05,-0.00060552,-0.9899575677626468,-0.9345731301210264,BINANCE_USDM_MONTHLY_FUNDING_RATE_ARCHIVE,BINANCE_USDM_PREMIUM_INDEX_KLINES_ARCHIVE
2026-07-14 08:00:00.002000+00:00,BNBUSD,,,0.4136117741890164,,VERIFIED_BINANCE_PUBLIC_ARCHIVE_FUNDING_BASIS_CAUSAL,3.843e-05,0.0004654,-0.4290788437271463,-0.39470757808685764,BINANCE_USDM_MONTHLY_FUNDING_RATE_ARCHIVE,BINANCE_USDM_PREMIUM_INDEX_KLINES_ARCHIVE
2026-07-14 08:00:00.002000+00:00,BTCUSD,,,-0.17087919984441924,,VERIFIED_BINANCE_PUBLIC_ARCHIVE_FUNDING_BASIS_CAUSAL,3.489e-05,-0.00022527,-0.9243933629247706,1.509545665451207,BINANCE_USDM_MONTHLY_FUNDING_RATE_ARCHIVE,BINANCE_USDM_PREMIUM_INDEX_KLINES_ARCHIVE
2026-07-14 08:00:00.002000+00:00,ETHUSD,,,-0.3091950549764174,,VERIFIED_BINANCE_PUBLIC_ARCHIVE_FUNDING_BASIS_CAUSAL,3.639e-05,-0.0004361,0.2731908191975953,0.3532002320394221,BINANCE_USDM_MONTHLY_FUNDING_RATE_ARCHIVE,BINANCE_USDM_PREMIUM_INDEX_KLINES_ARCHIVE
2026-07-14 08:00:00.002000+00:00,SOLUSD,,,-0.49747329110953237,,VERIFIED_BINANCE_PUBLIC_ARCHIVE_FUNDING_BASIS_CAUSAL,3.868e-05,-0.00043245,0.4943294500360894,0.5013157635326293,BINANCE_USDM_MONTHLY_FUNDING_RATE_ARCHIVE,BINANCE_USDM_PREMIUM_INDEX_KLINES_ARCHIVE
2026-07-14 08:00:00.002000+00:00,XRPUSD,,,0.5315703728493809,,VERIFIED_BINANCE_PUBLIC_ARCHIVE_FUNDING_BASIS_CAUSAL,1.36e-05,-0.00064392,-0.0010853413005487032,-1.1799409669646204,BINANCE_USDM_MONTHLY_FUNDING_RATE_ARCHIVE,BINANCE_USDM_PREMIUM_INDEX_KLINES_ARCHIVE
2026-07-14 16:00:00.001000+00:00,BNBUSD,,,-0.5886087985965599,,VERIFIED_BINANCE_PUBLIC_ARCHIVE_FUNDING_BASIS_CAUSAL,9.807e-05,0.00055783,0.9358050130896104,0.16425786977172022,BINANCE_USDM_MONTHLY_FUNDING_RATE_ARCHIVE,BINANCE_USDM_PREMIUM_INDEX_KLINES_ARCHIVE
2026-07-14 16:00:00.001000+00:00,BTCUSD,,,0.020454200863796693,,VERIFIED_BINANCE_PUBLIC_ARCHIVE_FUNDING_BASIS_CAUSAL,5.59e-05,-0.00041453,-0.10922464839880704,0.08804301279010485,BINANCE_USDM_MONTHLY_FUNDING_RATE_ARCHIVE,BINANCE_USDM_PREMIUM_INDEX_KLINES_ARCHIVE
2026-07-14 16:00:00.001000+00:00,ETHUSD,,,-0.80798067578652,,VERIFIED_BINANCE_PUBLIC_ARCHIVE_FUNDING_BASIS_CAUSAL,6.925e-05,-0.00060357,1.973114947948777,-0.6160723235229054,BINANCE_USDM_MONTHLY_FUNDING_RATE_ARCHIVE,BINANCE_USDM_PREMIUM_INDEX_KLINES_ARCHIVE
2026-07-14 16:00:00.001000+00:00,SOLUSD,,,-0.47398327551585806,,VERIFIED_BINANCE_PUBLIC_ARCHIVE_FUNDING_BASIS_CAUSAL,6.297e-05,-0.0005506,1.009191575261446,-0.18016020195097185,BINANCE_USDM_MONTHLY_FUNDING_RATE_ARCHIVE,BINANCE_USDM_PREMIUM_INDEX_KLINES_ARCHIVE
2026-07-14 16:00:00.001000+00:00,XRPUSD,,,-1.0426105403395947,,VERIFIED_BINANCE_PUBLIC_ARCHIVE_FUNDING_BASIS_CAUSAL,5.549e-05,-0.00033763,1.0111273921062496,1.081089943735905,BINANCE_USDM_MONTHLY_FUNDING_RATE_ARCHIVE,BINANCE_USDM_PREMIUM_INDEX_KLINES_ARCHIVE
2026-07-15 00:00:00.005000+00:00,BNBUSD,,,-1.091902666986107,,VERIFIED_BINANCE_PUBLIC_ARCHIVE_FUNDING_BASIS_CAUSAL,0.00012457,0.00062131,1.4693496854228387,0.6305785333412124,BINANCE_USDM_MONTHLY_FUNDING_RATE_ARCHIVE,BINANCE_USDM_PREMIUM_INDEX_KLINES_ARCHIVE
2026-07-15 00:00:00.005000+00:00,BTCUSD,,,-1.2880675384637286,,VERIFIED_BINANCE_PUBLIC_ARCHIVE_FUNDING_BASIS_CAUSAL,0.0001,-0.00027758,1.435125417292068,1.108330131006869,BINANCE_USDM_MONTHLY_FUNDING_RATE_ARCHIVE,BINANCE_USDM_PREMIUM_INDEX_KLINES_ARCHIVE
2026-07-15 00:00:00.005000+00:00,ETHUSD,,,0.37520666477832587,,VERIFIED_BINANCE_PUBLIC_ARCHIVE_FUNDING_BASIS_CAUSAL,3.834e-05,-0.00068578,0.23059413208762095,-1.1156298609478164,BINANCE_USDM_MONTHLY_FUNDING_RATE_ARCHIVE,BINANCE_USDM_PREMIUM_INDEX_KLINES_ARCHIVE
2026-07-15 00:00:00.005000+00:00,SOLUSD,,,0.45602339105444645,,VERIFIED_BINANCE_PUBLIC_ARCHIVE_FUNDING_BASIS_CAUSAL,1.428e-05,-0.00064252,-0.2597149840818876,-0.6959558884653516,BINANCE_USDM_MONTHLY_FUNDING_RATE_ARCHIVE,BINANCE_USDM_PREMIUM_INDEX_KLINES_ARCHIVE
2026-07-15 00:00:00.005000+00:00,XRPUSD,,,-0.661258529762302,,VERIFIED_BINANCE_PUBLIC_ARCHIVE_FUNDING_BASIS_CAUSAL,7.03e-05,-0.00049868,1.3008822337749764,-0.120503775142078,BINANCE_USDM_MONTHLY_FUNDING_RATE_ARCHIVE,BINANCE_USDM_PREMIUM_INDEX_KLINES_ARCHIVE
2026-07-15 08:00:00.002000+00:00,BNBUSD,,,-1.2946350406977707,,VERIFIED_BINANCE_PUBLIC_ARCHIVE_FUNDING_BASIS_CAUSAL,0.00013454,0.00068204,1.5465149969876375,0.9867817607879336,BINANCE_USDM_MONTHLY_FUNDING_RATE_ARCHIVE,BINANCE_USDM_PREMIUM_INDEX_KLINES_ARCHIVE
2026-07-15 08:00:00.002000+00:00,BTCUSD,,,-1.2023091143904412,,VERIFIED_BINANCE_PUBLIC_ARCHIVE_FUNDING_BASIS_CAUSAL,0.0001,-0.00027786,1.3388429997291769,1.0354343656430973,BINANCE_USDM_MONTHLY_FUNDING_RATE_ARCHIVE,BINANCE_USDM_PREMIUM_INDEX_KLINES_ARCHIVE
2026-07-15 08:00:00.002000+00:00,ETHUSD,,,-0.25119438100072167,,VERIFIED_BINANCE_PUBLIC_ARCHIVE_FUNDING_BASIS_CAUSAL,5.006e-05,-0.000555,0.7709029437227154,-0.38400497343727075,BINANCE_USDM_MONTHLY_FUNDING_RATE_ARCHIVE,BINANCE_USDM_PREMIUM_INDEX_KLINES_ARCHIVE
2026-07-15 08:00:00.002000+00:00,SOLUSD,,,0.19713912668035927,,VERIFIED_BINANCE_PUBLIC_ARCHIVE_FUNDING_BASIS_CAUSAL,2.48e-05,-0.00058996,-0.03642856735131234,-0.39356314363808326,BINANCE_USDM_MONTHLY_FUNDING_RATE_ARCHIVE,BINANCE_USDM_PREMIUM_INDEX_KLINES_ARCHIVE
2026-07-15 08:00:00.002000+00:00,XRPUSD,,,-0.7414757588149896,,VERIFIED_BINANCE_PUBLIC_ARCHIVE_FUNDING_BASIS_CAUSAL,8.462e-05,-0.00051387,1.5270174257234201,-0.2186307229619814,BINANCE_USDM_MONTHLY_FUNDING_RATE_ARCHIVE,BINANCE_USDM_PREMIUM_INDEX_KLINES_ARCHIVE
2026-07-15 16:00:00+00:00,BNBUSD,,,0.44856554433454454,,VERIFIED_BINANCE_PUBLIC_ARCHIVE_FUNDING_BASIS_CAUSAL,8.756e-05,0.00030846,0.33432825427096297,-1.4054357426301647,BINANCE_USDM_MONTHLY_FUNDING_RATE_ARCHIVE,BINANCE_USDM_PREMIUM_INDEX_KLINES_ARCHIVE
2026-07-15 16:00:00+00:00,BTCUSD,,,1.270156813139626,,VERIFIED_BINANCE_PUBLIC_ARCHIVE_FUNDING_BASIS_CAUSAL,4.457e-05,-0.00068575,-0.7442055133740125,-1.91298617951982,BINANCE_USDM_MONTHLY_FUNDING_RATE_ARCHIVE,BINANCE_USDM_PREMIUM_INDEX_KLINES_ARCHIVE
2026-07-15 16:00:00+00:00,ETHUSD,,,-1.4678864378883123,,VERIFIED_BINANCE_PUBLIC_ARCHIVE_FUNDING_BASIS_CAUSAL,8.736e-05,-0.00046295,2.524848057099806,0.17604445885204167,BINANCE_USDM_MONTHLY_FUNDING_RATE_ARCHIVE,BINANCE_USDM_PREMIUM_INDEX_KLINES_ARCHIVE
2026-07-15 16:00:00+00:00,SOLUSD,,,0.3192611946772881,,VERIFIED_BINANCE_PUBLIC_ARCHIVE_FUNDING_BASIS_CAUSAL,-6.87e-06,-0.00046359,-0.8945169317541731,0.38382915063890477,BINANCE_USDM_MONTHLY_FUNDING_RATE_ARCHIVE,BINANCE_USDM_PREMIUM_INDEX_KLINES_ARCHIVE
2026-07-15 16:00:00+00:00,XRPUSD,,,0.05169689452723365,,VERIFIED_BINANCE_PUBLIC_ARCHIVE_FUNDING_BASIS_CAUSAL,2.785e-05,-0.00050767,0.019902135683375313,-0.13920682034020018,BINANCE_USDM_MONTHLY_FUNDING_RATE_ARCHIVE,BINANCE_USDM_PREMIUM_INDEX_KLINES_ARCHIVE
2026-07-16 00:00:00+00:00,BNBUSD,,,-1.5017230694705765,,VERIFIED_BINANCE_PUBLIC_ARCHIVE_FUNDING_BASIS_CAUSAL,0.00014088,0.00074696,1.5211349852150275,1.4779973946718032,BINANCE_USDM_MONTHLY_FUNDING_RATE_ARCHIVE,BINANCE_USDM_PREMIUM_INDEX_KLINES_ARCHIVE
2026-07-16 00:00:00+00:00,BTCUSD,,,0.8067156850594674,,VERIFIED_BINANCE_PUBLIC_ARCHIVE_FUNDING_BASIS_CAUSAL,2.426e-05,-0.00044002,-1.419339635168143,-0.05795307937108609,BINANCE_USDM_MONTHLY_FUNDING_RATE_ARCHIVE,BINANCE_USDM_PREMIUM_INDEX_KLINES_ARCHIVE
2026-07-16 00:00:00+00:00,ETHUSD,,,-0.19956317691118672,,VERIFIED_BINANCE_PUBLIC_ARCHIVE_FUNDING_BASIS_CAUSAL,4.35e-05,-0.00049712,0.3758153178104328,-0.01585610641011411,BINANCE_USDM_MONTHLY_FUNDING_RATE_ARCHIVE,BINANCE_USDM_PREMIUM_INDEX_KLINES_ARCHIVE
2026-07-16 00:00:00+00:00,SOLUSD,,,0.017254330557314408,,VERIFIED_BINANCE_PUBLIC_ARCHIVE_FUNDING_BASIS_CAUSAL,2.874e-05,-0.00054825,0.0688779041159015,-0.1225270618245783,BINANCE_USDM_MONTHLY_FUNDING_RATE_ARCHIVE,BINANCE_USDM_PREMIUM_INDEX_KLINES_ARCHIVE
2026-07-16 00:00:00+00:00,XRPUSD,,,0.37568824730035083,,VERIFIED_BINANCE_PUBLIC_ARCHIVE_FUNDING_BASIS_CAUSAL,-1.081e-05,-0.00045311,-0.878707673333102,0.23911327340634503,BINANCE_USDM_MONTHLY_FUNDING_RATE_ARCHIVE,BINANCE_USDM_PREMIUM_INDEX_KLINES_ARCHIVE
2026-07-16 08:00:00.003000+00:00,BNBUSD,,,-0.39996336861296017,,VERIFIED_BINANCE_PUBLIC_ARCHIVE_FUNDING_BASIS_CAUSAL,9.816e-05,0.00058532,0.436339997606954,0.35550304428696766,BINANCE_USDM_MONTHLY_FUNDING_RATE_ARCHIVE,BINANCE_USDM_PREMIUM_INDEX_KLINES_ARCHIVE
2026-07-16 08:00:00.003000+00:00,BTCUSD,,,-0.16969448122560896,,VERIFIED_BINANCE_PUBLIC_ARCHIVE_FUNDING_BASIS_CAUSAL,7.584e-05,-0.00045301,0.44839812358602854,-0.17094330388157059,BINANCE_USDM_MONTHLY_FUNDING_RATE_ARCHIVE,BINANCE_USDM_PREMIUM_INDEX_KLINES_ARCHIVE
2026-07-16 08:00:00.003000+00:00,ETHUSD,,,-1.288605182679924,,VERIFIED_BINANCE_PUBLIC_ARCHIVE_FUNDING_BASIS_CAUSAL,6.079e-05,-0.00025524,1.1744841900069065,1.4280863959469452,BINANCE_USDM_MONTHLY_FUNDING_RATE_ARCHIVE,BINANCE_USDM_PREMIUM_INDEX_KLINES_ARCHIVE
2026-07-16 08:00:00.003000+00:00,SOLUSD,,,0.7391178323523979,,VERIFIED_BINANCE_PUBLIC_ARCHIVE_FUNDING_BASIS_CAUSAL,-4.349e-05,-0.00044849,-1.7249136806812473,0.4657437600495291,BINANCE_USDM_MONTHLY_FUNDING_RATE_ARCHIVE,BINANCE_USDM_PREMIUM_INDEX_KLINES_ARCHIVE
2026-07-16 08:00:00.003000+00:00,XRPUSD,,,-0.38545429396450254,,VERIFIED_BINANCE_PUBLIC_ARCHIVE_FUNDING_BASIS_CAUSAL,7.73e-06,-0.00031922,-0.38886210993160925,1.331841009837528,BINANCE_USDM_MONTHLY_FUNDING_RATE_ARCHIVE,BINANCE_USDM_PREMIUM_INDEX_KLINES_ARCHIVE
2026-07-16 16:00:00.002000+00:00,BNBUSD,,,-0.3130484473835197,,VERIFIED_BINANCE_PUBLIC_ARCHIVE_FUNDING_BASIS_CAUSAL,0.0001107,0.00049173,0.7513831524727221,-0.22269396994772783,BINANCE_USDM_MONTHLY_FUNDING_RATE_ARCHIVE,BINANCE_USDM_PREMIUM_INDEX_KLINES_ARCHIVE
2026-07-16 16:00:00.002000+00:00,BTCUSD,,,0.35295783388562535,,VERIFIED_BINANCE_PUBLIC_ARCHIVE_FUNDING_BASIS_CAUSAL,6.102e-05,-0.00052681,-0.09398166300100295,-0.6694842649668306,BINANCE_USDM_MONTHLY_FUNDING_RATE_ARCHIVE,BINANCE_USDM_PREMIUM_INDEX_KLINES_ARCHIVE
2026-07-16 16:00:00.002000+00:00,ETHUSD,,,0.15991390419226076,,VERIFIED_BINANCE_PUBLIC_ARCHIVE_FUNDING_BASIS_CAUSAL,3.526e-05,-0.00053776,-0.03742361438020507,-0.3096242584069955,BINANCE_USDM_MONTHLY_FUNDING_RATE_ARCHIVE,BINANCE_USDM_PREMIUM_INDEX_KLINES_ARCHIVE
2026-07-16 16:00:00.002000+00:00,SOLUSD,,,0.0909829617788368,,VERIFIED_BINANCE_PUBLIC_ARCHIVE_FUNDING_BASIS_CAUSAL,-3.49e-06,-0.00043823,-0.6220316870018587,0.5580765912715234,BINANCE_USDM_MONTHLY_FUNDING_RATE_ARCHIVE,BINANCE_USDM_PREMIUM_INDEX_KLINES_ARCHIVE
2026-07-16 16:00:00.002000+00:00,XRPUSD,,,-0.8949650631548953,,VERIFIED_BINANCE_PUBLIC_ARCHIVE_FUNDING_BASIS_CAUSAL,7.935e-05,-0.00042488,1.2820456006691898,0.421866628415202,BINANCE_USDM_MONTHLY_FUNDING_RATE_ARCHIVE,BINANCE_USDM_PREMIUM_INDEX_KLINES_ARCHIVE
2026-07-17 00:00:00+00:00,BNBUSD,,,-0.21259148009335405,,VERIFIED_BINANCE_PUBLIC_ARCHIVE_FUNDING_BASIS_CAUSAL,6.363e-05,0.0006677,-0.3444429692713307,0.8934113626501909,BINANCE_USDM_MONTHLY_FUNDING_RATE_ARCHIVE,BINANCE_USDM_PREMIUM_INDEX_KLINES_ARCHIVE
2026-07-17 00:00:00+00:00,BTCUSD,,,-0.26728275613558933,,VERIFIED_BINANCE_PUBLIC_ARCHIVE_FUNDING_BASIS_CAUSAL,7.639e-05,-0.00043295,0.4830436382872906,0.003575011283510064,BINANCE_USDM_MONTHLY_FUNDING_RATE_ARCHIVE,BINANCE_USDM_PREMIUM_INDEX_KLINES_ARCHIVE
2026-07-17 00:00:00+00:00,ETHUSD,,,-1.2268737460480086,,VERIFIED_BINANCE_PUBLIC_ARCHIVE_FUNDING_BASIS_CAUSAL,6.892e-05,-0.00033785,1.4071204909080297,1.0065721689968712,BINANCE_USDM_MONTHLY_FUNDING_RATE_ARCHIVE,BINANCE_USDM_PREMIUM_INDEX_KLINES_ARCHIVE
2026-07-17 00:00:00+00:00,SOLUSD,,,-0.5137171612109509,,VERIFIED_BINANCE_PUBLIC_ARCHIVE_FUNDING_BASIS_CAUSAL,1.683e-05,-0.00031864,-0.08887210458422512,1.2502151527383882,BINANCE_USDM_MONTHLY_FUNDING_RATE_ARCHIVE,BINANCE_USDM_PREMIUM_INDEX_KLINES_ARCHIVE
2026-07-17 00:00:00+00:00,XRPUSD,,,0.5570064442955217,,VERIFIED_BINANCE_PUBLIC_ARCHIVE_FUNDING_BASIS_CAUSAL,-6.3e-07,-0.00052166,-0.6455643469150608,-0.4487690077605293,BINANCE_USDM_MONTHLY_FUNDING_RATE_ARCHIVE,BINANCE_USDM_PREMIUM_INDEX_KLINES_ARCHIVE
2026-07-17 08:00:00.010000+00:00,BNBUSD,,,1.0314940175425416,,VERIFIED_BINANCE_PUBLIC_ARCHIVE_FUNDING_BASIS_CAUSAL,2.252e-05,0.00042885,-1.2192290570396116,-0.8020400803794557,BINANCE_USDM_MONTHLY_FUNDING_RATE_ARCHIVE,BINANCE_USDM_PREMIUM_INDEX_KLINES_ARCHIVE
2026-07-17 08:00:00.010000+00:00,BTCUSD,,,1.1705555663898957,,VERIFIED_BINANCE_PUBLIC_ARCHIVE_FUNDING_BASIS_CAUSAL,1.52e-05,-0.00052316,-1.6225392685224458,-0.6181310415612231,BINANCE_USDM_MONTHLY_FUNDING_RATE_ARCHIVE,BINANCE_USDM_PREMIUM_INDEX_KLINES_ARCHIVE
2026-07-17 08:00:00.010000+00:00,ETHUSD,,,-0.4438429909853821,,VERIFIED_BINANCE_PUBLIC_ARCHIVE_FUNDING_BASIS_CAUSAL,4.774e-05,-0.00039884,0.3901017825198728,0.5095266902210045,BINANCE_USDM_MONTHLY_FUNDING_RATE_ARCHIVE,BINANCE_USDM_PREMIUM_INDEX_KLINES_ARCHIVE
2026-07-17 08:00:00.010000+00:00,SOLUSD,,,0.33292235102912965,,VERIFIED_BINANCE_PUBLIC_ARCHIVE_FUNDING_BASIS_CAUSAL,-2.497e-05,-0.00042143,-1.0752529878108545,0.5743706494818676,BINANCE_USDM_MONTHLY_FUNDING_RATE_ARCHIVE,BINANCE_USDM_PREMIUM_INDEX_KLINES_ARCHIVE
2026-07-17 08:00:00.010000+00:00,XRPUSD,,,0.22955714233173308,,VERIFIED_BINANCE_PUBLIC_ARCHIVE_FUNDING_BASIS_CAUSAL,-2.412e-05,-0.00037792,-1.1154444480682946,0.8531940091240643,BINANCE_USDM_MONTHLY_FUNDING_RATE_ARCHIVE,BINANCE_USDM_PREMIUM_INDEX_KLINES_ARCHIVE
2026-07-17 16:00:00.004000+00:00,BNBUSD,,,1.0281235173898702,,VERIFIED_BINANCE_PUBLIC_ARCHIVE_FUNDING_BASIS_CAUSAL,0.0,0.00049419,-1.5997164522835061,-0.3295099302976483,BINANCE_USDM_MONTHLY_FUNDING_RATE_ARCHIVE,BINANCE_USDM_PREMIUM_INDEX_KLINES_ARCHIVE
2026-07-17 16:00:00.004000+00:00,BTCUSD,,,0.22860649061398663,,VERIFIED_BINANCE_PUBLIC_ARCHIVE_FUNDING_BASIS_CAUSAL,6.045e-05,-0.00052203,0.0637582664943886,-0.5859411937464453,BINANCE_USDM_MONTHLY_FUNDING_RATE_ARCHIVE,BINANCE_USDM_PREMIUM_INDEX_KLINES_ARCHIVE
2026-07-17 16:00:00.004000+00:00,ETHUSD,,,-0.01829975268756595,,VERIFIED_BINANCE_PUBLIC_ARCHIVE_FUNDING_BASIS_CAUSAL,2.442e-05,-0.00036809,-0.5809637846503968,0.7507329649895204,BINANCE_USDM_MONTHLY_FUNDING_RATE_ARCHIVE,BINANCE_USDM_PREMIUM_INDEX_KLINES_ARCHIVE
2026-07-17 16:00:00.004000+00:00,SOLUSD,,,0.6384595901991813,,VERIFIED_BINANCE_PUBLIC_ARCHIVE_FUNDING_BASIS_CAUSAL,-4.44e-05,-0.00043959,-1.497171685171766,0.41107741476731136,BINANCE_USDM_MONTHLY_FUNDING_RATE_ARCHIVE,BINANCE_USDM_PREMIUM_INDEX_KLINES_ARCHIVE
2026-07-17 16:00:00.004000+00:00,XRPUSD,,,-0.09971031112373802,,VERIFIED_BINANCE_PUBLIC_ARCHIVE_FUNDING_BASIS_CAUSAL,1.737e-05,-0.00043296,-0.05927889463443783,0.2940304514948418,BINANCE_USDM_MONTHLY_FUNDING_RATE_ARCHIVE,BINANCE_USDM_PREMIUM_INDEX_KLINES_ARCHIVE
2026-07-18 00:00:00+00:00,BNBUSD,,,1.0411987000301801,,VERIFIED_BINANCE_PUBLIC_ARCHIVE_FUNDING_BASIS_CAUSAL,0.0,0.00046039,-1.4184740807477572,-0.5800843458198083,BINANCE_USDM_MONTHLY_FUNDING_RATE_ARCHIVE,BINANCE_USDM_PREMIUM_INDEX_KLINES_ARCHIVE
2026-07-18 00:00:00+00:00,BTCUSD,,,0.5278257411105584,,VERIFIED_BINANCE_PUBLIC_ARCHIVE_FUNDING_BASIS_CAUSAL,3.074e-05,-0.00045305,-0.9118105136433013,-0.058511019126094604,BINANCE_USDM_MONTHLY_FUNDING_RATE_ARCHIVE,BINANCE_USDM_PREMIUM_INDEX_KLINES_ARCHIVE
2026-07-18 00:00:00+00:00,ETHUSD,,,0.3949283595059879,,VERIFIED_BINANCE_PUBLIC_ARCHIVE_FUNDING_BASIS_CAUSAL,2.552e-05,-0.00050811,-0.48084216733403107,-0.2899225943828241,BINANCE_USDM_MONTHLY_FUNDING_RATE_ARCHIVE,BINANCE_USDM_PREMIUM_INDEX_KLINES_ARCHIVE
2026-07-18 00:00:00+00:00,SOLUSD,,,0.05062965270995523,,VERIFIED_BINANCE_PUBLIC_ARCHIVE_FUNDING_BASIS_CAUSAL,2.897e-05,-0.00061557,0.47742827576665803,-0.6960337875147048,BINANCE_USDM_MONTHLY_FUNDING_RATE_ARCHIVE,BINANCE_USDM_PREMIUM_INDEX_KLINES_ARCHIVE
2026-07-18 00:00:00+00:00,XRPUSD,,,0.42100784475106345,,VERIFIED_BINANCE_PUBLIC_ARCHIVE_FUNDING_BASIS_CAUSAL,4.97e-06,-0.00052664,-0.28216568321666086,-0.5907038199597776,BINANCE_USDM_MONTHLY_FUNDING_RATE_ARCHIVE,BINANCE_USDM_PREMIUM_INDEX_KLINES_ARCHIVE
2026-07-18 08:00:00+00:00,BNBUSD,,,0.6808412456987449,,VERIFIED_BINANCE_PUBLIC_ARCHIVE_FUNDING_BASIS_CAUSAL,2.518e-05,0.00047419,-0.7881032502443698,-0.5497432401429811,BINANCE_USDM_MONTHLY_FUNDING_RATE_ARCHIVE,BINANCE_USDM_PREMIUM_INDEX_KLINES_ARCHIVE
2026-07-18 08:00:00+00:00,BTCUSD,,,-0.36620641757192296,,VERIFIED_BINANCE_PUBLIC_ARCHIVE_FUNDING_BASIS_CAUSAL,6.955e-05,-0.00040197,0.44455551333102333,0.2704464116441336,BINANCE_USDM_MONTHLY_FUNDING_RATE_ARCHIVE,BINANCE_USDM_PREMIUM_INDEX_KLINES_ARCHIVE
2026-07-18 08:00:00+00:00,ETHUSD,,,0.22253203059101778,,VERIFIED_BINANCE_PUBLIC_ARCHIVE_FUNDING_BASIS_CAUSAL,3.939e-05,-0.00053083,0.0871750730363793,-0.6010629350245031,BINANCE_USDM_MONTHLY_FUNDING_RATE_ARCHIVE,BINANCE_USDM_PREMIUM_INDEX_KLINES_ARCHIVE
2026-07-18 08:00:00+00:00,SOLUSD,,,0.1284866898855606,,VERIFIED_BINANCE_PUBLIC_ARCHIVE_FUNDING_BASIS_CAUSAL,2.87e-05,-0.00062828,0.4096616372463881,-0.7862235341579424,BINANCE_USDM_MONTHLY_FUNDING_RATE_ARCHIVE,BINANCE_USDM_PREMIUM_INDEX_KLINES_ARCHIVE
2026-07-18 08:00:00+00:00,XRPUSD,,,1.5000845677876342,,VERIFIED_BINANCE_PUBLIC_ARCHIVE_FUNDING_BASIS_CAUSAL,-1.003e-05,-0.00073232,-0.606651079892738,-2.592058830770285,BINANCE_USDM_MONTHLY_FUNDING_RATE_ARCHIVE,BINANCE_USDM_PREMIUM_INDEX_KLINES_ARCHIVE
2026-07-18 16:00:00.001000+00:00,BNBUSD,,,-0.30544556953751056,,VERIFIED_BINANCE_PUBLIC_ARCHIVE_FUNDING_BASIS_CAUSAL,9.856e-05,0.00052154,0.7349312951950476,-0.21948142848836816,BINANCE_USDM_MONTHLY_FUNDING_RATE_ARCHIVE,BINANCE_USDM_PREMIUM_INDEX_KLINES_ARCHIVE
2026-07-18 16:00:00.001000+00:00,BTCUSD,,,0.7555029861416223,,VERIFIED_BINANCE_PUBLIC_ARCHIVE_FUNDING_BASIS_CAUSAL,3.326e-05,-0.00049149,-0.966522090678483,-0.4975907472632367,BINANCE_USDM_MONTHLY_FUNDING_RATE_ARCHIVE,BINANCE_USDM_PREMIUM_INDEX_KLINES_ARCHIVE
2026-07-18 16:00:00.001000+00:00,ETHUSD,,,0.34795553994489414,,VERIFIED_BINANCE_PUBLIC_ARCHIVE_FUNDING_BASIS_CAUSAL,3.042e-05,-0.00051698,-0.24510060494677863,-0.47366712716481313,BINANCE_USDM_MONTHLY_FUNDING_RATE_ARCHIVE,BINANCE_USDM_PREMIUM_INDEX_KLINES_ARCHIVE
2026-07-18 16:00:00.001000+00:00,SOLUSD,,,-0.4757641629263398,,VERIFIED_BINANCE_PUBLIC_ARCHIVE_FUNDING_BASIS_CAUSAL,3.433e-05,-0.00047179,0.6640659436730827,0.2456175420136539,BINANCE_USDM_MONTHLY_FUNDING_RATE_ARCHIVE,BINANCE_USDM_PREMIUM_INDEX_KLINES_ARCHIVE
2026-07-18 16:00:00.001000+00:00,XRPUSD,,,-0.01012038943282137,,VERIFIED_BINANCE_PUBLIC_ARCHIVE_FUNDING_BASIS_CAUSAL,-2.11e-06,-0.00041939,-0.3251632651141175,0.4199115227679689,BINANCE_USDM_MONTHLY_FUNDING_RATE_ARCHIVE,BINANCE_USDM_PREMIUM_INDEX_KLINES_ARCHIVE
2026-07-19 00:00:00.003000+00:00,BNBUSD,,,-0.4658509960100049,,VERIFIED_BINANCE_PUBLIC_ARCHIVE_FUNDING_BASIS_CAUSAL,6.925e-05,0.00066823,0.13520433457840703,0.8699746933152912,BINANCE_USDM_MONTHLY_FUNDING_RATE_ARCHIVE,BINANCE_USDM_PREMIUM_INDEX_KLINES_ARCHIVE
2026-07-19 00:00:00.003000+00:00,BTCUSD,,,0.9537563413522885,,VERIFIED_BINANCE_PUBLIC_ARCHIVE_FUNDING_BASIS_CAUSAL,4.06e-06,-0.00039964,-2.00029931525003,0.3253517378560625,BINANCE_USDM_MONTHLY_FUNDING_RATE_ARCHIVE,BINANCE_USDM_PREMIUM_INDEX_KLINES_ARCHIVE
2026-07-19 00:00:00.003000+00:00,ETHUSD,,,1.16957564903799,,VERIFIED_BINANCE_PUBLIC_ARCHIVE_FUNDING_BASIS_CAUSAL,-1.262e-05,-0.00044452,-2.245731676534057,0.14572616234609176,BINANCE_USDM_MONTHLY_FUNDING_RATE_ARCHIVE,BINANCE_USDM_PREMIUM_INDEX_KLINES_ARCHIVE
2026-07-19 00:00:00.003000+00:00,SOLUSD,,,0.180937278513512,,VERIFIED_BINANCE_PUBLIC_ARCHIVE_FUNDING_BASIS_CAUSAL,-3.81e-06,-0.00050172,-0.3833002418340045,0.06639523221153444,BINANCE_USDM_MONTHLY_FUNDING_RATE_ARCHIVE,BINANCE_USDM_PREMIUM_INDEX_KLINES_ARCHIVE
2026-07-19 00:00:00.003000+00:00,XRPUSD,,,0.7596962490921659,,VERIFIED_BINANCE_PUBLIC_ARCHIVE_FUNDING_BASIS_CAUSAL,-2.213e-05,-0.00054484,-0.8467684703031656,-0.6532746453898329,BINANCE_USDM_MONTHLY_FUNDING_RATE_ARCHIVE,BINANCE_USDM_PREMIUM_INDEX_KLINES_ARCHIVE
2026-07-19 08:00:00+00:00,BNBUSD,,,1.0983183982521347,,VERIFIED_BINANCE_PUBLIC_ARCHIVE_FUNDING_BASIS_CAUSAL,2.07e-05,0.00036966,-0.9307711658807574,-1.3030983489282624,BINANCE_USDM_MONTHLY_FUNDING_RATE_ARCHIVE,BINANCE_USDM_PREMIUM_INDEX_KLINES_ARCHIVE
2026-07-19 08:00:00+00:00,BTCUSD,,,-0.45306071857466007,,VERIFIED_BINANCE_PUBLIC_ARCHIVE_FUNDING_BASIS_CAUSAL,6.905e-05,-0.00038359,0.45923971905858313,0.4455086068720874,BINANCE_USDM_MONTHLY_FUNDING_RATE_ARCHIVE,BINANCE_USDM_PREMIUM_INDEX_KLINES_ARCHIVE
2026-07-19 08:00:00+00:00,ETHUSD,,,0.0423330835841281,,VERIFIED_BINANCE_PUBLIC_ARCHIVE_FUNDING_BASIS_CAUSAL,4.255e-05,-0.00051561,0.26306538073467445,-0.415597873307109,BINANCE_USDM_MONTHLY_FUNDING_RATE_ARCHIVE,BINANCE_USDM_PREMIUM_INDEX_KLINES_ARCHIVE
2026-07-19 08:00:00+00:00,SOLUSD,,,0.015752546827332736,,VERIFIED_BINANCE_PUBLIC_ARCHIVE_FUNDING_BASIS_CAUSAL,4.518e-05,-0.00062296,0.9362949148367155,-1.1793661110833917,BINANCE_USDM_MONTHLY_FUNDING_RATE_ARCHIVE,BINANCE_USDM_PREMIUM_INDEX_KLINES_ARCHIVE
2026-07-19 08:00:00+00:00,XRPUSD,,,0.840111635503464,,VERIFIED_BINANCE_PUBLIC_ARCHIVE_FUNDING_BASIS_CAUSAL,-2.545e-05,-0.00056259,-0.88919349064972,-0.7801227014358176,BINANCE_USDM_MONTHLY_FUNDING_RATE_ARCHIVE,BINANCE_USDM_PREMIUM_INDEX_KLINES_ARCHIVE
2026-07-19 16:00:00.001000+00:00,BNBUSD,,,-0.545185940252104,,VERIFIED_BINANCE_PUBLIC_ARCHIVE_FUNDING_BASIS_CAUSAL,6.631e-05,0.00066906,0.11121014218419834,1.075600804557322,BINANCE_USDM_MONTHLY_FUNDING_RATE_ARCHIVE,BINANCE_USDM_PREMIUM_INDEX_KLINES_ARCHIVE
2026-07-19 16:00:00.001000+00:00,BTCUSD,,,0.13104978494202035,,VERIFIED_BINANCE_PUBLIC_ARCHIVE_FUNDING_BASIS_CAUSAL,5.235e-05,-0.00045789,-0.09241681292151768,-0.17826786185596805,BINANCE_USDM_MONTHLY_FUNDING_RATE_ARCHIVE,BINANCE_USDM_PREMIUM_INDEX_KLINES_ARCHIVE
2026-07-19 16:00:00.001000+00:00,ETHUSD,,,-0.500129494973907,,VERIFIED_BINANCE_PUBLIC_ARCHIVE_FUNDING_BASIS_CAUSAL,7.448e-05,-0.00056227,1.5578835425449724,-0.7926810076129507,BINANCE_USDM_MONTHLY_FUNDING_RATE_ARCHIVE,BINANCE_USDM_PREMIUM_INDEX_KLINES_ARCHIVE
2026-07-19 16:00:00.001000+00:00,SOLUSD,,,-1.3060045548868242,,VERIFIED_BINANCE_PUBLIC_ARCHIVE_FUNDING_BASIS_CAUSAL,6.396e-05,-0.00038971,1.5767047758098458,0.9751487293142422,BINANCE_USDM_MONTHLY_FUNDING_RATE_ARCHIVE,BINANCE_USDM_PREMIUM_INDEX_KLINES_ARCHIVE
2026-07-19 16:00:00.001000+00:00,XRPUSD,,,0.5085641324674248,,VERIFIED_BINANCE_PUBLIC_ARCHIVE_FUNDING_BASIS_CAUSAL,-1.68e-06,-0.00057538,-0.21731929099177633,-0.8645300498265507,BINANCE_USDM_MONTHLY_FUNDING_RATE_ARCHIVE,BINANCE_USDM_PREMIUM_INDEX_KLINES_ARCHIVE
2026-07-20 00:00:00+00:00,BNBUSD,,,0.4027075330245795,,VERIFIED_BINANCE_PUBLIC_ARCHIVE_FUNDING_BASIS_CAUSAL,2.43e-06,0.00061594,-1.244951988204661,0.6267023566399644,BINANCE_USDM_MONTHLY_FUNDING_RATE_ARCHIVE,BINANCE_USDM_PREMIUM_INDEX_KLINES_ARCHIVE
2026-07-20 00:00:00+00:00,BTCUSD,,,0.5089565990910447,,VERIFIED_BINANCE_PUBLIC_ARCHIVE_FUNDING_BASIS_CAUSAL,4.89e-05,-0.00053053,-0.28708420698333903,-0.780133967222685,BINANCE_USDM_MONTHLY_FUNDING_RATE_ARCHIVE,BINANCE_USDM_PREMIUM_INDEX_KLINES_ARCHIVE
2026-07-20 00:00:00+00:00,ETHUSD,,,-0.45523422569901395,,VERIFIED_BINANCE_PUBLIC_ARCHIVE_FUNDING_BASIS_CAUSAL,2.897e-05,-0.00028283,-0.412058132819892,1.5152582194443434,BINANCE_USDM_MONTHLY_FUNDING_RATE_ARCHIVE,BINANCE_USDM_PREMIUM_INDEX_KLINES_ARCHIVE
2026-07-20 00:00:00+00:00,SOLUSD,,,-0.5772137847447583,,VERIFIED_BINANCE_PUBLIC_ARCHIVE_FUNDING_BASIS_CAUSAL,5.638e-05,-0.00051797,1.3116697341920334,-0.3204545979130225,BINANCE_USDM_MONTHLY_FUNDING_RATE_ARCHIVE,BINANCE_USDM_PREMIUM_INDEX_KLINES_ARCHIVE
2026-07-20 00:00:00+00:00,XRPUSD,,,-1.451364313719878,,VERIFIED_BINANCE_PUBLIC_ARCHIVE_FUNDING_BASIS_CAUSAL,4.877e-05,-0.00024877,1.0588165018731275,1.9311449726436842,BINANCE_USDM_MONTHLY_FUNDING_RATE_ARCHIVE,BINANCE_USDM_PREMIUM_INDEX_KLINES_ARCHIVE
2026-07-20 08:00:00.001000+00:00,BNBUSD,,,1.3016445080952703,,VERIFIED_BINANCE_PUBLIC_ARCHIVE_FUNDING_BASIS_CAUSAL,0.0,0.00037141,-1.2981048031992866,-1.30597081407925,BINANCE_USDM_MONTHLY_FUNDING_RATE_ARCHIVE,BINANCE_USDM_PREMIUM_INDEX_KLINES_ARCHIVE
2026-07-20 08:00:00.001000+00:00,BTCUSD,,,0.048051360644528335,,VERIFIED_BINANCE_PUBLIC_ARCHIVE_FUNDING_BASIS_CAUSAL,5.278e-05,-0.00043113,-0.14904728632502184,0.07538810407607485,BINANCE_USDM_MONTHLY_FUNDING_RATE_ARCHIVE,BINANCE_USDM_PREMIUM_INDEX_KLINES_ARCHIVE
2026-07-20 08:00:00.001000+00:00,ETHUSD,,,0.21744218882393854,,VERIFIED_BINANCE_PUBLIC_ARCHIVE_FUNDING_BASIS_CAUSAL,2.124e-05,-0.00039551,-0.7997734902640596,0.49429606849176516,BINANCE_USDM_MONTHLY_FUNDING_RATE_ARCHIVE,BINANCE_USDM_PREMIUM_INDEX_KLINES_ARCHIVE
2026-07-20 08:00:00.001000+00:00,SOLUSD,,,1.4100810294499018,,VERIFIED_BINANCE_PUBLIC_ARCHIVE_FUNDING_BASIS_CAUSAL,-5.079e-05,-0.00053651,-2.1655105457999246,-0.48677828724431815,BINANCE_USDM_MONTHLY_FUNDING_RATE_ARCHIVE,BINANCE_USDM_PREMIUM_INDEX_KLINES_ARCHIVE
2026-07-20 08:00:00.001000+00:00,XRPUSD,,,1.3341151122479702,,VERIFIED_BINANCE_PUBLIC_ARCHIVE_FUNDING_BASIS_CAUSAL,-4.537e-05,-0.00062198,-1.448575936623237,-1.194218549122644,BINANCE_USDM_MONTHLY_FUNDING_RATE_ARCHIVE,BINANCE_USDM_PREMIUM_INDEX_KLINES_ARCHIVE
2026-07-20 16:00:00.004000+00:00,BNBUSD,,,-0.3273895190271914,,VERIFIED_BINANCE_PUBLIC_ARCHIVE_FUNDING_BASIS_CAUSAL,8.469e-05,0.00055137,0.49774044433697784,0.11918283253745236,BINANCE_USDM_MONTHLY_FUNDING_RATE_ARCHIVE,BINANCE_USDM_PREMIUM_INDEX_KLINES_ARCHIVE
2026-07-20 16:00:00.004000+00:00,BTCUSD,,,-0.20777172243198472,,VERIFIED_BINANCE_PUBLIC_ARCHIVE_FUNDING_BASIS_CAUSAL,6.518e-05,-0.00044384,0.40614557240008065,-0.03468520530679925,BINANCE_USDM_MONTHLY_FUNDING_RATE_ARCHIVE,BINANCE_USDM_PREMIUM_INDEX_KLINES_ARCHIVE
2026-07-20 16:00:00.004000+00:00,ETHUSD,,,0.4421188072795076,,VERIFIED_BINANCE_PUBLIC_ARCHIVE_FUNDING_BASIS_CAUSAL,2.476e-05,-0.00047095,-0.6593036200540489,-0.1766707027772904,BINANCE_USDM_MONTHLY_FUNDING_RATE_ARCHIVE,BINANCE_USDM_PREMIUM_INDEX_KLINES_ARCHIVE
2026-07-20 16:00:00.004000+00:00,SOLUSD,,,-1.1385307837017544,,VERIFIED_BINANCE_PUBLIC_ARCHIVE_FUNDING_BASIS_CAUSAL,1.312e-05,-0.0002378,-0.011298191445884993,2.543877308882202,BINANCE_USDM_MONTHLY_FUNDING_RATE_ARCHIVE,BINANCE_USDM_PREMIUM_INDEX_KLINES_ARCHIVE
2026-07-20 16:00:00.004000+00:00,XRPUSD,,,-0.3855696049829426,,VERIFIED_BINANCE_PUBLIC_ARCHIVE_FUNDING_BASIS_CAUSAL,5.088e-05,-0.00052302,1.0295940485558994,-0.4015713816062268,BINANCE_USDM_MONTHLY_FUNDING_RATE_ARCHIVE,BINANCE_USDM_PREMIUM_INDEX_KLINES_ARCHIVE
2026-07-21 00:00:00.001000+00:00,BNBUSD,,,0.3822209433184029,,VERIFIED_BINANCE_PUBLIC_ARCHIVE_FUNDING_BASIS_CAUSAL,6.225e-05,0.00043152,-0.043227140847381294,-0.796546701894096,BINANCE_USDM_MONTHLY_FUNDING_RATE_ARCHIVE,BINANCE_USDM_PREMIUM_INDEX_KLINES_ARCHIVE
2026-07-21 00:00:00.001000+00:00,BTCUSD,,,-0.42623502246738193,,VERIFIED_BINANCE_PUBLIC_ARCHIVE_FUNDING_BASIS_CAUSAL,5.4e-05,-0.00033037,0.011053276137187148,0.9336793790931756,BINANCE_USDM_MONTHLY_FUNDING_RATE_ARCHIVE,BINANCE_USDM_PREMIUM_INDEX_KLINES_ARCHIVE
2026-07-21 00:00:00.001000+00:00,ETHUSD,,,0.7831432059961079,,VERIFIED_BINANCE_PUBLIC_ARCHIVE_FUNDING_BASIS_CAUSAL,2.585e-05,-0.00055477,-0.7066086594868504,-0.8766854295074223,BINANCE_USDM_MONTHLY_FUNDING_RATE_ARCHIVE,BINANCE_USDM_PREMIUM_INDEX_KLINES_ARCHIVE
2026-07-21 00:00:00.001000+00:00,SOLUSD,,,-2.6687621281984475,,VERIFIED_BINANCE_PUBLIC_ARCHIVE_FUNDING_BASIS_CAUSAL,0.0001,-0.00016519,2.4752944270453097,2.9052226518300603,BINANCE_USDM_MONTHLY_FUNDING_RATE_ARCHIVE,BINANCE_USDM_PREMIUM_INDEX_KLINES_ARCHIVE
2026-07-21 00:00:00.001000+00:00,XRPUSD,,,-1.1585462250534793,,VERIFIED_BINANCE_PUBLIC_ARCHIVE_FUNDING_BASIS_CAUSAL,8.008e-05,-0.00041145,1.7106356602257904,0.4837702487317654,BINANCE_USDM_MONTHLY_FUNDING_RATE_ARCHIVE,BINANCE_USDM_PREMIUM_INDEX_KLINES_ARCHIVE
2026-07-21 08:00:00+00:00,BNBUSD,,,-0.6628706971507563,,VERIFIED_BINANCE_PUBLIC_ARCHIVE_FUNDING_BASIS_CAUSAL,9.386e-05,0.00063258,0.6002469970648256,0.7394107750335602,BINANCE_USDM_MONTHLY_FUNDING_RATE_ARCHIVE,BINANCE_USDM_PREMIUM_INDEX_KLINES_ARCHIVE
2026-07-21 08:00:00+00:00,BTCUSD,,,-0.7759918603435851,,VERIFIED_BINANCE_PUBLIC_ARCHIVE_FUNDING_BASIS_CAUSAL,8.926e-05,-0.00043217,1.384087394853735,0.03276398483117936,BINANCE_USDM_MONTHLY_FUNDING_RATE_ARCHIVE,BINANCE_USDM_PREMIUM_INDEX_KLINES_ARCHIVE
2026-07-21 08:00:00+00:00,ETHUSD,,,0.24738646351734647,,VERIFIED_BINANCE_PUBLIC_ARCHIVE_FUNDING_BASIS_CAUSAL,4.126e-05,-0.0005197,-0.0021853297794966428,-0.5470767380858296,BINANCE_USDM_MONTHLY_FUNDING_RATE_ARCHIVE,BINANCE_USDM_PREMIUM_INDEX_KLINES_ARCHIVE
2026-07-21 08:00:00+00:00,SOLUSD,,,0.05413756300963313,,VERIFIED_BINANCE_PUBLIC_ARCHIVE_FUNDING_BASIS_CAUSAL,6.58e-05,-0.00065436,1.2365994760897467,-1.6317050552422085,BINANCE_USDM_MONTHLY_FUNDING_RATE_ARCHIVE,BINANCE_USDM_PREMIUM_INDEX_KLINES_ARCHIVE
2026-07-21 08:00:00+00:00,XRPUSD,,,0.47892576304722634,,VERIFIED_BINANCE_PUBLIC_ARCHIVE_FUNDING_BASIS_CAUSAL,1.65e-05,-0.00059503,-0.06861506530362274,-0.980416615844964,BINANCE_USDM_MONTHLY_FUNDING_RATE_ARCHIVE,BINANCE_USDM_PREMIUM_INDEX_KLINES_ARCHIVE
2026-07-21 16:00:00.002000+00:00,BNBUSD,,,-0.7389787133441529,,VERIFIED_BINANCE_PUBLIC_ARCHIVE_FUNDING_BASIS_CAUSAL,0.00011917,0.00056856,1.1438714793821063,0.24410977707554282,BINANCE_USDM_MONTHLY_FUNDING_RATE_ARCHIVE,BINANCE_USDM_PREMIUM_INDEX_KLINES_ARCHIVE
2026-07-21 16:00:00.002000+00:00,BTCUSD,,,0.8511614786831889,,VERIFIED_BINANCE_PUBLIC_ARCHIVE_FUNDING_BASIS_CAUSAL,1.894e-05,-0.00045188,-1.4297992674279778,-0.14393751466178012,BINANCE_USDM_MONTHLY_FUNDING_RATE_ARCHIVE,BINANCE_USDM_PREMIUM_INDEX_KLINES_ARCHIVE
2026-07-21 16:00:00.002000+00:00,ETHUSD,,,-0.283053053599631,,VERIFIED_BINANCE_PUBLIC_ARCHIVE_FUNDING_BASIS_CAUSAL,3.598e-05,-0.00035169,-0.1793386209920977,0.8481984336561884,BINANCE_USDM_MONTHLY_FUNDING_RATE_ARCHIVE,BINANCE_USDM_PREMIUM_INDEX_KLINES_ARCHIVE
2026-07-21 16:00:00.002000+00:00,SOLUSD,,,-0.21703721841579082,,VERIFIED_BINANCE_PUBLIC_ARCHIVE_FUNDING_BASIS_CAUSAL,2.609e-05,-0.00044149,0.22528328654718976,0.20695869069963657,BINANCE_USDM_MONTHLY_FUNDING_RATE_ARCHIVE,BINANCE_USDM_PREMIUM_INDEX_KLINES_ARCHIVE
2026-07-21 16:00:00.002000+00:00,XRPUSD,,,0.26806249943019034,,VERIFIED_BINANCE_PUBLIC_ARCHIVE_FUNDING_BASIS_CAUSAL,2.88e-06,-0.00049941,-0.36777737958474693,-0.14618875701906553,BINANCE_USDM_MONTHLY_FUNDING_RATE_ARCHIVE,BINANCE_USDM_PREMIUM_INDEX_KLINES_ARCHIVE
2026-07-22 00:00:00+00:00,BNBUSD,,,-0.9365249459760947,,VERIFIED_BINANCE_PUBLIC_ARCHIVE_FUNDING_BASIS_CAUSAL,0.00015287,0.00050647,1.8787462639058043,-0.21507888704910613,BINANCE_USDM_MONTHLY_FUNDING_RATE_ARCHIVE,BINANCE_USDM_PREMIUM_INDEX_KLINES_ARCHIVE
2026-07-22 00:00:00+00:00,BTCUSD,,,0.49908493229545137,,VERIFIED_BINANCE_PUBLIC_ARCHIVE_FUNDING_BASIS_CAUSAL,3.928e-05,-0.00048504,-0.514123798945907,-0.48070409527822777,BINANCE_USDM_MONTHLY_FUNDING_RATE_ARCHIVE,BINANCE_USDM_PREMIUM_INDEX_KLINES_ARCHIVE
2026-07-22 00:00:00+00:00,ETHUSD,,,1.6111876616829806,,VERIFIED_BINANCE_PUBLIC_ARCHIVE_FUNDING_BASIS_CAUSAL,1.055e-05,-0.00069461,-1.3333325093536852,-1.9507884034187861,BINANCE_USDM_MONTHLY_FUNDING_RATE_ARCHIVE,BINANCE_USDM_PREMIUM_INDEX_KLINES_ARCHIVE
2026-07-22 00:00:00+00:00,SOLUSD,,,-0.2195892482710075,,VERIFIED_BINANCE_PUBLIC_ARCHIVE_FUNDING_BASIS_CAUSAL,2.725e-05,-0.00044661,0.2393978382770334,0.19537874937475364,BINANCE_USDM_MONTHLY_FUNDING_RATE_ARCHIVE,BINANCE_USDM_PREMIUM_INDEX_KLINES_ARCHIVE
2026-07-22 00:00:00+00:00,XRPUSD,,,-0.3788923437551097,,VERIFIED_BINANCE_PUBLIC_ARCHIVE_FUNDING_BASIS_CAUSAL,0.0001,-0.0007253,2.3089498470881518,-1.9800668269852755,BINANCE_USDM_MONTHLY_FUNDING_RATE_ARCHIVE,BINANCE_USDM_PREMIUM_INDEX_KLINES_ARCHIVE
2026-07-22 08:00:00+00:00,BNBUSD,,,-0.5956382292731993,,VERIFIED_BINANCE_PUBLIC_ARCHIVE_FUNDING_BASIS_CAUSAL,6.61e-05,0.00067998,0.0033921306675379088,1.319494572013452,BINANCE_USDM_MONTHLY_FUNDING_RATE_ARCHIVE,BINANCE_USDM_PREMIUM_INDEX_KLINES_ARCHIVE
2026-07-22 08:00:00+00:00,BTCUSD,,,-0.11319421897289175,,VERIFIED_BINANCE_PUBLIC_ARCHIVE_FUNDING_BASIS_CAUSAL,5.448e-05,-0.00044202,0.22922898381498152,-0.028626049167440232,BINANCE_USDM_MONTHLY_FUNDING_RATE_ARCHIVE,BINANCE_USDM_PREMIUM_INDEX_KLINES_ARCHIVE
2026-07-22 08:00:00+00:00,ETHUSD,,,0.29146701235559147,,VERIFIED_BINANCE_PUBLIC_ARCHIVE_FUNDING_BASIS_CAUSAL,1.429e-05,-0.00040487,-1.035359572808903,0.6177350059762338,BINANCE_USDM_MONTHLY_FUNDING_RATE_ARCHIVE,BINANCE_USDM_PREMIUM_INDEX_KLINES_ARCHIVE
2026-07-22 08:00:00+00:00,SOLUSD,,,1.0280633131093202,,VERIFIED_BINANCE_PUBLIC_ARCHIVE_FUNDING_BASIS_CAUSAL,-3.237e-05,-0.00056142,-1.2658822983753186,-0.7373956644508772,BINANCE_USDM_MONTHLY_FUNDING_RATE_ARCHIVE,BINANCE_USDM_PREMIUM_INDEX_KLINES_ARCHIVE
2026-07-22 08:00:00+00:00,XRPUSD,,,-1.0124757534349471,,VERIFIED_BINANCE_PUBLIC_ARCHIVE_FUNDING_BASIS_CAUSAL,3.779e-05,-0.00032889,0.5930206408414709,1.5251431132714177,BINANCE_USDM_MONTHLY_FUNDING_RATE_ARCHIVE,BINANCE_USDM_PREMIUM_INDEX_KLINES_ARCHIVE
2026-07-22 16:00:00.001000+00:00,BNBUSD,,,-0.5671948093817243,,VERIFIED_BINANCE_PUBLIC_ARCHIVE_FUNDING_BASIS_CAUSAL,0.00010491,0.0005623,0.8329344023865967,0.24240197348688028,BINANCE_USDM_MONTHLY_FUNDING_RATE_ARCHIVE,BINANCE_USDM_PREMIUM_INDEX_KLINES_ARCHIVE
2026-07-22 16:00:00.001000+00:00,BTCUSD,,,1.386216797365894,,VERIFIED_BINANCE_PUBLIC_ARCHIVE_FUNDING_BASIS_CAUSAL,1.443e-05,-0.0005651,-1.5491894761720206,-1.1870279677139615,BINANCE_USDM_MONTHLY_FUNDING_RATE_ARCHIVE,BINANCE_USDM_PREMIUM_INDEX_KLINES_ARCHIVE
2026-07-22 16:00:00.001000+00:00,ETHUSD,,,-0.7503336233291648,,VERIFIED_BINANCE_PUBLIC_ARCHIVE_FUNDING_BASIS_CAUSAL,6.454e-05,-0.00049263,1.5145616450075094,-0.18372284761103438,BINANCE_USDM_MONTHLY_FUNDING_RATE_ARCHIVE,BINANCE_USDM_PREMIUM_INDEX_KLINES_ARCHIVE
2026-07-22 16:00:00.001000+00:00,SOLUSD,,,-0.8969942246096425,,VERIFIED_BINANCE_PUBLIC_ARCHIVE_FUNDING_BASIS_CAUSAL,3.89e-05,-0.00031918,0.5449267298747327,1.3272989403967546,BINANCE_USDM_MONTHLY_FUNDING_RATE_ARCHIVE,BINANCE_USDM_PREMIUM_INDEX_KLINES_ARCHIVE
2026-07-22 16:00:00.001000+00:00,XRPUSD,,,0.15670313678569292,,VERIFIED_BINANCE_PUBLIC_ARCHIVE_FUNDING_BASIS_CAUSAL,1.53e-06,-0.00048644,-0.3489661849862389,0.07828503323719663,BINANCE_USDM_MONTHLY_FUNDING_RATE_ARCHIVE,BINANCE_USDM_PREMIUM_INDEX_KLINES_ARCHIVE
2026-07-23 00:00:00+00:00,BNBUSD,,,0.20550493077732962,,VERIFIED_BINANCE_PUBLIC_ARCHIVE_FUNDING_BASIS_CAUSAL,5.785e-05,0.00049284,-0.11410262711663867,-0.31721885747372963,BINANCE_USDM_MONTHLY_FUNDING_RATE_ARCHIVE,BINANCE_USDM_PREMIUM_INDEX_KLINES_ARCHIVE
2026-07-23 00:00:00+00:00,BTCUSD,,,1.6783071174056783,,VERIFIED_BINANCE_PUBLIC_ARCHIVE_FUNDING_BASIS_CAUSAL,-3.43e-06,-0.00055105,-2.2446109235266856,-0.9861580210355578,BINANCE_USDM_MONTHLY_FUNDING_RATE_ARCHIVE,BINANCE_USDM_PREMIUM_INDEX_KLINES_ARCHIVE
2026-07-23 00:00:00+00:00,ETHUSD,,,0.5675959235157163,,VERIFIED_BINANCE_PUBLIC_ARCHIVE_FUNDING_BASIS_CAUSAL,4.14e-06,-0.00041166,-1.4730089809167732,0.5390200355300201,BINANCE_USDM_MONTHLY_FUNDING_RATE_ARCHIVE,BINANCE_USDM_PREMIUM_INDEX_KLINES_ARCHIVE
2026-07-23 00:00:00+00:00,SOLUSD,,,0.9730338485894091,,VERIFIED_BINANCE_PUBLIC_ARCHIVE_FUNDING_BASIS_CAUSAL,-3.674e-05,-0.00053683,-1.3088924523492742,-0.5625399995495739,BINANCE_USDM_MONTHLY_FUNDING_RATE_ARCHIVE,BINANCE_USDM_PREMIUM_INDEX_KLINES_ARCHIVE
2026-07-23 00:00:00+00:00,XRPUSD,,,1.076383257997458,,VERIFIED_BINANCE_PUBLIC_ARCHIVE_FUNDING_BASIS_CAUSAL,-3.673e-05,-0.00058304,-1.3530386091506983,-0.7382489399212753,BINANCE_USDM_MONTHLY_FUNDING_RATE_ARCHIVE,BINANCE_USDM_PREMIUM_INDEX_KLINES_ARCHIVE
2026-07-23 08:00:00+00:00,BNBUSD,,,1.0626244865551662,,VERIFIED_BINANCE_PUBLIC_ARCHIVE_FUNDING_BASIS_CAUSAL,0.0,0.00045622,-1.3580444481287137,-0.7015556446319413,BINANCE_USDM_MONTHLY_FUNDING_RATE_ARCHIVE,BINANCE_USDM_PREMIUM_INDEX_KLINES_ARCHIVE
2026-07-23 08:00:00+00:00,BTCUSD,,,1.3647052501537358,,VERIFIED_BINANCE_PUBLIC_ARCHIVE_FUNDING_BASIS_CAUSAL,2.71e-06,-0.0005358,-1.6788887074127667,-0.9807032468371418,BINANCE_USDM_MONTHLY_FUNDING_RATE_ARCHIVE,BINANCE_USDM_PREMIUM_INDEX_KLINES_ARCHIVE
2026-07-23 08:00:00+00:00,ETHUSD,,,1.9121920860669592,,VERIFIED_BINANCE_PUBLIC_ARCHIVE_FUNDING_BASIS_CAUSAL,-3.313e-05,-0.00051993,-3.0779897137877272,-0.4873283188526868,BINANCE_USDM_MONTHLY_FUNDING_RATE_ARCHIVE,BINANCE_USDM_PREMIUM_INDEX_KLINES_ARCHIVE
2026-07-23 08:00:00+00:00,SOLUSD,,,1.8947373029225805,,VERIFIED_BINANCE_PUBLIC_ARCHIVE_FUNDING_BASIS_CAUSAL,-0.00010642,-0.00052961,-3.0477098967053773,-0.48554857718805094,BINANCE_USDM_MONTHLY_FUNDING_RATE_ARCHIVE,BINANCE_USDM_PREMIUM_INDEX_KLINES_ARCHIVE
2026-07-23 08:00:00+00:00,XRPUSD,,,-0.2042138932538619,,VERIFIED_BINANCE_PUBLIC_ARCHIVE_FUNDING_BASIS_CAUSAL,1.063e-05,-0.00043214,-0.07306915888561787,0.5431154014243372,BINANCE_USDM_MONTHLY_FUNDING_RATE_ARCHIVE,BINANCE_USDM_PREMIUM_INDEX_KLINES_ARCHIVE
2026-07-23 16:00:00+00:00,BNBUSD,,,1.1458742057091214,,VERIFIED_BINANCE_PUBLIC_ARCHIVE_FUNDING_BASIS_CAUSAL,3.257e-05,0.00033215,-0.50613296611439,-1.927780165213793,BINANCE_USDM_MONTHLY_FUNDING_RATE_ARCHIVE,BINANCE_USDM_PREMIUM_INDEX_KLINES_ARCHIVE
2026-07-23 16:00:00+00:00,BTCUSD,,,-1.2886111295568874,,VERIFIED_BINANCE_PUBLIC_ARCHIVE_FUNDING_BASIS_CAUSAL,8.458e-05,-0.00034844,1.576191103656213,0.9371244945466002,BINANCE_USDM_MONTHLY_FUNDING_RATE_ARCHIVE,BINANCE_USDM_PREMIUM_INDEX_KLINES_ARCHIVE
2026-07-23 16:00:00+00:00,ETHUSD,,,0.8867207808444095,,VERIFIED_BINANCE_PUBLIC_ARCHIVE_FUNDING_BASIS_CAUSAL,-3.252e-05,-0.000371,-2.38213028447893,0.9410019458200046,BINANCE_USDM_MONTHLY_FUNDING_RATE_ARCHIVE,BINANCE_USDM_PREMIUM_INDEX_KLINES_ARCHIVE
2026-07-23 16:00:00+00:00,SOLUSD,,,1.4393459841066552,,VERIFIED_BINANCE_PUBLIC_ARCHIVE_FUNDING_BASIS_CAUSAL,-3.609e-05,-0.00071567,-0.9860426822326888,-1.993383353063725,BINANCE_USDM_MONTHLY_FUNDING_RATE_ARCHIVE,BINANCE_USDM_PREMIUM_INDEX_KLINES_ARCHIVE
2026-07-23 16:00:00+00:00,XRPUSD,,,0.35467941186903,,VERIFIED_BINANCE_PUBLIC_ARCHIVE_FUNDING_BASIS_CAUSAL,-7.95e-06,-0.00052224,-0.4830181144981496,-0.19782099754455046,BINANCE_USDM_MONTHLY_FUNDING_RATE_ARCHIVE,BINANCE_USDM_PREMIUM_INDEX_KLINES_ARCHIVE
2026-07-24 00:00:00+00:00,BNBUSD,,,0.6821278021367551,,VERIFIED_BINANCE_PUBLIC_ARCHIVE_FUNDING_BASIS_CAUSAL,1.896e-05,0.00046749,-0.768059459822382,-0.5771002205209887,BINANCE_USDM_MONTHLY_FUNDING_RATE_ARCHIVE,BINANCE_USDM_PREMIUM_INDEX_KLINES_ARCHIVE
2026-07-24 00:00:00+00:00,BTCUSD,,,-0.323604612071212,,VERIFIED_BINANCE_PUBLIC_ARCHIVE_FUNDING_BASIS_CAUSAL,7.598e-05,-0.00051901,1.2123670350654003,-0.7626605715883515,BINANCE_USDM_MONTHLY_FUNDING_RATE_ARCHIVE,BINANCE_USDM_PREMIUM_INDEX_KLINES_ARCHIVE
2026-07-24 00:00:00+00:00,ETHUSD,,,1.0326161769314859,,VERIFIED_BINANCE_PUBLIC_ARCHIVE_FUNDING_BASIS_CAUSAL,-1.139e-05,-0.00054458,-1.2848559777474142,-0.7243230870453511,BINANCE_USDM_MONTHLY_FUNDING_RATE_ARCHIVE,BINANCE_USDM_PREMIUM_INDEX_KLINES_ARCHIVE
2026-07-24 00:00:00+00:00,SOLUSD,,,-1.2389496828718474,,VERIFIED_BINANCE_PUBLIC_ARCHIVE_FUNDING_BASIS_CAUSAL,3.044e-05,-0.00021222,0.4137947906911087,2.247472328870528,BINANCE_USDM_MONTHLY_FUNDING_RATE_ARCHIVE,BINANCE_USDM_PREMIUM_INDEX_KLINES_ARCHIVE
2026-07-24 00:00:00+00:00,XRPUSD,,,-0.7188054034447146,,VERIFIED_BINANCE_PUBLIC_ARCHIVE_FUNDING_BASIS_CAUSAL,5.017e-05,-0.00046649,1.0729103549404597,0.2860104627276925,BINANCE_USDM_MONTHLY_FUNDING_RATE_ARCHIVE,BINANCE_USDM_PREMIUM_INDEX_KLINES_ARCHIVE
2026-07-24 08:00:00+00:00,BNBUSD,,,1.0573007778207875,,VERIFIED_BINANCE_PUBLIC_ARCHIVE_FUNDING_BASIS_CAUSAL,0.0,0.00042667,-1.1766980462191112,-0.9113707831117249,BINANCE_USDM_MONTHLY_FUNDING_RATE_ARCHIVE,BINANCE_USDM_PREMIUM_INDEX_KLINES_ARCHIVE
2026-07-24 08:00:00+00:00,BTCUSD,,,0.2132206192251312,,VERIFIED_BINANCE_PUBLIC_ARCHIVE_FUNDING_BASIS_CAUSAL,5.149e-05,-0.00051685,0.20570843612831372,-0.725245020212675,BINANCE_USDM_MONTHLY_FUNDING_RATE_ARCHIVE,BINANCE_USDM_PREMIUM_INDEX_KLINES_ARCHIVE
2026-07-24 08:00:00+00:00,ETHUSD,,,0.48543015026619296,,VERIFIED_BINANCE_PUBLIC_ARCHIVE_FUNDING_BASIS_CAUSAL,1.776e-05,-0.00057247,-0.11365382235551133,-0.9398234399348039,BINANCE_USDM_MONTHLY_FUNDING_RATE_ARCHIVE,BINANCE_USDM_PREMIUM_INDEX_KLINES_ARCHIVE
2026-07-24 08:00:00+00:00,SOLUSD,,,-0.2387173547314957,,VERIFIED_BINANCE_PUBLIC_ARCHIVE_FUNDING_BASIS_CAUSAL,5.692e-05,-0.00055493,0.8944270563589918,-0.5627056139243329,BINANCE_USDM_MONTHLY_FUNDING_RATE_ARCHIVE,BINANCE_USDM_PREMIUM_INDEX_KLINES_ARCHIVE
2026-07-24 08:00:00+00:00,XRPUSD,,,0.30785583318177295,,VERIFIED_BINANCE_PUBLIC_ARCHIVE_FUNDING_BASIS_CAUSAL,1.19e-05,-0.00056581,-0.042512341894779815,-0.6321645447547645,BINANCE_USDM_MONTHLY_FUNDING_RATE_ARCHIVE,BINANCE_USDM_PREMIUM_INDEX_KLINES_ARCHIVE
2026-07-24 16:00:00.008000+00:00,BNBUSD,,,1.7409792982429895,,VERIFIED_BINANCE_PUBLIC_ARCHIVE_FUNDING_BASIS_CAUSAL,0.0,0.00025177,-1.1766980462191112,-2.4306563840499518,BINANCE_USDM_MONTHLY_FUNDING_RATE_ARCHIVE,BINANCE_USDM_PREMIUM_INDEX_KLINES_ARCHIVE
2026-07-24 16:00:00.008000+00:00,BTCUSD,,,-0.39180237471063845,,VERIFIED_BINANCE_PUBLIC_ARCHIVE_FUNDING_BASIS_CAUSAL,5.879e-05,-0.00043409,0.49035321952797695,0.27135134215611356,BINANCE_USDM_MONTHLY_FUNDING_RATE_ARCHIVE,BINANCE_USDM_PREMIUM_INDEX_KLINES_ARCHIVE
2026-07-24 16:00:00.008000+00:00,ETHUSD,,,0.051524820064152876,,VERIFIED_BINANCE_PUBLIC_ARCHIVE_FUNDING_BASIS_CAUSAL,1.716e-05,-0.00047511,-0.12322927858654335,0.03611396257432437,BINANCE_USDM_MONTHLY_FUNDING_RATE_ARCHIVE,BINANCE_USDM_PREMIUM_INDEX_KLINES_ARCHIVE
2026-07-24 16:00:00.008000+00:00,SOLUSD,,,1.8903125601446458,,VERIFIED_BINANCE_PUBLIC_ARCHIVE_FUNDING_BASIS_CAUSAL,-9.588e-05,-0.00066596,-2.3229077274076664,-1.3615851334898426,BINANCE_USDM_MONTHLY_FUNDING_RATE_ARCHIVE,BINANCE_USDM_PREMIUM_INDEX_KLINES_ARCHIVE
2026-07-24 16:00:00.008000+00:00,XRPUSD,,,0.5267640956383125,,VERIFIED_BINANCE_PUBLIC_ARCHIVE_FUNDING_BASIS_CAUSAL,4.14e-06,-0.00058836,-0.24074857217481987,-0.8763386243159146,BINANCE_USDM_MONTHLY_FUNDING_RATE_ARCHIVE,BINANCE_USDM_PREMIUM_INDEX_KLINES_ARCHIVE
2026-07-25 00:00:00.002000+00:00,BNBUSD,,,1.0389290117362453,,VERIFIED_BINANCE_PUBLIC_ARCHIVE_FUNDING_BASIS_CAUSAL,9.23e-06,0.00037915,-0.9747583447037179,-1.1173598269982232,BINANCE_USDM_MONTHLY_FUNDING_RATE_ARCHIVE,BINANCE_USDM_PREMIUM_INDEX_KLINES_ARCHIVE
2026-07-25 00:00:00.002000+00:00,BTCUSD,,,-0.4656520617583644,,VERIFIED_BINANCE_PUBLIC_ARCHIVE_FUNDING_BASIS_CAUSAL,6.074e-05,-0.00042295,0.5117031372481189,0.40936741393755327,BINANCE_USDM_MONTHLY_FUNDING_RATE_ARCHIVE,BINANCE_USDM_PREMIUM_INDEX_KLINES_ARCHIVE
2026-07-25 00:00:00.002000+00:00,ETHUSD,,,-0.4053352217731325,,VERIFIED_BINANCE_PUBLIC_ARCHIVE_FUNDING_BASIS_CAUSAL,5.412e-05,-0.00053487,1.2156141996824388,-0.5850057512271308,BINANCE_USDM_MONTHLY_FUNDING_RATE_ARCHIVE,BINANCE_USDM_PREMIUM_INDEX_KLINES_ARCHIVE
2026-07-25 00:00:00.002000+00:00,SOLUSD,,,0.5601224361786334,,VERIFIED_BINANCE_PUBLIC_ARCHIVE_FUNDING_BASIS_CAUSAL,-4.287e-05,-0.00049326,-0.9863381342678077,-0.03919213851408703,BINANCE_USDM_MONTHLY_FUNDING_RATE_ARCHIVE,BINANCE_USDM_PREMIUM_INDEX_KLINES_ARCHIVE
2026-07-25 00:00:00.002000+00:00,XRPUSD,,,1.0185528611809134,,VERIFIED_BINANCE_PUBLIC_ARCHIVE_FUNDING_BASIS_CAUSAL,-3.905e-05,-0.00056187,-1.3828554415317562,-0.5732941518632161,BINANCE_USDM_MONTHLY_FUNDING_RATE_ARCHIVE,BINANCE_USDM_PREMIUM_INDEX_KLINES_ARCHIVE
2026-07-25 08:00:00+00:00,BNBUSD,,,-0.0558999226229472,,VERIFIED_BINANCE_PUBLIC_ARCHIVE_FUNDING_BASIS_CAUSAL,5.581e-05,0.00051605,0.060916905681843554,0.04976805443985163,BINANCE_USDM_MONTHLY_FUNDING_RATE_ARCHIVE,BINANCE_USDM_PREMIUM_INDEX_KLINES_ARCHIVE
2026-07-25 08:00:00+00:00,BTCUSD,,,0.4628660393652966,,VERIFIED_BINANCE_PUBLIC_ARCHIVE_FUNDING_BASIS_CAUSAL,5.425e-05,-0.00057293,0.2933442540181485,-1.3871230646117294,BINANCE_USDM_MONTHLY_FUNDING_RATE_ARCHIVE,BINANCE_USDM_PREMIUM_INDEX_KLINES_ARCHIVE
2026-07-25 08:00:00+00:00,ETHUSD,,,-0.19087488021447155,,VERIFIED_BINANCE_PUBLIC_ARCHIVE_FUNDING_BASIS_CAUSAL,2.278e-05,-0.00043661,0.06493762232053066,0.3447981954181771,BINANCE_USDM_MONTHLY_FUNDING_RATE_ARCHIVE,BINANCE_USDM_PREMIUM_INDEX_KLINES_ARCHIVE
2026-07-25 08:00:00+00:00,SOLUSD,,,0.5476320270596777,,VERIFIED_BINANCE_PUBLIC_ARCHIVE_FUNDING_BASIS_CAUSAL,4.81e-06,-0.0006377,-0.051078370708980504,-1.1545309403771966,BINANCE_USDM_MONTHLY_FUNDING_RATE_ARCHIVE,BINANCE_USDM_PREMIUM_INDEX_KLINES_ARCHIVE
2026-07-25 08:00:00+00:00,XRPUSD,,,0.27338654180745076,,VERIFIED_BINANCE_PUBLIC_ARCHIVE_FUNDING_BASIS_CAUSAL,9.98e-06,-0.00056209,-0.04484616713694806,-0.5527136664047319,BINANCE_USDM_MONTHLY_FUNDING_RATE_ARCHIVE,BINANCE_USDM_PREMIUM_INDEX_KLINES_ARCHIVE
2026-07-25 16:00:00+00:00,BNBUSD,,,-0.13277193691531702,,VERIFIED_BINANCE_PUBLIC_ARCHIVE_FUNDING_BASIS_CAUSAL,3.563e-05,0.00058973,-0.33725143751582015,0.7072449501089292,BINANCE_USDM_MONTHLY_FUNDING_RATE_ARCHIVE,BINANCE_USDM_PREMIUM_INDEX_KLINES_ARCHIVE
2026-07-25 16:00:00+00:00,BTCUSD,,,0.8245016522063712,,VERIFIED_BINANCE_PUBLIC_ARCHIVE_FUNDING_BASIS_CAUSAL,7.29e-06,-0.00047323,-1.4945215475355982,-0.005588446803982537,BINANCE_USDM_MONTHLY_FUNDING_RATE_ARCHIVE,BINANCE_USDM_PREMIUM_INDEX_KLINES_ARCHIVE
2026-07-25 16:00:00+00:00,ETHUSD,,,0.3925691599100593,,VERIFIED_BINANCE_PUBLIC_ARCHIVE_FUNDING_BASIS_CAUSAL,3.434e-05,-0.00060394,0.48337074371068334,-1.4631623754465226,BINANCE_USDM_MONTHLY_FUNDING_RATE_ARCHIVE,BINANCE_USDM_PREMIUM_INDEX_KLINES_ARCHIVE
2026-07-25 16:00:00+00:00,SOLUSD,,,0.8118649856182673,,VERIFIED_BINANCE_PUBLIC_ARCHIVE_FUNDING_BASIS_CAUSAL,-4.127e-05,-0.00058781,-0.8530461113974871,-0.7615324985547763,BINANCE_USDM_MONTHLY_FUNDING_RATE_ARCHIVE,BINANCE_USDM_PREMIUM_INDEX_KLINES_ARCHIVE
2026-07-25 16:00:00+00:00,XRPUSD,,,1.3599292115067785,,VERIFIED_BINANCE_PUBLIC_ARCHIVE_FUNDING_BASIS_CAUSAL,-4.112e-05,-0.00065064,-1.366903036790633,-1.3514056472709564,BINANCE_USDM_MONTHLY_FUNDING_RATE_ARCHIVE,BINANCE_USDM_PREMIUM_INDEX_KLINES_ARCHIVE
2026-07-26 00:00:00+00:00,BNBUSD,,,-1.9654089921875542,,VERIFIED_BINANCE_PUBLIC_ARCHIVE_FUNDING_BASIS_CAUSAL,6.601e-05,0.00096687,0.37405519455299624,3.910396967074236,BINANCE_USDM_MONTHLY_FUNDING_RATE_ARCHIVE,BINANCE_USDM_PREMIUM_INDEX_KLINES_ARCHIVE
2026-07-26 00:00:00+00:00,BTCUSD,,,0.26149638299883005,,VERIFIED_BINANCE_PUBLIC_ARCHIVE_FUNDING_BASIS_CAUSAL,3.878e-05,-0.00047668,-0.3302169749279824,-0.17750454841875485,BINANCE_USDM_MONTHLY_FUNDING_RATE_ARCHIVE,BINANCE_USDM_PREMIUM_INDEX_KLINES_ARCHIVE
2026-07-26 00:00:00+00:00,ETHUSD,,,0.879184020084733,,VERIFIED_BINANCE_PUBLIC_ARCHIVE_FUNDING_BASIS_CAUSAL,-1.884e-05,-0.00048071,-1.5119822039642763,-0.1057640175652909,BINANCE_USDM_MONTHLY_FUNDING_RATE_ARCHIVE,BINANCE_USDM_PREMIUM_INDEX_KLINES_ARCHIVE
2026-07-26 00:00:00+00:00,SOLUSD,,,0.16091469754558524,,VERIFIED_BINANCE_PUBLIC_ARCHIVE_FUNDING_BASIS_CAUSAL,1.81e-06,-0.00053017,-0.04435062330321292,-0.30338189939737364,BINANCE_USDM_MONTHLY_FUNDING_RATE_ARCHIVE,BINANCE_USDM_PREMIUM_INDEX_KLINES_ARCHIVE
2026-07-26 00:00:00+00:00,XRPUSD,,,0.16280685124338776,,VERIFIED_BINANCE_PUBLIC_ARCHIVE_FUNDING_BASIS_CAUSAL,-1.639e-05,-0.00045485,-0.6910029485075362,0.4827661565239048,BINANCE_USDM_MONTHLY_FUNDING_RATE_ARCHIVE,BINANCE_USDM_PREMIUM_INDEX_KLINES_ARCHIVE
2026-07-26 08:00:00.002000+00:00,BNBUSD,,,-0.818803367443605,,VERIFIED_BINANCE_PUBLIC_ARCHIVE_FUNDING_BASIS_CAUSAL,0.00010218,0.00057971,1.136338235232153,0.4307051957020463,BINANCE_USDM_MONTHLY_FUNDING_RATE_ARCHIVE,BINANCE_USDM_PREMIUM_INDEX_KLINES_ARCHIVE
2026-07-26 08:00:00.002000+00:00,BTCUSD,,,-0.5296389219117478,,VERIFIED_BINANCE_PUBLIC_ARCHIVE_FUNDING_BASIS_CAUSAL,5.884e-05,-0.00043139,0.48979475449084947,0.5783373487595123,BINANCE_USDM_MONTHLY_FUNDING_RATE_ARCHIVE,BINANCE_USDM_PREMIUM_INDEX_KLINES_ARCHIVE
2026-07-26 08:00:00.002000+00:00,ETHUSD,,,0.05254336818521983,,VERIFIED_BINANCE_PUBLIC_ARCHIVE_FUNDING_BASIS_CAUSAL,2.358e-05,-0.00049689,0.13117189874016552,-0.27708424998291303,BINANCE_USDM_MONTHLY_FUNDING_RATE_ARCHIVE,BINANCE_USDM_PREMIUM_INDEX_KLINES_ARCHIVE
2026-07-26 08:00:00.002000+00:00,SOLUSD,,,-0.45039119761669416,,VERIFIED_BINANCE_PUBLIC_ARCHIVE_FUNDING_BASIS_CAUSAL,6.371e-05,-0.00053554,1.1032939757522242,-0.3476010867711759,BINANCE_USDM_MONTHLY_FUNDING_RATE_ARCHIVE,BINANCE_USDM_PREMIUM_INDEX_KLINES_ARCHIVE
2026-07-26 08:00:00.002000+00:00,XRPUSD,,,0.03823948697388557,,VERIFIED_BINANCE_PUBLIC_ARCHIVE_FUNDING_BASIS_CAUSAL,4.517e-05,-0.0006326,0.8367758849804788,-1.1077027193625533,BINANCE_USDM_MONTHLY_FUNDING_RATE_ARCHIVE,BINANCE_USDM_PREMIUM_INDEX_KLINES_ARCHIVE
2026-07-26 16:00:00+00:00,BNBUSD,,,-0.6469479431077709,,VERIFIED_BINANCE_PUBLIC_ARCHIVE_FUNDING_BASIS_CAUSAL,0.00010676,0.00052284,1.164080979891577,0.01489645370534136,BINANCE_USDM_MONTHLY_FUNDING_RATE_ARCHIVE,BINANCE_USDM_PREMIUM_INDEX_KLINES_ARCHIVE
2026-07-26 16:00:00+00:00,BTCUSD,,,-0.15498502309048873,,VERIFIED_BINANCE_PUBLIC_ARCHIVE_FUNDING_BASIS_CAUSAL,5.819e-05,-0.00047897,0.450397401365983,-0.20607455035733763,BINANCE_USDM_MONTHLY_FUNDING_RATE_ARCHIVE,BINANCE_USDM_PREMIUM_INDEX_KLINES_ARCHIVE
2026-07-26 16:00:00+00:00,ETHUSD,,,-0.6758063710726926,,VERIFIED_BINANCE_PUBLIC_ARCHIVE_FUNDING_BASIS_CAUSAL,1.943e-05,-0.00035339,0.08402312979640648,1.3990969992992646,BINANCE_USDM_MONTHLY_FUNDING_RATE_ARCHIVE,BINANCE_USDM_PREMIUM_INDEX_KLINES_ARCHIVE
2026-07-26 16:00:00+00:00,SOLUSD,,,-0.371023765495214,,VERIFIED_BINANCE_PUBLIC_ARCHIVE_FUNDING_BASIS_CAUSAL,1.514e-05,-0.00041716,0.2330595449904311,0.5396467016677263,BINANCE_USDM_MONTHLY_FUNDING_RATE_ARCHIVE,BINANCE_USDM_PREMIUM_INDEX_KLINES_ARCHIVE
2026-07-26 16:00:00+00:00,XRPUSD,,,0.41072930292361587,,VERIFIED_BINANCE_PUBLIC_ARCHIVE_FUNDING_BASIS_CAUSAL,1.298e-05,-0.00061388,-0.02999362281256957,-0.876072911948228,BINANCE_USDM_MONTHLY_FUNDING_RATE_ARCHIVE,BINANCE_USDM_PREMIUM_INDEX_KLINES_ARCHIVE
2026-07-27 00:00:00.010000+00:00,BNBUSD,,,-0.29621957688233325,,VERIFIED_BINANCE_PUBLIC_ARCHIVE_FUNDING_BASIS_CAUSAL,6.721e-05,0.00057963,0.19126307804677872,0.42449974212578884,BINANCE_USDM_MONTHLY_FUNDING_RATE_ARCHIVE,BINANCE_USDM_PREMIUM_INDEX_KLINES_ARCHIVE
2026-07-27 00:00:00.010000+00:00,BTCUSD,,,-0.058455555628087685,,VERIFIED_BINANCE_PUBLIC_ARCHIVE_FUNDING_BASIS_CAUSAL,6.147e-05,-0.00049797,0.5548943148998072,-0.5483029279262362,BINANCE_USDM_MONTHLY_FUNDING_RATE_ARCHIVE,BINANCE_USDM_PREMIUM_INDEX_KLINES_ARCHIVE
2026-07-27 00:00:00.010000+00:00,ETHUSD,,,-1.5929801476509855,,VERIFIED_BINANCE_PUBLIC_ARCHIVE_FUNDING_BASIS_CAUSAL,0.0001,-0.00051191,3.2574588972563614,-0.44138276853336295,BINANCE_USDM_MONTHLY_FUNDING_RATE_ARCHIVE,BINANCE_USDM_PREMIUM_INDEX_KLINES_ARCHIVE
2026-07-27 00:00:00.010000+00:00,SOLUSD,,,-1.2023731681146042,,VERIFIED_BINANCE_PUBLIC_ARCHIVE_FUNDING_BASIS_CAUSAL,8.751e-05,-0.00039319,1.6067723482534344,0.7081075035004782,BINANCE_USDM_MONTHLY_FUNDING_RATE_ARCHIVE,BINANCE_USDM_PREMIUM_INDEX_KLINES_ARCHIVE
2026-07-27 00:00:00.010000+00:00,XRPUSD,,,-0.35321506669785674,,VERIFIED_BINANCE_PUBLIC_ARCHIVE_FUNDING_BASIS_CAUSAL,8.75e-06,-0.00042884,-0.09236122280675065,0.8978083094257102,BINANCE_USDM_MONTHLY_FUNDING_RATE_ARCHIVE,BINANCE_USDM_PREMIUM_INDEX_KLINES_ARCHIVE
2026-07-27 08:00:00+00:00,BNBUSD,,,0.8025266938536975,,VERIFIED_BINANCE_PUBLIC_ARCHIVE_FUNDING_BASIS_CAUSAL,0.0,0.00051133,-1.412773884111322,-0.05666901687215636,BINANCE_USDM_MONTHLY_FUNDING_RATE_ARCHIVE,BINANCE_USDM_PREMIUM_INDEX_KLINES_ARCHIVE
2026-07-27 08:00:00+00:00,BTCUSD,,,-0.46470270935093055,,VERIFIED_BINANCE_PUBLIC_ARCHIVE_FUNDING_BASIS_CAUSAL,6.452e-05,-0.00045231,0.6497272535170153,0.23856159981460465,BINANCE_USDM_MONTHLY_FUNDING_RATE_ARCHIVE,BINANCE_USDM_PREMIUM_INDEX_KLINES_ARCHIVE
2026-07-27 08:00:00+00:00,ETHUSD,,,-1.6028891938495637,,VERIFIED_BINANCE_PUBLIC_ARCHIVE_FUNDING_BASIS_CAUSAL,8.16e-05,-0.00037152,1.9253141915873038,1.208814196614548,BINANCE_USDM_MONTHLY_FUNDING_RATE_ARCHIVE,BINANCE_USDM_PREMIUM_INDEX_KLINES_ARCHIVE
2026-07-27 08:00:00+00:00,SOLUSD,,,-1.370162629545699,,VERIFIED_BINANCE_PUBLIC_ARCHIVE_FUNDING_BASIS_CAUSAL,7.729e-05,-0.00028825,1.2472222717307113,1.5204230668751282,BINANCE_USDM_MONTHLY_FUNDING_RATE_ARCHIVE,BINANCE_USDM_PREMIUM_INDEX_KLINES_ARCHIVE
2026-07-27 08:00:00+00:00,XRPUSD,,,-1.9480671186700522,,VERIFIED_BINANCE_PUBLIC_ARCHIVE_FUNDING_BASIS_CAUSAL,9.741e-05,-0.00034546,2.2155834113711186,1.621102760924304,BINANCE_USDM_MONTHLY_FUNDING_RATE_ARCHIVE,BINANCE_USDM_PREMIUM_INDEX_KLINES_ARCHIVE
2026-07-27 16:00:00.001000+00:00,BNBUSD,,,1.220560996246801,,VERIFIED_BINANCE_PUBLIC_ARCHIVE_FUNDING_BASIS_CAUSAL,0.0,0.00036701,-1.2658417388862009,-1.165217866354201,BINANCE_USDM_MONTHLY_FUNDING_RATE_ARCHIVE,BINANCE_USDM_PREMIUM_INDEX_KLINES_ARCHIVE
2026-07-27 16:00:00.001000+00:00,BTCUSD,,,-0.3073688267267203,,VERIFIED_BINANCE_PUBLIC_ARCHIVE_FUNDING_BASIS_CAUSAL,5.04e-05,-0.00043229,0.11946968629598591,0.5370233316976177,BINANCE_USDM_MONTHLY_FUNDING_RATE_ARCHIVE,BINANCE_USDM_PREMIUM_INDEX_KLINES_ARCHIVE
2026-07-27 16:00:00.001000+00:00,ETHUSD,,,0.5511943411404764,,VERIFIED_BINANCE_PUBLIC_ARCHIVE_FUNDING_BASIS_CAUSAL,1.607e-05,-0.00056161,-0.218010012961505,-0.9584196311369969,BINANCE_USDM_MONTHLY_FUNDING_RATE_ARCHIVE,BINANCE_USDM_PREMIUM_INDEX_KLINES_ARCHIVE
2026-07-27 16:00:00.001000+00:00,SOLUSD,,,-0.3666272836800544,,VERIFIED_BINANCE_PUBLIC_ARCHIVE_FUNDING_BASIS_CAUSAL,3.835e-05,-0.00045675,0.4810447013245847,0.22678377322562848,BINANCE_USDM_MONTHLY_FUNDING_RATE_ARCHIVE,BINANCE_USDM_PREMIUM_INDEX_KLINES_ARCHIVE
2026-07-27 16:00:00.001000+00:00,XRPUSD,,,1.0747023638848565,,VERIFIED_BINANCE_PUBLIC_ARCHIVE_FUNDING_BASIS_CAUSAL,-3.551e-05,-0.00061028,-1.2981229523520712,-0.8016327557582608,BINANCE_USDM_MONTHLY_FUNDING_RATE_ARCHIVE,BINANCE_USDM_PREMIUM_INDEX_KLINES_ARCHIVE
2026-07-28 00:00:00+00:00,BNBUSD,,,0.5092946101912258,,VERIFIED_BINANCE_PUBLIC_ARCHIVE_FUNDING_BASIS_CAUSAL,2.237e-05,0.00047652,-0.6792509845093084,-0.30157015269134696,BINANCE_USDM_MONTHLY_FUNDING_RATE_ARCHIVE,BINANCE_USDM_PREMIUM_INDEX_KLINES_ARCHIVE
2026-07-28 00:00:00+00:00,BTCUSD,,,0.9574935350216264,,VERIFIED_BINANCE_PUBLIC_ARCHIVE_FUNDING_BASIS_CAUSAL,4.208e-05,-0.00057374,-0.18751444903997302,-1.898579084554758,BINANCE_USDM_MONTHLY_FUNDING_RATE_ARCHIVE,BINANCE_USDM_PREMIUM_INDEX_KLINES_ARCHIVE
2026-07-28 00:00:00+00:00,ETHUSD,,,0.08375261783223015,,VERIFIED_BINANCE_PUBLIC_ARCHIVE_FUNDING_BASIS_CAUSAL,1.456e-05,-0.00047289,-0.2474140589906276,0.1162780324724779,BINANCE_USDM_MONTHLY_FUNDING_RATE_ARCHIVE,BINANCE_USDM_PREMIUM_INDEX_KLINES_ARCHIVE
2026-07-28 00:00:00+00:00,SOLUSD,,,0.6920732124122412,,VERIFIED_BINANCE_PUBLIC_ARCHIVE_FUNDING_BASIS_CAUSAL,-3.055e-05,-0.0005863,-0.6841745930053527,-0.7017270805762159,BINANCE_USDM_MONTHLY_FUNDING_RATE_ARCHIVE,BINANCE_USDM_PREMIUM_INDEX_KLINES_ARCHIVE
2026-07-28 00:00:00+00:00,XRPUSD,,,2.0934332748606117,,VERIFIED_BINANCE_PUBLIC_ARCHIVE_FUNDING_BASIS_CAUSAL,-8.642e-05,-0.00070733,-2.475797183644594,-1.6260996085690782,BINANCE_USDM_MONTHLY_FUNDING_RATE_ARCHIVE,BINANCE_USDM_PREMIUM_INDEX_KLINES_ARCHIVE
2026-07-28 08:00:00+00:00,BNBUSD,,,0.5341483593673129,,VERIFIED_BINANCE_PUBLIC_ARCHIVE_FUNDING_BASIS_CAUSAL,0.0,0.00053716,-1.0871766746084397,0.14177513703850902,BINANCE_USDM_MONTHLY_FUNDING_RATE_ARCHIVE,BINANCE_USDM_PREMIUM_INDEX_KLINES_ARCHIVE
2026-07-28 08:00:00+00:00,BTCUSD,,,0.8517357901514137,,VERIFIED_BINANCE_PUBLIC_ARCHIVE_FUNDING_BASIS_CAUSAL,1.25e-06,-0.00044874,-1.767538574285586,0.2675787237903528,BINANCE_USDM_MONTHLY_FUNDING_RATE_ARCHIVE,BINANCE_USDM_PREMIUM_INDEX_KLINES_ARCHIVE
2026-07-28 08:00:00+00:00,ETHUSD,,,1.1343371442243124,,VERIFIED_BINANCE_PUBLIC_ARCHIVE_FUNDING_BASIS_CAUSAL,-3.657e-05,-0.00052025,-1.7035101655692722,-0.43868122924713904,BINANCE_USDM_MONTHLY_FUNDING_RATE_ARCHIVE,BINANCE_USDM_PREMIUM_INDEX_KLINES_ARCHIVE
2026-07-28 08:00:00+00:00,SOLUSD,,,0.5019961731483824,,VERIFIED_BINANCE_PUBLIC_ARCHIVE_FUNDING_BASIS_CAUSAL,-0.00013328,-0.00021711,-2.517531258432496,1.961435597754423,BINANCE_USDM_MONTHLY_FUNDING_RATE_ARCHIVE,BINANCE_USDM_PREMIUM_INDEX_KLINES_ARCHIVE
2026-07-28 08:00:00+00:00,XRPUSD,,,2.2888697423456854,,VERIFIED_BINANCE_PUBLIC_ARCHIVE_FUNDING_BASIS_CAUSAL,-0.00016009,-0.00060092,-3.682837796826576,-0.5851310090912625,BINANCE_USDM_MONTHLY_FUNDING_RATE_ARCHIVE,BINANCE_USDM_PREMIUM_INDEX_KLINES_ARCHIVE
2026-07-28 16:00:00+00:00,BNBUSD,,,-1.5970682223285793,,VERIFIED_BINANCE_PUBLIC_ARCHIVE_FUNDING_BASIS_CAUSAL,7.903e-05,0.00087526,0.7544338720158705,2.626954650488557,BINANCE_USDM_MONTHLY_FUNDING_RATE_ARCHIVE,BINANCE_USDM_PREMIUM_INDEX_KLINES_ARCHIVE
2026-07-28 16:00:00+00:00,BTCUSD,,,-2.091354858851248,,VERIFIED_BINANCE_PUBLIC_ARCHIVE_FUNDING_BASIS_CAUSAL,6.689e-05,-0.0002484,0.8934024899772223,3.555518865252834,BINANCE_USDM_MONTHLY_FUNDING_RATE_ARCHIVE,BINANCE_USDM_PREMIUM_INDEX_KLINES_ARCHIVE
2026-07-28 16:00:00+00:00,ETHUSD,,,-1.0378128380412261,,VERIFIED_BINANCE_PUBLIC_ARCHIVE_FUNDING_BASIS_CAUSAL,2.816e-05,-0.00030971,0.2755576230080955,1.969458100859497,BINANCE_USDM_MONTHLY_FUNDING_RATE_ARCHIVE,BINANCE_USDM_PREMIUM_INDEX_KLINES_ARCHIVE
2026-07-28 16:00:00+00:00,SOLUSD,,,0.29214135396225194,,VERIFIED_BINANCE_PUBLIC_ARCHIVE_FUNDING_BASIS_CAUSAL,-4.712e-05,-0.00044887,-0.6750171636433879,0.17581796898135876,BINANCE_USDM_MONTHLY_FUNDING_RATE_ARCHIVE,BINANCE_USDM_PREMIUM_INDEX_KLINES_ARCHIVE
2026-07-28 16:00:00+00:00,XRPUSD,,,-0.4229887690824028,,VERIFIED_BINANCE_PUBLIC_ARCHIVE_FUNDING_BASIS_CAUSAL,-5.592e-05,-0.00030105,-0.9259259403360659,2.0716623028160868,BINANCE_USDM_MONTHLY_FUNDING_RATE_ARCHIVE,BINANCE_USDM_PREMIUM_INDEX_KLINES_ARCHIVE
2026-07-29 00:00:00+00:00,BNBUSD,,,-0.1550283999408884,,VERIFIED_BINANCE_PUBLIC_ARCHIVE_FUNDING_BASIS_CAUSAL,2.957e-05,0.00063912,-0.30337835991775974,0.7153033286570138,BINANCE_USDM_MONTHLY_FUNDING_RATE_ARCHIVE,BINANCE_USDM_PREMIUM_INDEX_KLINES_ARCHIVE
2026-07-29 00:00:00+00:00,BTCUSD,,,-1.0406608863972269,,VERIFIED_BINANCE_PUBLIC_ARCHIVE_FUNDING_BASIS_CAUSAL,0.0001,-0.00047597,2.0828250281399647,-0.23309528684389744,BINANCE_USDM_MONTHLY_FUNDING_RATE_ARCHIVE,BINANCE_USDM_PREMIUM_INDEX_KLINES_ARCHIVE
2026-07-29 00:00:00+00:00,ETHUSD,,,-0.7483795932816977,,VERIFIED_BINANCE_PUBLIC_ARCHIVE_FUNDING_BASIS_CAUSAL,5.737e-05,-0.00043986,1.0527777833486849,0.3763373609776021,BINANCE_USDM_MONTHLY_FUNDING_RATE_ARCHIVE,BINANCE_USDM_PREMIUM_INDEX_KLINES_ARCHIVE
2026-07-29 00:00:00+00:00,SOLUSD,,,-0.20108941050499327,,VERIFIED_BINANCE_PUBLIC_ARCHIVE_FUNDING_BASIS_CAUSAL,2.994e-05,-0.00052148,0.6387781286835741,-0.3338634672688278,BINANCE_USDM_MONTHLY_FUNDING_RATE_ARCHIVE,BINANCE_USDM_PREMIUM_INDEX_KLINES_ARCHIVE
2026-07-29 00:00:00+00:00,XRPUSD,,,-1.4631204724656994,,VERIFIED_BINANCE_PUBLIC_ARCHIVE_FUNDING_BASIS_CAUSAL,5.522e-05,-0.00031561,1.1836438183356055,1.8047030497358139,BINANCE_USDM_MONTHLY_FUNDING_RATE_ARCHIVE,BINANCE_USDM_PREMIUM_INDEX_KLINES_ARCHIVE
2026-07-29 08:00:00.002000+00:00,BNBUSD,,,0.8895048374130406,,VERIFIED_BINANCE_PUBLIC_ARCHIVE_FUNDING_BASIS_CAUSAL,3.688e-05,0.00024816,-0.06633073409021037,-1.8956065192520555,BINANCE_USDM_MONTHLY_FUNDING_RATE_ARCHIVE,BINANCE_USDM_PREMIUM_INDEX_KLINES_ARCHIVE
2026-07-29 08:00:00.002000+00:00,BTCUSD,,,-0.7003702601744675,,VERIFIED_BINANCE_PUBLIC_ARCHIVE_FUNDING_BASIS_CAUSAL,0.0001,-0.00050905,1.811946768749693,-0.6582232503063641,BINANCE_USDM_MONTHLY_FUNDING_RATE_ARCHIVE,BINANCE_USDM_PREMIUM_INDEX_KLINES_ARCHIVE
2026-07-29 08:00:00.002000+00:00,ETHUSD,,,0.5246429615526985,,VERIFIED_BINANCE_PUBLIC_ARCHIVE_FUNDING_BASIS_CAUSAL,6.871e-05,-0.00072591,1.2711151731646821,-2.719458459540608,BINANCE_USDM_MONTHLY_FUNDING_RATE_ARCHIVE,BINANCE_USDM_PREMIUM_INDEX_KLINES_ARCHIVE
2026-07-29 08:00:00.002000+00:00,SOLUSD,,,0.733543530444835,,VERIFIED_BINANCE_PUBLIC_ARCHIVE_FUNDING_BASIS_CAUSAL,-8.2e-07,-0.00072458,0.088024065364417,-1.7376817031005873,BINANCE_USDM_MONTHLY_FUNDING_RATE_ARCHIVE,BINANCE_USDM_PREMIUM_INDEX_KLINES_ARCHIVE
2026-07-29 08:00:00.002000+00:00,XRPUSD,,,-1.2611386936438422,,VERIFIED_BINANCE_PUBLIC_ARCHIVE_FUNDING_BASIS_CAUSAL,0.0001,-0.00046687,1.9543899639713977,0.4138315854657185,BINANCE_USDM_MONTHLY_FUNDING_RATE_ARCHIVE,BINANCE_USDM_PREMIUM_INDEX_KLINES_ARCHIVE
2026-07-29 16:00:00+00:00,BNBUSD,,,0.0692308913715177,,VERIFIED_BINANCE_PUBLIC_ARCHIVE_FUNDING_BASIS_CAUSAL,1.878e-05,0.00059684,-0.49495782740863137,0.4511020304516213,BINANCE_USDM_MONTHLY_FUNDING_RATE_ARCHIVE,BINANCE_USDM_PREMIUM_INDEX_KLINES_ARCHIVE
2026-07-29 16:00:00+00:00,BTCUSD,,,-0.6925814616895196,,VERIFIED_BINANCE_PUBLIC_ARCHIVE_FUNDING_BASIS_CAUSAL,3.665e-05,-0.00031246,-0.5004574124491604,2.1507400856367953,BINANCE_USDM_MONTHLY_FUNDING_RATE_ARCHIVE,BINANCE_USDM_PREMIUM_INDEX_KLINES_ARCHIVE
2026-07-29 16:00:00+00:00,ETHUSD,,,-0.26974500091209086,,VERIFIED_BINANCE_PUBLIC_ARCHIVE_FUNDING_BASIS_CAUSAL,2.143e-05,-0.00041993,0.0016854739359857733,0.5973733116606638,BINANCE_USDM_MONTHLY_FUNDING_RATE_ARCHIVE,BINANCE_USDM_PREMIUM_INDEX_KLINES_ARCHIVE
2026-07-29 16:00:00+00:00,SOLUSD,,,-0.134345100963983,,VERIFIED_BINANCE_PUBLIC_ARCHIVE_FUNDING_BASIS_CAUSAL,-3.76e-06,-0.00044641,0.07368037928566426,0.20849087190415033,BINANCE_USDM_MONTHLY_FUNDING_RATE_ARCHIVE,BINANCE_USDM_PREMIUM_INDEX_KLINES_ARCHIVE
2026-07-29 16:00:00+00:00,XRPUSD,,,-1.273641753955439,,VERIFIED_BINANCE_PUBLIC_ARCHIVE_FUNDING_BASIS_CAUSAL,0.0001,-0.00042374,1.70959963601555,0.7408043425486363,BINANCE_USDM_MONTHLY_FUNDING_RATE_ARCHIVE,BINANCE_USDM_PREMIUM_INDEX_KLINES_ARCHIVE
2026-07-30 00:00:00+00:00,BNBUSD,,,-0.887550997530052,,VERIFIED_BINANCE_PUBLIC_ARCHIVE_FUNDING_BASIS_CAUSAL,6.905e-05,0.00063738,1.0115163769997628,0.7360377559559609,BINANCE_USDM_MONTHLY_FUNDING_RATE_ARCHIVE,BINANCE_USDM_PREMIUM_INDEX_KLINES_ARCHIVE
2026-07-30 00:00:00+00:00,BTCUSD,,,-1.2009271567362616,,VERIFIED_BINANCE_PUBLIC_ARCHIVE_FUNDING_BASIS_CAUSAL,8.462e-05,-0.00036155,1.1222855257643076,1.297044705701983,BINANCE_USDM_MONTHLY_FUNDING_RATE_ARCHIVE,BINANCE_USDM_PREMIUM_INDEX_KLINES_ARCHIVE
2026-07-30 00:00:00+00:00,ETHUSD,,,-1.1220507694577142,,VERIFIED_BINANCE_PUBLIC_ARCHIVE_FUNDING_BASIS_CAUSAL,3.854e-05,-0.00027576,0.4354116044119884,1.9612764156247127,BINANCE_USDM_MONTHLY_FUNDING_RATE_ARCHIVE,BINANCE_USDM_PREMIUM_INDEX_KLINES_ARCHIVE
2026-07-30 00:00:00+00:00,SOLUSD,,,-0.08594879365204341,,VERIFIED_BINANCE_PUBLIC_ARCHIVE_FUNDING_BASIS_CAUSAL,2.21e-05,-0.00053673,0.47328657455496437,-0.3874640496737489,BINANCE_USDM_MONTHLY_FUNDING_RATE_ARCHIVE,BINANCE_USDM_PREMIUM_INDEX_KLINES_ARCHIVE
2026-07-30 00:00:00+00:00,XRPUSD,,,-1.7405253486177488,,VERIFIED_BINANCE_PUBLIC_ARCHIVE_FUNDING_BASIS_CAUSAL,5.88e-05,-0.00016446,0.8648567611003818,2.8107869555834197,BINANCE_USDM_MONTHLY_FUNDING_RATE_ARCHIVE,BINANCE_USDM_PREMIUM_INDEX_KLINES_ARCHIVE
2026-07-30 08:00:00+00:00,BNBUSD,,,-0.20054631763630043,,VERIFIED_BINANCE_PUBLIC_ARCHIVE_FUNDING_BASIS_CAUSAL,5.247e-05,0.00051204,0.4342276899523695,-0.08506424852778406,BINANCE_USDM_MONTHLY_FUNDING_RATE_ARCHIVE,BINANCE_USDM_PREMIUM_INDEX_KLINES_ARCHIVE
2026-07-30 08:00:00+00:00,BTCUSD,,,-0.16476385129043222,,VERIFIED_BINANCE_PUBLIC_ARCHIVE_FUNDING_BASIS_CAUSAL,7.278e-05,-0.00048219,0.5849509588531685,-0.3487981690640232,BINANCE_USDM_MONTHLY_FUNDING_RATE_ARCHIVE,BINANCE_USDM_PREMIUM_INDEX_KLINES_ARCHIVE
2026-07-30 08:00:00+00:00,ETHUSD,,,0.25223657847261,,VERIFIED_BINANCE_PUBLIC_ARCHIVE_FUNDING_BASIS_CAUSAL,4.661e-05,-0.00060845,0.5900377188063806,-1.2816829418135984,BINANCE_USDM_MONTHLY_FUNDING_RATE_ARCHIVE,BINANCE_USDM_PREMIUM_INDEX_KLINES_ARCHIVE
2026-07-30 08:00:00+00:00,SOLUSD,,,-1.5765172111595955,,VERIFIED_BINANCE_PUBLIC_ARCHIVE_FUNDING_BASIS_CAUSAL,8.517e-05,-0.00023584,1.5196406050293372,1.6460330630965778,BINANCE_USDM_MONTHLY_FUNDING_RATE_ARCHIVE,BINANCE_USDM_PREMIUM_INDEX_KLINES_ARCHIVE
2026-07-30 08:00:00+00:00,XRPUSD,,,-0.7175278747093371,,VERIFIED_BINANCE_PUBLIC_ARCHIVE_FUNDING_BASIS_CAUSAL,0.0001,-0.00052804,1.4416434485105325,-0.16750227104767962,BINANCE_USDM_MONTHLY_FUNDING_RATE_ARCHIVE,BINANCE_USDM_PREMIUM_INDEX_KLINES_ARCHIVE
2026-07-30 16:00:00+00:00,BNBUSD,,,-1.3394329886350806,,VERIFIED_BINANCE_PUBLIC_ARCHIVE_FUNDING_BASIS_CAUSAL,0.0001066,0.00061623,1.967869605104047,0.5713437907285663,BINANCE_USDM_MONTHLY_FUNDING_RATE_ARCHIVE,BINANCE_USDM_PREMIUM_INDEX_KLINES_ARCHIVE
2026-07-30 16:00:00+00:00,BTCUSD,,,-1.2905184416441164,,VERIFIED_BINANCE_PUBLIC_ARCHIVE_FUNDING_BASIS_CAUSAL,9.029e-05,-0.00035977,1.3204950546493532,1.2538803590821603,BINANCE_USDM_MONTHLY_FUNDING_RATE_ARCHIVE,BINANCE_USDM_PREMIUM_INDEX_KLINES_ARCHIVE
2026-07-30 16:00:00+00:00,ETHUSD,,,-0.17011647930567725,,VERIFIED_BINANCE_PUBLIC_ARCHIVE_FUNDING_BASIS_CAUSAL,1.99e-05,-0.00040555,-0.30185741752935646,0.746973464326274,BINANCE_USDM_MONTHLY_FUNDING_RATE_ARCHIVE,BINANCE_USDM_PREMIUM_INDEX_KLINES_ARCHIVE
2026-07-30 16:00:00+00:00,SOLUSD,,,-0.5947984805569673,,VERIFIED_BINANCE_PUBLIC_ARCHIVE_FUNDING_BASIS_CAUSAL,5.752e-05,-0.00043222,0.8815251052511152,0.24435482815300852,BINANCE_USDM_MONTHLY_FUNDING_RATE_ARCHIVE,BINANCE_USDM_PREMIUM_INDEX_KLINES_ARCHIVE
2026-07-30 16:00:00+00:00,XRPUSD,,,-1.066979362418277,,VERIFIED_BINANCE_PUBLIC_ARCHIVE_FUNDING_BASIS_CAUSAL,0.0001,-0.00040261,1.2959701913090131,0.7871016826629325,BINANCE_USDM_MONTHLY_FUNDING_RATE_ARCHIVE,BINANCE_USDM_PREMIUM_INDEX_KLINES_ARCHIVE
2026-07-31 00:00:00.003000+00:00,BNBUSD,,,-0.32497654497023015,,VERIFIED_BINANCE_PUBLIC_ARCHIVE_FUNDING_BASIS_CAUSAL,5.15e-05,0.00059898,0.2302840706970425,0.44071179130412613,BINANCE_USDM_MONTHLY_FUNDING_RATE_ARCHIVE,BINANCE_USDM_PREMIUM_INDEX_KLINES_ARCHIVE
2026-07-31 00:00:00.003000+00:00,BTCUSD,,,-1.6606864324036599,,VERIFIED_BINANCE_PUBLIC_ARCHIVE_FUNDING_BASIS_CAUSAL,0.0001,-0.00031925,1.6306477562972386,1.6974003698670634,BINANCE_USDM_MONTHLY_FUNDING_RATE_ARCHIVE,BINANCE_USDM_PREMIUM_INDEX_KLINES_ARCHIVE
2026-07-31 00:00:00.003000+00:00,ETHUSD,,,-0.7952130775712176,,VERIFIED_BINANCE_PUBLIC_ARCHIVE_FUNDING_BASIS_CAUSAL,5.729e-05,-0.00040179,0.8279342333714823,0.7552205538153386,BINANCE_USDM_MONTHLY_FUNDING_RATE_ARCHIVE,BINANCE_USDM_PREMIUM_INDEX_KLINES_ARCHIVE
2026-07-31 00:00:00.003000+00:00,SOLUSD,,,-0.7945298453287358,,VERIFIED_BINANCE_PUBLIC_ARCHIVE_FUNDING_BASIS_CAUSAL,9.768e-05,-0.00049019,1.520538761680411,-0.09281438576775597,BINANCE_USDM_MONTHLY_FUNDING_RATE_ARCHIVE,BINANCE_USDM_PREMIUM_INDEX_KLINES_ARCHIVE
2026-07-31 00:00:00.003000+00:00,XRPUSD,,,-1.3919762650820542,,VERIFIED_BINANCE_PUBLIC_ARCHIVE_FUNDING_BASIS_CAUSAL,0.0001,-0.0002921,1.2178511494393378,1.6047958508675964,BINANCE_USDM_MONTHLY_FUNDING_RATE_ARCHIVE,BINANCE_USDM_PREMIUM_INDEX_KLINES_ARCHIVE
2026-07-31 08:00:00+00:00,BNBUSD,,,-0.517660264263716,,VERIFIED_BINANCE_PUBLIC_ARCHIVE_FUNDING_BASIS_CAUSAL,2.909e-05,0.00079544,-0.45356880636572866,1.7047180172552596,BINANCE_USDM_MONTHLY_FUNDING_RATE_ARCHIVE,BINANCE_USDM_PREMIUM_INDEX_KLINES_ARCHIVE
2026-07-31 08:00:00+00:00,BTCUSD,,,-0.5944290470669851,,VERIFIED_BINANCE_PUBLIC_ARCHIVE_FUNDING_BASIS_CAUSAL,9.405e-05,-0.00046829,1.229796292459246,-0.18213091952355603,BINANCE_USDM_MONTHLY_FUNDING_RATE_ARCHIVE,BINANCE_USDM_PREMIUM_INDEX_KLINES_ARCHIVE
2026-07-31 08:00:00+00:00,ETHUSD,,,0.11003382882857726,,VERIFIED_BINANCE_PUBLIC_ARCHIVE_FUNDING_BASIS_CAUSAL,1.208e-05,-0.00041575,-0.6699520732370747,0.574310692115142,BINANCE_USDM_MONTHLY_FUNDING_RATE_ARCHIVE,BINANCE_USDM_PREMIUM_INDEX_KLINES_ARCHIVE
2026-07-31 08:00:00+00:00,SOLUSD,,,-0.7760656985869769,,VERIFIED_BINANCE_PUBLIC_ARCHIVE_FUNDING_BASIS_CAUSAL,4.606e-05,-0.00035134,0.5940730646879939,0.9985011400190672,BINANCE_USDM_MONTHLY_FUNDING_RATE_ARCHIVE,BINANCE_USDM_PREMIUM_INDEX_KLINES_ARCHIVE
2026-07-31 08:00:00+00:00,XRPUSD,,,-0.25053862100573027,,VERIFIED_BINANCE_PUBLIC_ARCHIVE_FUNDING_BASIS_CAUSAL,2.246e-05,-0.00043095,0.06197890459689583,0.4810004966165279,BINANCE_USDM_MONTHLY_FUNDING_RATE_ARCHIVE,BINANCE_USDM_PREMIUM_INDEX_KLINES_ARCHIVE
2026-07-31 16:00:00+00:00,BNBUSD,,,-0.9012013397335181,,VERIFIED_BINANCE_PUBLIC_ARCHIVE_FUNDING_BASIS_CAUSAL,5.473e-05,0.00081519,0.2253396918124948,1.7272544649703243,BINANCE_USDM_MONTHLY_FUNDING_RATE_ARCHIVE,BINANCE_USDM_PREMIUM_INDEX_KLINES_ARCHIVE
2026-07-31 16:00:00+00:00,BTCUSD,,,-0.8816264154225227,,VERIFIED_BINANCE_PUBLIC_ARCHIVE_FUNDING_BASIS_CAUSAL,5.664e-05,-0.0002792,-0.19432551643190762,2.1966787765779374,BINANCE_USDM_MONTHLY_FUNDING_RATE_ARCHIVE,BINANCE_USDM_PREMIUM_INDEX_KLINES_ARCHIVE
2026-07-31 16:00:00+00:00,ETHUSD,,,0.3411498497003791,,VERIFIED_BINANCE_PUBLIC_ARCHIVE_FUNDING_BASIS_CAUSAL,-2.045e-05,-0.00033593,-1.6801024435493697,1.2953477650039429,BINANCE_USDM_MONTHLY_FUNDING_RATE_ARCHIVE,BINANCE_USDM_PREMIUM_INDEX_KLINES_ARCHIVE
2026-07-31 16:00:00+00:00,SOLUSD,,,-0.15145177037573418,,VERIFIED_BINANCE_PUBLIC_ARCHIVE_FUNDING_BASIS_CAUSAL,3.736e-05,-0.00049223,0.36701399980433486,-0.11201317670366671,BINANCE_USDM_MONTHLY_FUNDING_RATE_ARCHIVE,BINANCE_USDM_PREMIUM_INDEX_KLINES_ARCHIVE
2026-07-31 16:00:00+00:00,XRPUSD,,,-0.18374650847113014,,VERIFIED_BINANCE_PUBLIC_ARCHIVE_FUNDING_BASIS_CAUSAL,1.979e-05,-0.0004377,0.013277132256359493,0.39209796828918314,BINANCE_USDM_MONTHLY_FUNDING_RATE_ARCHIVE,BINANCE_USDM_PREMIUM_INDEX_KLINES_ARCHIVE
