asset,strategy,min_quality,max_cost_r,direction,hour_start,hour_end,train_n,train_mean_r,train_median_r,train_win_rate,train_sd_r,lower_bound_r,robust_score,validation_n,validation_mean_r,validation_median_r,validation_win_rate,tier,eval_week
GBPUSD,CLOSE_SESSION_FADE,0.55,0.2,0,0,24,7,0.09226479809261658,0.15000000000000002,0.5714285714285714,0.6127955364243854,-0.0003811787022032498,0.10977908070282202,8,0.13829710144922125,0.15000000000000002,0.75,A,2026-06-01 00:00:00+00:00
GBPUSD,CLOSE_SESSION_FADE,0.55,0.2,0,19,24,7,0.09226479809261658,0.15000000000000002,0.5714285714285714,0.6127955364243854,-0.0003811787022032498,0.10977908070282202,8,0.13829710144922125,0.15000000000000002,0.75,A,2026-06-01 00:00:00+00:00
USDJPY,MEAN_REVERSION_EXTREME,0.72,0.2,1,0,24,6,0.2411829474873355,0.15000000000000002,0.8333333333333334,0.687536344589569,0.12890873256314947,0.26782693554425574,5,0.16000000000001166,0.15000000000000002,0.8,A,2026-06-01 00:00:00+00:00
AUDUSD,CLOSE_SESSION_FADE,0.55,0.2,0,0,24,6,0.35934520691462674,0.15000000000000002,1.0,0.46811011342486447,0.28290314549280837,0.44182134847391463,8,0.6697414093197342,0.4499999999999324,1.0,A,2026-06-01 00:00:00+00:00
AUDUSD,CLOSE_SESSION_FADE,0.55,0.2,0,19,24,6,0.35934520691462674,0.15000000000000002,1.0,0.46811011342486447,0.28290314549280837,0.44182134847391463,8,0.6697414093197342,0.4499999999999324,1.0,A,2026-06-01 00:00:00+00:00
USDCAD,COMPRESSION_EXPANSION,0.55,0.2,1,3,7,10,0.49027957347476414,0.0,0.4,1.5055759640952795,0.29983760399696524,0.3957955094529326,9,0.34652072201912404,0.0,0.4444444444444444,A,2026-06-01 00:00:00+00:00
USDCAD,MEAN_REVERSION_EXTREME,0.55,0.2,1,0,24,6,0.32612100576231495,0.45000000000004664,0.8333333333333334,0.6916026865985682,0.21318275996868283,0.3521009629497891,13,0.5172225555062506,0.15000000000000002,0.8461538461538461,A,2026-06-01 00:00:00+00:00
USDCAD,FAILED_BREAK_REVERSAL,0.55,0.2,1,0,3,6,0.41813887391427845,0.6667861945318989,0.5,1.1422070749479136,0.23161723963299236,0.3305354426140986,5,0.19831202046066154,0.0,0.4,A,2026-06-01 00:00:00+00:00
USDCAD,BREAKOUT_RETEST,0.55,0.2,0,16,19,7,0.42856558008260215,0.0,0.42857142857142855,1.287890535799266,0.2338548330198258,0.32687223528199394,2,0.6207939508507294,0.6207939508507294,0.5,A,2026-06-01 00:00:00+00:00
USDCHF,MEAN_REVERSION_EXTREME,0.55,0.2,0,3,7,9,0.13063308284342437,0.15000000000000002,0.6666666666666666,0.9473487260400385,0.004319919371419234,0.13037162123130014,12,0.41300336246885366,0.4499999999999324,0.8333333333333334,A,2026-06-01 00:00:00+00:00
USDCHF,HTF_TREND_BREAKOUT,0.64,0.2,0,19,24,11,0.6666222055621488,0.0,0.36363636363636365,1.6743848424998,0.4646837954810521,0.5580182921131757,11,0.9305022837898342,0.49999999999967537,0.5454545454545454,A,2026-06-01 00:00:00+00:00
NZDUSD,SESSION_OPEN_SWEEP_RECLAIM,0.55,0.2,0,10,13,6,0.7105487952218675,0.5000000000000915,0.8333333333333334,1.0228148832862884,0.5435238241968183,0.6824420271779246,2,0.2499999999999671,0.2499999999999671,0.5,A,2026-06-01 00:00:00+00:00
NZDUSD,CLOSE_SESSION_FADE,0.55,0.2,0,0,24,7,1.4212870143001268,0.7500000000000362,1.0,1.1454711185123305,1.2481080592378055,1.4096968900714024,10,0.08530480647951658,0.15000000000000002,0.6,A,2026-06-01 00:00:00+00:00
NZDUSD,CLOSE_SESSION_FADE,0.55,0.2,0,19,24,7,1.4212870143001268,0.7500000000000362,1.0,1.1454711185123305,1.2481080592378055,1.4096968900714024,10,0.08530480647951658,0.15000000000000002,0.6,A,2026-06-01 00:00:00+00:00
EURJPY,CLOSE_SESSION_FADE,0.55,0.2,0,0,24,8,0.5655013309671407,0.4499999999999279,1.0,0.44669023726863977,0.5023297917946441,0.6662742833413685,9,0.1492664851169724,0.15000000000000002,0.5555555555555556,A,2026-06-01 00:00:00+00:00
EURJPY,CLOSE_SESSION_FADE,0.55,0.2,0,19,24,8,0.5655013309671407,0.4499999999999279,1.0,0.44669023726863977,0.5023297917946441,0.6662742833413685,9,0.1492664851169724,0.15000000000000002,0.5555555555555556,A,2026-06-01 00:00:00+00:00
GBPJPY,SESSION_OPEN_RANGE_BREAKOUT,0.55,0.2,0,7,10,10,0.6548105310290365,0.49999999999996253,0.6,1.0096152346263412,0.5271031829560551,0.6470610884120225,9,0.13000770146328355,0.0,0.4444444444444444,A,2026-06-01 00:00:00+00:00
GBPJPY,MEAN_REVERSION_EXTREME,0.55,0.2,-1,0,3,9,0.6790654684456727,0.7499999999998702,1.0,0.520036914909999,0.6097272131243395,0.7757789149842205,3,0.15000000000000002,0.15000000000000002,1.0,A,2026-06-01 00:00:00+00:00
EURGBP,MEAN_REVERSION_EXTREME,0.55,0.2,1,19,24,7,1.6370898620117902,0.7500000000000505,1.0,1.6827415470026563,1.3826832532023539,1.5442720840359507,6,0.04619624613937547,0.15000000000000002,0.6666666666666666,A,2026-06-01 00:00:00+00:00
EURGBP,COMPRESSION_EXPANSION,0.55,0.2,1,16,19,7,0.7713091826915972,1.3972428419930158,0.5714285714285714,1.0100805444269725,0.6185993584231116,0.728759617828137,5,0.0003071598529095443,0.0,0.4,A,2026-06-01 00:00:00+00:00
EURGBP,CLOSE_SESSION_FADE,0.55,0.2,0,0,24,6,0.5671364598600191,0.749999999999909,0.8333333333333334,0.893627476210362,0.42120770407025243,0.5601259070513587,3,0.1222470416166559,0.15000000000000002,0.6666666666666666,A,2026-06-01 00:00:00+00:00
EURGBP,CLOSE_SESSION_FADE,0.55,0.2,0,19,24,6,0.5671364598600191,0.749999999999909,0.8333333333333334,0.893627476210362,0.42120770407025243,0.5601259070513587,3,0.1222470416166559,0.15000000000000002,0.6666666666666666,A,2026-06-01 00:00:00+00:00
AUDJPY,CLOSE_SESSION_FADE,0.55,0.2,0,0,24,9,0.4231993531374791,0.15000000000000002,0.8888888888888888,0.669335224426707,0.3339546565472515,0.48667302507379906,9,0.2824795321280986,0.7500000000001072,0.5555555555555556,A,2026-06-01 00:00:00+00:00
AUDJPY,CLOSE_SESSION_FADE,0.55,0.2,0,19,24,9,0.4231993531374791,0.15000000000000002,0.8888888888888888,0.669335224426707,0.3339546565472515,0.48667302507379906,9,0.2824795321280986,0.7500000000001072,0.5555555555555556,A,2026-06-01 00:00:00+00:00
CADJPY,MEAN_REVERSION_EXTREME,0.76,0.2,0,0,24,6,0.723837262100934,0.4499999999999789,1.0,0.6871177032485251,0.6116314110214675,0.7705496140025737,8,0.13215403866915415,0.15000000000000002,0.75,A,2026-06-01 00:00:00+00:00
CADJPY,MEAN_REVERSION_EXTREME,0.68,0.2,-1,0,24,6,0.6825867360393959,0.4499999999999789,0.8333333333333334,1.079743010701375,0.5062654407357395,0.6451836437168458,5,0.09017237399001865,0.15000000000000002,0.6,A,2026-06-01 00:00:00+00:00
CADJPY,CLOSE_SESSION_FADE,0.55,0.2,0,0,24,7,0.22415584415582476,0.15000000000000002,0.8571428571428571,0.630981293286646,0.12876043935751763,0.2732064130482572,8,0.08202807515846702,0.15000000000000002,0.625,A,2026-06-01 00:00:00+00:00
CADJPY,CLOSE_SESSION_FADE,0.55,0.2,0,19,24,7,0.22415584415582476,0.15000000000000002,0.8571428571428571,0.630981293286646,0.12876043935751763,0.2732064130482572,8,0.08202807515846702,0.15000000000000002,0.625,A,2026-06-01 00:00:00+00:00
GBPCHF,MEAN_REVERSION_EXTREME,0.72,0.2,-1,0,24,7,0.5342332985415632,0.15000000000000002,1.0,0.46468746903869695,0.4639791568018821,0.6255679876354789,5,0.27222969647241324,0.15000000000000002,0.8,A,2026-06-01 00:00:00+00:00
GBPCHF,CLOSE_SESSION_FADE,0.55,0.2,0,0,24,8,0.9650449664593559,0.7499999999999323,0.75,1.5568486170296236,0.7448733235828469,0.8788178151295712,10,0.4336460711804035,0.15000000000000002,0.6,A,2026-06-01 00:00:00+00:00
GBPCHF,CLOSE_SESSION_FADE,0.55,0.2,0,19,24,8,0.9650449664593559,0.7499999999999323,0.75,1.5568486170296236,0.7448733235828469,0.8788178151295712,10,0.4336460711804035,0.15000000000000002,0.6,A,2026-06-01 00:00:00+00:00
XAUUSD,MEAN_REVERSION_EXTREME,0.55,0.2,-1,10,13,6,0.26799262759715275,0.15000000000000002,0.8333333333333334,0.7281734165201528,0.14908240661491962,0.2880006095960259,2,0.15000000000000002,0.15000000000000002,1.0,A,2026-06-01 00:00:00+00:00
XAUUSD,MEAN_REVERSION_EXTREME,0.6,0.2,0,7,10,7,0.2434421616899447,0.15000000000000002,0.8571428571428571,0.6623793715976793,0.14329981364270472,0.28774578733344425,5,0.9434557359634201,1.169826558124539,1.0,A,2026-06-01 00:00:00+00:00
BTCUSD,SESSION_OPEN_RANGE_BREAKOUT,0.55,0.2,1,0,3,8,0.3084390064161597,0.24999999999996994,0.5,1.264945285868471,0.12954872852264931,0.2334932200693737,4,0.5099858670786735,0.2893037516074645,0.5,A,2026-06-01 00:00:00+00:00
BTCUSD,COMPRESSION_EXPANSION,0.55,0.2,0,0,3,10,0.6147435099909335,0.5000000000000081,0.6,1.3306772462397702,0.4464246728437974,0.5663825782997648,7,0.06590513787139295,0.0,0.42857142857142855,A,2026-06-01 00:00:00+00:00
BTCUSD,MEAN_REVERSION_EXTREME,0.55,0.2,0,16,19,7,0.43357891910886465,0.15000000000000002,0.8571428571428571,0.7868443394067969,0.3146192366751912,0.4590652103659308,7,0.32142857142856845,0.15000000000000002,1.0,A,2026-06-01 00:00:00+00:00
ETHUSD,MEAN_REVERSION_EXTREME,0.55,0.2,0,19,24,6,0.058333333333327686,0.15000000000000002,0.8333333333333334,0.521549507610645,-0.026835344616398457,0.11208285836470781,16,0.06192212154747515,0.15000000000000002,0.75,A,2026-06-01 00:00:00+00:00
SOLUSD,HTF_TREND_BREAKOUT,0.64,0.2,1,7,10,9,0.1604488078541337,0.49999999999998107,0.5555555555555556,0.7343595120020018,0.06253420625386681,0.1752525747804144,4,6.328271240363392e-15,0.2500000000000025,0.5,A,2026-06-01 00:00:00+00:00
SOLUSD,MEAN_REVERSION_EXTREME,0.72,0.2,1,0,24,6,0.4547665056360712,0.15000000000000002,1.0,0.4676465631487311,0.378400141657363,0.5373183446384693,6,0.19432007400554382,0.4500000000000019,0.6666666666666666,A,2026-06-01 00:00:00+00:00
SOLUSD,MEAN_REVERSION_EXTREME,0.72,0.2,0,0,24,7,0.41122843340234677,0.15000000000000002,1.0,0.4458977341065901,0.34381503256730445,0.5054038634009012,7,0.18798863486189468,0.15000000000000002,0.7142857142857143,A,2026-06-01 00:00:00+00:00
SOLUSD,WINNER_ONLY_ADDON,0.72,0.2,-1,0,24,7,0.3354497354497547,0.0,0.42857142857142855,1.3586973986062432,0.13003399695246806,0.22305139921463618,3,0.4206971677559528,0.500000000000017,0.6666666666666666,A,2026-06-01 00:00:00+00:00
BNBUSD,WINNER_ONLY_ADDON,0.55,0.2,1,7,10,6,0.6381052412026135,0.5000000000000154,0.6666666666666666,0.7884007677845849,0.5093599349432318,0.6282781379243381,8,0.3227910625137583,-0.24999999999996791,0.5,A,2026-06-01 00:00:00+00:00
BNBUSD,WINNER_ONLY_ADDON,0.55,0.2,0,13,16,8,0.4188547486033545,0.4999999999999928,0.625,0.42149271474087746,0.35924667724055415,0.4781911687872785,10,0.4780560131795662,0.0,0.4,A,2026-06-01 00:00:00+00:00
BNBUSD,FAILED_BREAK_REVERSAL,0.55,0.2,1,19,24,23,0.3375018427303854,0.0,0.43478260869565216,1.2555681745787233,0.23278021783798802,0.3485152074884252,16,0.3414916692602983,0.0,0.4375,A,2026-06-01 00:00:00+00:00
US500,SUPPLY_DEMAND_SWEEP_BOS,0.55,0.2,0,0,24,8,0.6659234848509625,0.500000000000019,0.625,0.6463370228267439,0.5745176264964196,0.693462118043144,11,0.6158688448554934,0.4999999999999852,0.6363636363636364,A,2026-06-01 00:00:00+00:00
US500,SUPPLY_DEMAND_SWEEP_BOS,0.55,0.2,1,0,24,7,0.5806089371048475,0.4999999999999521,0.5714285714285714,0.6474579237750134,0.48272249992273897,0.5928827593277644,4,0.7438932068861344,0.872641596755383,0.5,A,2026-06-01 00:00:00+00:00
US30,MEAN_REVERSION_EXTREME,0.55,0.2,0,13,16,7,0.1206245579305194,0.15000000000000002,0.7142857142857143,0.8645483524287816,-0.01008286703617664,0.11722024951170579,7,0.17761283578820017,0.15000000000000002,0.7142857142857143,A,2026-06-01 00:00:00+00:00
GER40,INTRADAY_SWING_CONTINUATION,0.55,0.2,1,19,24,11,0.602983833546245,0.0,0.45454545454545453,1.785703168039737,0.3876199282612716,0.4918635158024862,20,0.48808418640101003,0.0,0.45,A,2026-06-01 00:00:00+00:00
GER40,HTF_TREND_BREAKOUT,0.68,0.2,1,19,24,6,1.3290557888160717,0.5000000000000677,0.6666666666666666,1.9462212135340893,1.0112391955001527,1.1301573984812592,13,0.7016448684967973,0.0,0.46153846153846156,A,2026-06-01 00:00:00+00:00
GER40,HTF_TREND_BREAKOUT,0.68,0.2,0,19,24,11,0.7696852757886308,0.0,0.45454545454545453,1.7842621454809828,0.5544951643633602,0.6587387519045748,13,0.7016448684967973,0.0,0.46153846153846156,A,2026-06-01 00:00:00+00:00
GER40,MEAN_REVERSION_EXTREME,0.55,0.2,0,19,24,7,0.25714285714282364,0.15000000000000002,0.5714285714285714,1.3473329664374223,0.053445259291832,0.16360551869685727,3,0.8862924945112676,1.408877483533793,0.6666666666666666,A,2026-06-01 00:00:00+00:00
GER40,MEAN_REVERSION_EXTREME,0.64,0.2,1,0,24,6,0.2166666666666651,0.15000000000000002,0.6666666666666666,1.1096796334478185,0.035456741339609854,0.1543749443207161,9,0.33497796757148596,0.15000000000000002,0.8888888888888888,A,2026-06-01 00:00:00+00:00
GER40,BREAKOUT_RETEST,0.55,0.2,0,19,24,8,0.9844414972755029,0.0,0.375,1.6075288411082538,0.7571025883753832,0.8460470799221077,4,0.2499999999999906,0.24999999999998987,0.5,A,2026-06-01 00:00:00+00:00
JP225,MEAN_REVERSION_EXTREME,0.72,0.2,0,0,24,12,0.09832310042525831,0.15000000000000002,0.5833333333333334,1.0185312729574154,-0.019286760498744893,0.10201222665048584,2,0.15000000000000002,0.15000000000000002,1.0,A,2026-06-01 00:00:00+00:00
JP225,MEAN_REVERSION_EXTREME,0.6,0.2,1,0,24,15,0.06316184789197092,0.15000000000000002,0.6,0.9562769604721103,-0.035602011901904596,0.09184976254289103,6,0.3311320307977447,0.4500000000000009,0.8333333333333334,A,2026-06-01 00:00:00+00:00
WTI,INTRADAY_SWING_CONTINUATION,0.55,0.2,1,16,19,11,0.44069670280518153,0.4999999999999868,0.5454545454545454,1.144880025372172,0.3026189764731064,0.41777165492341184,4,0.5887741269013768,0.8965492160982578,0.75,A,2026-06-01 00:00:00+00:00
WTI,HTF_TREND_BREAKOUT,0.55,0.2,1,16,19,8,0.23881872396773607,0.2500000000000072,0.5,0.8886744823620325,0.11314117341860846,0.21708566496533285,2,0.24590077818635248,0.24590077818635248,0.5,A,2026-06-01 00:00:00+00:00
WTI,MEAN_REVERSION_EXTREME,0.55,0.2,1,0,24,8,0.5805578888667563,1.0059627958916808,0.75,1.0153794575618877,0.4369615488828505,0.5709060404295749,17,0.07352941176470888,0.15000000000000002,0.7647058823529411,A,2026-06-01 00:00:00+00:00
NATGAS,MEAN_REVERSION_EXTREME,0.76,0.2,1,0,24,7,0.3053736584509423,0.15000000000000002,0.8571428571428571,0.649192832477623,0.20722492772743334,0.35167090141817287,6,0.23934401220441368,0.44999999999999224,0.6666666666666666,A,2026-06-01 00:00:00+00:00
NATGAS,MEAN_REVERSION_EXTREME,0.55,0.2,1,19,24,6,0.16542864161140367,0.450000000000002,0.6666666666666666,0.8931031443539683,0.019585508855240352,0.1385037118363466,3,0.5120213577421538,0.7499999999999845,0.6666666666666666,A,2026-06-01 00:00:00+00:00
NATGAS,WINNER_ONLY_ADDON,0.64,0.2,-1,19,24,6,0.5614427860695971,0.8947761194029293,0.6666666666666666,0.8512272432249559,0.422437959332455,0.5413561623135612,4,0.02005943536408647,0.020059435364103984,0.5,A,2026-06-01 00:00:00+00:00
V100,MEAN_REVERSION_EXTREME,0.68,0.2,0,19,24,6,0.33059772137052595,0.15000000000000002,0.8333333333333334,0.8322070125047323,0.19469888530368767,0.333617088284794,2,0.15000000000000002,0.15000000000000002,1.0,A,2026-06-01 00:00:00+00:00
V25,SESSION_OPEN_SWEEP_RECLAIM,0.55,0.2,0,7,10,8,0.07006967390717014,0.0,0.375,0.9965394623477792,-0.07086228840205203,0.018082203144672362,12,0.1357713871208712,0.0,0.4166666666666667,A,2026-06-01 00:00:00+00:00
V25,CLOSE_SESSION_FADE,0.55,0.2,0,0,24,7,0.15714285714285722,0.15000000000000002,0.8571428571428571,0.5401247021545609,0.07548367777921146,0.21992965146995103,4,0.2803000790776085,0.3430701423170394,0.75,A,2026-06-01 00:00:00+00:00
V25,CLOSE_SESSION_FADE,0.55,0.2,0,19,24,7,0.15714285714285722,0.15000000000000002,0.8571428571428571,0.5401247021545609,0.07548367777921146,0.21992965146995103,4,0.2803000790776085,0.3430701423170394,0.75,A,2026-06-01 00:00:00+00:00
USDJPY,RELATIVE_VALUE_ROTATION,0.72,0.2,-1,0,24,10,4.576915535877106,0.25000000000011824,0.5,7.400296624459713,3.6408438281111692,3.7488017335671366,2,0.2500000000000847,0.2500000000000847,0.5,A,2026-06-01 00:00:00+00:00
AUDUSD,RELATIVE_VALUE_ROTATION,0.55,0.2,0,19,24,12,0.9227551068378684,0.0,0.4166666666666667,1.7951067586908207,0.715474032767016,0.8167730199162468,5,1.6931321749864747,0.5000000000002667,0.8,A,2026-06-01 00:00:00+00:00
NZDUSD,RELATIVE_VALUE_ROTATION,0.76,0.2,-1,19,24,6,1.269308126464817,1.2902173913042316,0.6666666666666666,1.2009010731444132,1.0732018024138468,1.192120005394953,9,1.1754410156777204,1.7565217391303558,0.6666666666666666,A,2026-06-01 00:00:00+00:00
NZDUSD,RELATIVE_VALUE_ROTATION,0.76,0.2,-1,0,24,32,0.9815487694528752,0.25000000000000777,0.5,1.5202970113567278,0.8740475368380768,1.0039776880674063,33,0.557093763784841,0.0,0.48484848484848486,A,2026-06-01 00:00:00+00:00
AUDJPY,RELATIVE_VALUE_ROTATION,0.55,0.2,0,0,3,6,1.028764761190319,0.7619353013296178,0.5,1.1432733940307045,0.8420689977319775,0.9409872007130838,6,0.11187392992359124,0.24999999999994324,0.5,A,2026-06-01 00:00:00+00:00
USDCAD,RELATIVE_VALUE_ROTATION,0.76,0.2,0,16,19,6,1.1008640039698572,1.4363513617427088,0.6666666666666666,0.8174236900360455,0.9673792743531059,1.0862974773342122,5,0.6310062342206109,0.4999999999998589,0.6,A,2026-06-01 00:00:00+00:00
CADJPY,RELATIVE_VALUE_ROTATION,0.55,0.2,-1,0,24,13,0.3049489850901421,0.0,0.38461538461538464,1.280285954759528,0.1629140110242391,0.26184900377039044,22,0.28501254134752246,0.0,0.45454545454545453,A,2026-06-01 00:00:00+00:00
EURGBP,RELATIVE_VALUE_ROTATION,0.76,0.2,0,19,24,6,0.9393258706167645,0.5401670025914475,0.5,1.4321926009344332,0.7054497982381741,0.8043680012192803,6,1.087395286322696,0.6590696587191676,0.6666666666666666,A,2026-06-01 00:00:00+00:00
EURJPY,RELATIVE_VALUE_ROTATION,0.55,0.2,0,0,24,6,0.703682427517224,1.351509046218279,0.6666666666666666,1.2169977080624115,0.5049475339912564,0.6238657369723626,8,0.46675022271886635,0.4999999999997171,0.625,A,2026-06-01 00:00:00+00:00
BTCUSD,RELATIVE_VALUE_ROTATION,0.72,0.2,0,10,13,8,0.6937209200350043,0.49999999999994993,0.75,0.6575800571784212,0.6007250565142245,0.7346695480609489,9,0.22265174106400268,0.0,0.4444444444444444,A,2026-06-01 00:00:00+00:00
US30,RELATIVE_VALUE_ROTATION,0.55,0.2,0,19,24,6,0.8960052196989049,0.7654102441030347,0.8333333333333334,0.7732219250691609,0.76973860807544,0.9086568110565463,4,0.34462826589130324,0.1799995778428744,0.5,A,2026-06-01 00:00:00+00:00
GER40,RELATIVE_VALUE_ROTATION,0.72,0.2,0,10,13,13,1.1852103188656342,0.0,0.46153846153846156,2.4693506706538093,0.9112604585535204,1.019426220530441,16,0.3868862285654877,0.0,0.4375,A,2026-06-01 00:00:00+00:00
WTI,RELATIVE_VALUE_ROTATION,0.55,0.2,-1,0,24,15,0.10643378338751457,0.0,0.4666666666666667,0.8157766781627801,0.022180730354211767,0.1336325047990074,7,0.24699792960662897,0.5000000000000037,0.5714285714285714,A,2026-06-01 00:00:00+00:00
WTI,RELATIVE_VALUE_ROTATION,0.55,0.2,0,0,24,23,0.05557387803379954,0.0,0.391304347826087,0.8515204695986738,-0.015447838676589512,0.09506975966949985,12,0.0031023550724647206,0.0,0.4166666666666667,A,2026-06-01 00:00:00+00:00
AUDJPY,ENSEMBLE_CONFLUENCE,0.76,0.2,0,13,16,6,0.5704457476361877,0.2500000000000258,0.5,1.0811186906905506,0.39389980473100883,0.4928180077121151,4,0.47919937982453176,0.24999999999994804,0.5,A,2026-06-01 00:00:00+00:00
AUDJPY,ENSEMBLE_CONFLUENCE,0.68,0.2,1,13,16,9,0.32474160953522324,0.0,0.4444444444444444,1.014683411462151,0.18945048800693642,0.2888355232001507,5,0.3833595038596254,0.0,0.4,A,2026-06-01 00:00:00+00:00
BNBUSD,ENSEMBLE_CONFLUENCE,0.68,0.2,1,16,19,17,0.5065182977189617,0.0,0.4117647058823529,1.010771296687449,0.40845907843461166,0.5156782782984173,8,0.41658268762779693,0.49999999999997924,0.625,A,2026-06-01 00:00:00+00:00
BRENT,ENSEMBLE_CONFLUENCE,0.68,0.2,0,10,13,8,1.0902520161012093,0.24999999999999953,0.5,2.0442784987743625,0.8011473782777678,0.9050918698244923,7,0.9196039102729044,0.4999999999999786,0.5714285714285714,A,2026-06-01 00:00:00+00:00
EURGBP,ENSEMBLE_CONFLUENCE,0.76,0.2,0,3,7,11,0.6913181280548276,0.0,0.45454545454545453,1.0137761605114348,0.5690521227521534,0.673295710293368,9,0.3066889632108113,0.0,0.4444444444444444,A,2026-06-01 00:00:00+00:00
EURJPY,ENSEMBLE_CONFLUENCE,0.68,0.2,-1,19,24,6,0.9978470838583041,0.8789855072464214,0.8333333333333334,0.7353446353980385,0.8777658077370953,1.0166840107182016,7,0.709667641475302,0.49999999999998107,0.5714285714285714,A,2026-06-01 00:00:00+00:00
GBPJPY,ENSEMBLE_CONFLUENCE,0.68,0.2,-1,19,24,15,0.8340422853775359,0.49999999999998934,0.7333333333333333,0.9896980729286106,0.7318267079315071,0.8752784823763027,9,1.1826571587564905,0.0,0.4444444444444444,A,2026-06-01 00:00:00+00:00
NATGAS,ENSEMBLE_CONFLUENCE,0.55,0.2,0,19,24,29,0.48499679772866916,0.0,0.3448275862068966,1.4179105877993168,0.37967704328618257,0.4890803012642532,22,0.3058672791069984,0.0,0.4090909090909091,A,2026-06-01 00:00:00+00:00
NZDUSD,ENSEMBLE_CONFLUENCE,0.55,0.2,-1,19,24,23,0.9734985649437323,0.0,0.43478260869565216,2.93437338436853,0.7287549061972205,0.8444898958476577,16,0.2459001067399135,0.0,0.4375,A,2026-06-01 00:00:00+00:00
US100,ENSEMBLE_CONFLUENCE,0.72,0.2,0,10,13,8,0.8708186920981744,0.8566548869779216,0.625,1.1308841045954159,0.7108875282790753,0.8298320198257997,15,0.4591062738172405,0.0,0.4,A,2026-06-01 00:00:00+00:00
US100,ENSEMBLE_CONFLUENCE,0.68,0.2,1,10,13,6,0.6079799296150021,0.2500000000000272,0.5,1.1672826517627424,0.4173634707868964,0.5162816737680027,10,0.5916339742597391,0.0,0.4,A,2026-06-01 00:00:00+00:00
US500,ENSEMBLE_CONFLUENCE,0.68,0.2,1,16,19,13,0.6628026611029786,1.2507260219462515,0.6153846153846154,0.9347237838894731,0.5591043678350027,0.6857316682734618,10,0.0693307394645188,0.0,0.4,A,2026-06-01 00:00:00+00:00
USDCAD,ENSEMBLE_CONFLUENCE,0.76,0.2,0,0,3,14,0.497367679498787,0.0,0.35714285714285715,1.1034975458250162,0.3793988296809845,0.47641697656017157,13,0.16943436074641688,0.0,0.46153846153846156,A,2026-06-01 00:00:00+00:00
V10,ENSEMBLE_CONFLUENCE,0.55,0.2,1,10,13,11,0.16770468095852706,0.0,0.36363636363636365,0.9868360248591653,0.04868777826530213,0.14202227489742578,11,0.2716798155320671,0.0,0.45454545454545453,A,2026-06-01 00:00:00+00:00
V50,ENSEMBLE_CONFLUENCE,0.72,0.2,-1,3,7,10,0.2135291475571015,0.0,0.4,0.6299389844668104,0.13384746844315948,0.22980537389912686,3,0.5717691863064615,0.5000000000000261,0.6666666666666666,A,2026-06-01 00:00:00+00:00
WTI,ENSEMBLE_CONFLUENCE,0.68,0.2,0,10,13,7,1.4897862785644709,1.4758990874932716,0.5714285714285714,2.2487622550494457,1.1498053823033487,1.259965641708374,4,1.142599065956149,0.9955959250848976,0.5,A,2026-06-01 00:00:00+00:00
XAGUSD,ENSEMBLE_CONFLUENCE,0.72,0.2,0,10,13,10,1.0004806949696943,0.5000000000000209,0.7,1.880145787408422,0.7626589741144407,0.8946168795704081,10,0.41694511067783624,0.0,0.4,A,2026-06-01 00:00:00+00:00
XRPUSD,ENSEMBLE_CONFLUENCE,0.72,0.2,1,7,10,14,0.29466515648870917,0.0,0.35714285714285715,1.0333277307210011,0.18419777544269236,0.2812159223218794,6,0.5432922576144995,0.24999999999999603,0.5,A,2026-06-01 00:00:00+00:00
EURUSD,MEAN_REVERSION_EXTREME,0.55,0.2,0,16,19,6,0.15000000000000002,0.15000000000000002,1.0,0.0,0.15000000000000002,0.3089182029811063,8,0.21636727688785728,0.15000000000000002,0.75,A,2026-06-08 00:00:00+00:00
EURUSD,MEAN_REVERSION_EXTREME,0.6,0.2,0,0,3,7,0.07142857142860895,0.15000000000000002,0.8571428571428571,0.48392527674153935,-0.0017340534511751937,0.14271192023956436,9,0.15555555555559483,0.15000000000000002,0.8888888888888888,A,2026-06-08 00:00:00+00:00
EURUSD,BREAKOUT_RETEST,0.55,0.2,0,10,13,7,0.046008319562411804,0.0,0.42857142857142855,0.7776356678667133,-0.07155914259695652,0.021458259665211615,7,0.38014594101545324,0.0,0.42857142857142855,A,2026-06-08 00:00:00+00:00
GBPUSD,MEAN_REVERSION_EXTREME,0.6,0.2,0,0,3,7,0.15714285714278536,0.15000000000000002,0.8571428571428571,0.540124702154527,0.07548367777914472,0.21992965146988427,3,0.15000000000000002,0.15000000000000002,1.0,A,2026-06-08 00:00:00+00:00
GBPUSD,CLOSE_SESSION_FADE,0.55,0.2,0,0,24,11,0.06325941696799733,0.15000000000000002,0.6363636363636364,0.621705779932383,-0.011721121287674677,0.11434064807172169,6,0.44402304114364677,0.4499999999998821,0.8333333333333334,A,2026-06-08 00:00:00+00:00
GBPUSD,CLOSE_SESSION_FADE,0.55,0.2,0,19,24,11,0.06325941696799733,0.15000000000000002,0.6363636363636364,0.621705779932383,-0.011721121287674677,0.11434064807172169,6,0.44402304114364677,0.4499999999998821,0.8333333333333334,A,2026-06-08 00:00:00+00:00
USDJPY,MEAN_REVERSION_EXTREME,0.72,0.2,1,0,24,8,0.2933872106155236,0.15000000000000002,0.875,0.6206492762542903,0.2056141482199373,0.3545586397666617,4,0.012499999999970673,0.15000000000000002,0.75,A,2026-06-08 00:00:00+00:00
USDJPY,MEAN_REVERSION_EXTREME,0.55,0.2,-1,3,7,8,0.2890406976743855,0.15000000000000002,0.875,0.6140416431325209,0.2022020957163984,0.35114658726312276,8,0.08504394079552276,0.15000000000000002,0.75,A,2026-06-08 00:00:00+00:00
AUDUSD,CLOSE_SESSION_FADE,0.55,0.2,1,0,24,7,0.5589937792739251,0.15000000000000002,1.0,0.6534374680365684,0.460203319973555,0.6217921508071518,7,0.67890720127918,0.7499999999998648,1.0,A,2026-06-08 00:00:00+00:00
AUDUSD,CLOSE_SESSION_FADE,0.55,0.2,1,19,24,7,0.5589937792739251,0.15000000000000002,1.0,0.6534374680365684,0.460203319973555,0.6217921508071518,7,0.67890720127918,0.7499999999998648,1.0,A,2026-06-08 00:00:00+00:00
USDCAD,MEAN_REVERSION_EXTREME,0.55,0.2,1,0,24,13,0.5279314903640279,0.15000000000000002,0.8461538461538461,0.8237476061226731,0.43654489861276596,0.5908645067435326,7,0.3667871259175034,0.15000000000000002,0.8571428571428571,A,2026-06-08 00:00:00+00:00
USDCAD,MEAN_REVERSION_EXTREME,0.55,0.2,0,19,24,7,0.394480691360215,0.15000000000000002,0.8571428571428571,0.8351781580001493,0.2682136224172776,0.4126595961080171,5,0.3335019762845571,0.15000000000000002,0.8,A,2026-06-08 00:00:00+00:00
USDCAD,BREAKOUT_RETEST,0.55,0.2,0,16,19,8,0.37499488257227687,0.0,0.375,1.213020204117951,0.20344792016265822,0.29239241170938257,7,0.034512557385998906,0.0,0.42857142857142855,A,2026-06-08 00:00:00+00:00
USDCAD,CLOSE_SESSION_FADE,0.55,0.2,0,0,24,11,0.18515168303678714,0.15000000000000002,0.7272727272727273,0.9996034409713555,0.0645949720240541,0.20156583229254138,7,0.5821018100214166,0.7500000000001075,0.8571428571428571,A,2026-06-08 00:00:00+00:00
USDCAD,CLOSE_SESSION_FADE,0.55,0.2,0,19,24,11,0.18515168303678714,0.15000000000000002,0.7272727272727273,0.9996034409713555,0.0645949720240541,0.20156583229254138,7,0.5821018100214166,0.7500000000001075,0.8571428571428571,A,2026-06-08 00:00:00+00:00
USDCHF,CLOSE_SESSION_FADE,0.55,0.2,0,0,24,10,0.27497877576960017,0.4500000000000418,0.6,1.1448362240900454,0.13016717512994133,0.2501250805859087,8,0.1311974841230913,0.15000000000000002,0.625,A,2026-06-08 00:00:00+00:00
USDCHF,CLOSE_SESSION_FADE,0.55,0.2,0,19,24,10,0.27497877576960017,0.4500000000000418,0.6,1.1448362240900454,0.13016717512994133,0.2501250805859087,8,0.1311974841230913,0.15000000000000002,0.625,A,2026-06-08 00:00:00+00:00
NZDUSD,MEAN_REVERSION_EXTREME,0.64,0.2,1,19,24,6,0.6306521739130229,0.4499999999999082,1.0,0.6013047014995173,0.5324595273389983,0.6913777303201045,2,0.9978260869566133,0.9978260869566133,1.0,A,2026-06-08 00:00:00+00:00
NZDUSD,CLOSE_SESSION_FADE,0.55,0.2,0,0,24,13,0.7809274742227701,0.7499999999998351,0.7692307692307693,1.333144502640678,0.6330283707804961,0.7781172096804936,7,0.6013404738652469,0.7499999999999653,0.8571428571428571,A,2026-06-08 00:00:00+00:00
NZDUSD,CLOSE_SESSION_FADE,0.55,0.2,0,19,24,13,0.7809274742227701,0.7499999999998351,0.7692307692307693,1.333144502640678,0.6330283707804961,0.7781172096804936,7,0.6013404738652469,0.7499999999999653,0.8571428571428571,A,2026-06-08 00:00:00+00:00
EURJPY,FAILED_BREAK_REVERSAL,0.55,0.2,0,13,16,29,0.1868706236665561,0.0,0.3448275862068966,0.8534599369092299,0.12347721102458618,0.23288046900265685,15,0.12591073434215214,0.0,0.4,A,2026-06-08 00:00:00+00:00
EURJPY,COMPRESSION_EXPANSION,0.55,0.2,1,16,19,17,0.09637407970489822,0.0,0.35294117647058826,0.9210513203816516,0.007018976633176757,0.10717935296757064,9,0.1752639457449559,0.0,0.4444444444444444,A,2026-06-08 00:00:00+00:00
EURJPY,CLOSE_SESSION_FADE,0.55,0.2,0,0,24,13,0.39428024102934156,0.15000000000000002,0.8461538461538461,0.7653156560086205,0.3093760921168972,0.46369570024766393,7,0.46071177827102344,1.137288794626893,0.5714285714285714,A,2026-06-08 00:00:00+00:00
EURJPY,CLOSE_SESSION_FADE,0.55,0.2,0,19,24,13,0.39428024102934156,0.15000000000000002,0.8461538461538461,0.7653156560086205,0.3093760921168972,0.46369570024766393,7,0.46071177827102344,1.137288794626893,0.5714285714285714,A,2026-06-08 00:00:00+00:00
GBPJPY,SESSION_OPEN_RANGE_BREAKOUT,0.55,0.2,0,7,10,14,0.5870124731042523,0.49999999999996253,0.6428571428571429,0.9980680636692353,0.48031450902050493,0.6116183701854062,10,0.4952439937507128,0.0,0.4,A,2026-06-08 00:00:00+00:00
GBPJPY,WINNER_ONLY_ADDON,0.55,0.2,-1,16,19,18,0.30601872585254797,0.0,0.4444444444444444,1.4859681627710648,0.16592030391618323,0.27814241683284535,4,0.1476527265272504,0.2500000000000299,0.5,A,2026-06-08 00:00:00+00:00
GBPJPY,HTF_PULLBACK_CONTINUATION,0.55,0.2,-1,10,13,17,0.39239632900406235,0.0,0.4117647058823529,1.3058673713245232,0.26570858535656383,0.3729277852203695,2,0.2499999999999026,0.2499999999999026,0.5,A,2026-06-08 00:00:00+00:00
GBPJPY,MEAN_REVERSION_EXTREME,0.55,0.2,-1,0,3,9,0.6790654684456727,0.7499999999998702,1.0,0.520036914909999,0.6097272131243395,0.7757789149842205,6,0.47227986215646495,0.15000000000000002,1.0,A,2026-06-08 00:00:00+00:00
GBPJPY,CLOSE_SESSION_FADE,0.55,0.2,0,0,24,12,0.18200658342443363,0.15000000000000002,0.75,0.8242574795171105,0.08682952788828038,0.2281285150375111,9,0.31996458246898096,0.15000000000000002,0.7777777777777778,A,2026-06-08 00:00:00+00:00
GBPJPY,CLOSE_SESSION_FADE,0.55,0.2,0,19,24,12,0.18200658342443363,0.15000000000000002,0.75,0.8242574795171105,0.08682952788828038,0.2281285150375111,9,0.31996458246898096,0.15000000000000002,0.7777777777777778,A,2026-06-08 00:00:00+00:00
EURGBP,CLOSE_SESSION_FADE,0.55,0.2,0,0,24,9,0.41883998711223147,0.7499999999998624,0.7777777777777778,0.9216771870230756,0.29594969550915473,0.43533473070236894,5,1.0993071679475332,0.15000000000000002,1.0,A,2026-06-08 00:00:00+00:00
EURGBP,CLOSE_SESSION_FADE,0.55,0.2,0,19,24,9,0.41883998711223147,0.7499999999998624,0.7777777777777778,0.9216771870230756,0.29594969550915473,0.43533473070236894,5,1.0993071679475332,0.15000000000000002,1.0,A,2026-06-08 00:00:00+00:00
EURGBP,SUPPLY_DEMAND_SWEEP_BOS,0.55,0.2,0,0,24,14,0.29924174576059553,0.0,0.35714285714285715,1.0728282521333348,0.18455158135103927,0.28156972823022636,7,0.18495025078368316,0.0,0.42857142857142855,A,2026-06-08 00:00:00+00:00
EURGBP,VOLATILITY_REVERSAL,0.55,0.2,0,0,24,10,0.24144989145693874,0.0,0.4,1.069137238664922,0.10621353923757107,0.20217144469353848,3,0.12072504824091208,0.5000000000003998,0.6666666666666666,A,2026-06-08 00:00:00+00:00
AUDJPY,MEAN_REVERSION_EXTREME,0.55,0.2,0,10,13,6,0.6268883983662981,0.44999999999996426,0.8333333333333334,1.0240311170886962,0.459664817192994,0.5985830201741003,3,0.3439339583179333,0.15000000000000002,0.6666666666666666,A,2026-06-08 00:00:00+00:00
AUDJPY,COMPRESSION_EXPANSION,0.55,0.2,0,10,13,11,0.2645845549176827,0.0,0.36363636363636365,1.1594200116834399,0.12475324025646653,0.21808773688859018,6,0.39715142428783556,0.24999999999993128,0.5,A,2026-06-08 00:00:00+00:00
AUDJPY,CLOSE_SESSION_FADE,0.55,0.2,0,0,24,13,0.19063350964593323,0.15000000000000002,0.6923076923076923,0.9181321342346073,0.08877589464180821,0.22463396431103647,8,0.5403592927491335,0.45000000000005363,0.875,A,2026-06-08 00:00:00+00:00
AUDJPY,CLOSE_SESSION_FADE,0.55,0.2,0,19,24,13,0.19063350964593323,0.15000000000000002,0.6923076923076923,0.9181321342346073,0.08877589464180821,0.22463396431103647,8,0.5403592927491335,0.45000000000005363,0.875,A,2026-06-08 00:00:00+00:00
CADJPY,MEAN_REVERSION_EXTREME,0.68,0.2,-1,0,24,11,0.41330748056240624,0.15000000000000002,0.7272727272727273,1.1513932549694241,0.2744442291849667,0.41141508945345395,5,0.11675301616201054,0.15000000000000002,0.8,A,2026-06-08 00:00:00+00:00
XAUUSD,MEAN_REVERSION_EXTREME,0.6,0.2,0,7,10,10,0.5101547253522174,0.15000000000000002,0.9,0.7866702263537628,0.41064793804349314,0.5666058434994606,4,0.8048473754759038,0.949781471889538,1.0,A,2026-06-08 00:00:00+00:00
XAUUSD,MEAN_REVERSION_EXTREME,0.6,0.2,1,7,10,9,0.41638356907694224,0.15000000000000002,0.8888888888888888,0.7743906402159498,0.3131314837148156,0.4658498522413632,4,0.8048473754759038,0.949781471889538,1.0,A,2026-06-08 00:00:00+00:00
XAGUSD,MEAN_REVERSION_EXTREME,0.55,0.2,0,13,16,7,1.0756452140806811,0.7500000000000021,1.0,0.8200716374822955,0.9516620363643572,1.113250867197954,11,0.3952172003037372,0.15000000000000002,0.7272727272727273,A,2026-06-08 00:00:00+00:00
XAGUSD,MEAN_REVERSION_EXTREME,0.6,0.2,-1,0,24,10,0.1808221343873512,0.15000000000000002,0.8,0.7306563702356281,0.08840060171311746,0.23235850716908485,13,0.1675762066080289,0.15000000000000002,0.6923076923076923,A,2026-06-08 00:00:00+00:00
BTCUSD,MEAN_REVERSION_EXTREME,0.55,0.2,0,16,19,11,0.3850047667056428,0.15000000000000002,0.9090909090909091,0.6501249866279705,0.30659674316092284,0.4653857852475919,4,0.012499999999988853,0.15000000000000002,0.75,A,2026-06-08 00:00:00+00:00
ETHUSD,COMPRESSION_EXPANSION,0.55,0.2,-1,0,3,7,0.1322559958958773,0.0,0.42857142857142855,1.305910581056158,-0.06517912593054848,0.027838276331619657,7,0.455534270698891,0.0,0.42857142857142855,A,2026-06-08 00:00:00+00:00
ETHUSD,SESSION_OPEN_SWEEP_RECLAIM,0.55,0.2,-1,0,3,6,0.03554068208850384,0.24999999999999473,0.5,0.8128532450122684,-0.09719769698120104,0.0017205059999052252,5,0.8981497587943961,1.2758506616257057,0.6,A,2026-06-08 00:00:00+00:00
BNBUSD,CLOSE_SESSION_FADE,0.55,0.2,1,0,24,10,0.330823574594758,0.15000000000000002,0.8,0.8974744412424022,0.2173010395502401,0.36125894500620753,3,0.48954797655246324,0.15000000000000002,1.0,A,2026-06-08 00:00:00+00:00
BNBUSD,CLOSE_SESSION_FADE,0.55,0.2,1,19,24,10,0.330823574594758,0.15000000000000002,0.8,0.8974744412424022,0.2173010395502401,0.36125894500620753,3,0.48954797655246324,0.15000000000000002,1.0,A,2026-06-08 00:00:00+00:00
US100,HTF_PULLBACK_CONTINUATION,0.55,0.2,-1,16,19,6,0.6232704837091557,0.4999999999999799,0.6666666666666666,0.5714886839179557,0.5299467724175764,0.6488649753986826,2,0.994907732094263,0.994907732094263,1.0,A,2026-06-08 00:00:00+00:00
US100,INTRADAY_SWING_CONTINUATION,0.55,0.2,-1,16,19,7,0.35813875680188495,0.0,0.42857142857142855,0.5172894889938845,0.27993193716157055,0.3729493394237387,6,0.3704443606226566,0.2500000000000071,0.5,A,2026-06-08 00:00:00+00:00
US500,SUPPLY_DEMAND_SWEEP_BOS,0.55,0.2,-1,0,24,7,0.6517299692770975,0.49999999999998807,0.7142857142857143,0.6104526435516677,0.5594382045902592,0.6867413211381417,4,0.0017646940211888673,-0.24999999999995415,0.5,A,2026-06-08 00:00:00+00:00
US500,SUPPLY_DEMAND_SWEEP_BOS,0.55,0.2,0,0,24,15,0.5750914896449076,0.4999999999999852,0.6,0.6279616158395639,0.5102358928394641,0.6376876672842597,10,0.4652481503851538,0.2499999999999875,0.5,A,2026-06-08 00:00:00+00:00
US30,MEAN_REVERSION_EXTREME,0.55,0.2,0,0,3,10,0.30113959575396526,0.15000000000000002,0.9,0.6284700765085107,0.22164372043287822,0.3776016258888456,4,0.15000000000000002,0.15000000000000002,1.0,A,2026-06-08 00:00:00+00:00
US30,CLOSE_SESSION_FADE,0.55,0.2,0,0,24,7,0.8396721274161312,0.831591646420827,0.7142857142857143,1.2088119002958897,0.6569169462710838,0.7842200628189662,6,0.3612658786772612,0.4099501961414452,0.6666666666666666,A,2026-06-08 00:00:00+00:00
US30,CLOSE_SESSION_FADE,0.55,0.2,0,19,24,7,0.8396721274161312,0.831591646420827,0.7142857142857143,1.2088119002958897,0.6569169462710838,0.7842200628189662,6,0.3612658786772612,0.4099501961414452,0.6666666666666666,A,2026-06-08 00:00:00+00:00
GER40,WINNER_ONLY_ADDON,0.72,0.2,1,19,24,7,1.420973349676529,0.0,0.42857142857142855,2.7459634142378055,1.0058227037705247,1.0988401060326929,4,0.6110408735931004,0.24999999999995945,0.5,A,2026-06-08 00:00:00+00:00
GER40,HTF_TREND_BREAKOUT,0.76,0.2,1,7,10,9,1.2734071738317816,0.0,0.4444444444444444,2.7937670318542644,0.9009049029178797,1.000289938111094,2,0.7805465909895699,0.7805465909895699,0.5,A,2026-06-08 00:00:00+00:00
GER40,HTF_TREND_BREAKOUT,0.68,0.2,1,19,24,12,0.9031639378600409,0.2500000000000154,0.5,1.7936006959038184,0.6960567689402869,0.8073557560895176,7,0.8939643955763289,1.2687192103460903,0.5714285714285714,A,2026-06-08 00:00:00+00:00
UK100,MEAN_REVERSION_EXTREME,0.55,0.2,-1,7,10,6,0.058333333333330316,0.15000000000000002,0.8333333333333334,0.5215495076106142,-0.026835344616390804,0.11208285836471546,2,0.44999999999999624,0.44999999999999624,1.0,A,2026-06-08 00:00:00+00:00
BRENT,MEAN_REVERSION_EXTREME,0.64,0.2,1,0,24,6,0.22651476777056923,0.15000000000000002,0.8333333333333334,0.66653741554086,0.11766966360066618,0.25658786658177246,5,0.3899999999999986,0.15000000000000002,1.0,A,2026-06-08 00:00:00+00:00
BRENT,SESSION_OPEN_RANGE_BREAKOUT,0.55,0.2,-1,7,10,8,0.7152877880896509,0.49999999999999406,0.625,0.8400312762013366,0.5964894257275,0.7154339172742243,5,0.14127820276942676,0.0,0.4,A,2026-06-08 00:00:00+00:00
NATGAS,MEAN_REVERSION_EXTREME,0.6,0.2,0,19,24,13,0.5383047766508913,0.7499999999999845,0.6153846153846154,1.551860914253612,0.3661412659207428,0.49276856635920185,3,0.49993373201874075,0.15000000000000002,1.0,A,2026-06-08 00:00:00+00:00
V75,MEAN_REVERSION_EXTREME,0.55,0.2,0,0,3,10,0.040000000000002076,0.15000000000000002,0.8,0.5695612346359267,-0.03204443073548238,0.11191347472048503,2,0.6776644372280309,0.6776644372280309,1.0,A,2026-06-08 00:00:00+00:00
V50,MEAN_REVERSION_EXTREME,0.6,0.2,-1,0,3,8,0.14714406102997718,0.15000000000000002,0.875,0.5693096126720164,0.06663152348696326,0.21557601503368765,2,0.08458701511018535,0.08458701511018535,0.5,A,2026-06-08 00:00:00+00:00
USDJPY,RELATIVE_VALUE_ROTATION,0.72,0.2,-1,0,24,11,4.206286850797384,0.5000000000001694,0.5454545454545454,7.152584528065425,3.343652699492138,3.4588053779424435,3,1.4588359046283068,1.9475845410634185,0.6666666666666666,A,2026-06-08 00:00:00+00:00
AUDUSD,RELATIVE_VALUE_ROTATION,0.76,0.2,1,0,24,21,1.158830491959832,0.4999999999998506,0.5238095238095238,1.9798239895683978,0.9860172863429435,1.1106952782672528,15,1.0274525083613388,1.313798406262943,0.5333333333333333,A,2026-06-08 00:00:00+00:00
AUDUSD,RELATIVE_VALUE_ROTATION,0.55,0.2,0,19,24,17,1.1493365974698115,0.5000000000000399,0.5294117647058824,2.041902934952897,0.9512429156328821,1.0725797625555111,3,0.5681649253466521,0.2858844550324988,0.6666666666666666,A,2026-06-08 00:00:00+00:00
USDCHF,RELATIVE_VALUE_ROTATION,0.76,0.2,-1,19,24,6,1.5263998912557628,0.6904970967284864,0.5,2.5145833593837383,1.1157701481768472,1.2146883511579536,8,0.8281110467604205,0.6452349582784922,0.5,A,2026-06-08 00:00:00+00:00
USDCHF,RELATIVE_VALUE_ROTATION,0.55,0.2,0,19,24,19,0.8552816375739211,0.0,0.42105263157894735,1.678278609876643,0.7012722300042745,0.811713191264828,18,0.5545943856935573,0.28935532233876704,0.5555555555555556,A,2026-06-08 00:00:00+00:00
NZDUSD,RELATIVE_VALUE_ROTATION,0.76,0.2,0,16,19,6,1.1059662440752998,0.9289588483352944,1.0,0.650568398141683,0.9997288695268374,1.1586470725079439,5,0.7537672214317828,0.4999999999998798,0.6,A,2026-06-08 00:00:00+00:00
AUDJPY,RELATIVE_VALUE_ROTATION,0.76,0.2,0,0,3,8,0.7090735708927456,0.250000000000059,0.5,1.1947961799342757,0.5401038746992839,0.6440483662460084,6,0.30492985057270316,0.24999999999994324,0.5,A,2026-06-08 00:00:00+00:00
AUDJPY,RELATIVE_VALUE_ROTATION,0.76,0.2,1,0,24,25,0.5820391482896357,0.0,0.36,1.1118647808017885,0.4930899658254926,0.6014518965859222,14,0.5243702930690414,0.0,0.42857142857142855,A,2026-06-08 00:00:00+00:00
USDCAD,RELATIVE_VALUE_ROTATION,0.55,0.2,0,10,13,9,1.3053365312650795,0.0,0.4444444444444444,1.6549532238755191,1.0846761014150104,1.1840611366082245,6,0.6275362318839637,0.2499999999998722,0.5,A,2026-06-08 00:00:00+00:00
USDCAD,RELATIVE_VALUE_ROTATION,0.55,0.2,1,10,13,7,1.2982963639966376,0.0,0.42857142857142855,1.7366055573379795,1.0357462822749797,1.1287636845371478,4,0.9413043478259455,0.4999999999999813,0.75,A,2026-06-08 00:00:00+00:00
CADJPY,RELATIVE_VALUE_ROTATION,0.55,0.2,0,10,13,7,0.7309133844346881,0.0,0.42857142857142855,1.1681806096967253,0.5543010770252399,0.647318479287408,4,0.767849408629192,0.49999999999997974,0.75,A,2026-06-08 00:00:00+00:00
EURGBP,RELATIVE_VALUE_ROTATION,0.76,0.2,0,19,24,10,0.7649079870560078,0.4090696587190007,0.5,1.1767562202060986,0.6160587907911307,0.7240166962470981,3,1.170415690358855,0.5000000000003336,0.6666666666666666,A,2026-06-08 00:00:00+00:00
EURJPY,RELATIVE_VALUE_ROTATION,0.55,0.2,0,0,24,9,0.5246771739003353,0.4999999999996732,0.5555555555555556,1.0344047697989551,0.38675653792714126,0.49947490645368886,10,0.2734001781751528,0.24999999999988048,0.5,A,2026-06-08 00:00:00+00:00
JP225,RELATIVE_VALUE_ROTATION,0.72,0.2,1,10,13,8,0.5557431168561644,0.49999999999998856,0.875,0.3741579644936795,0.5028291900704771,0.6517736816172015,6,0.3117814053973522,0.24999999999995018,0.5,A,2026-06-08 00:00:00+00:00
JP225,RELATIVE_VALUE_ROTATION,0.55,0.2,1,13,16,9,0.6775802687863482,0.49999999999998324,0.5555555555555556,1.114073980659907,0.5290370713650273,0.6417554398915749,4,0.7940301388019291,0.25000000000000144,0.5,A,2026-06-08 00:00:00+00:00
US30,RELATIVE_VALUE_ROTATION,0.72,0.2,0,16,19,12,0.42272617526190887,0.0,0.4166666666666667,1.148260827020155,0.2901364357459111,0.3914354228951418,12,0.3721812228956836,0.0,0.4166666666666667,A,2026-06-08 00:00:00+00:00
GER40,RELATIVE_VALUE_ROTATION,0.76,0.2,1,10,13,6,0.8731422138186075,0.9248136742018832,0.6666666666666666,1.2149691679018932,0.6747385795137074,0.7936567824948136,4,1.0225350875258035,0.9815030846202394,0.75,A,2026-06-08 00:00:00+00:00
UK100,RELATIVE_VALUE_ROTATION,0.55,0.2,0,0,3,7,0.8145216929165416,0.4999999999999897,0.5714285714285714,1.3909618821615686,0.6042280230096936,0.714388282414719,9,0.8103774615351542,0.4999999999999602,0.5555555555555556,A,2026-06-08 00:00:00+00:00
NATGAS,RELATIVE_VALUE_ROTATION,0.55,0.2,-1,19,24,9,0.6213754071212507,0.0,0.4444444444444444,1.1930646522226591,0.4623001201582295,0.5616851553514438,7,0.6213533367615326,0.6989806532140966,0.5714285714285714,A,2026-06-08 00:00:00+00:00
WTI,RELATIVE_VALUE_ROTATION,0.55,0.2,-1,0,24,17,0.03508863240074836,0.0,0.4117647058823529,0.8091886087529238,-0.04341419359772006,0.06380500626608558,12,0.46277861511951507,0.5000000000000027,0.6666666666666666,A,2026-06-08 00:00:00+00:00
AUDJPY,ENSEMBLE_CONFLUENCE,0.68,0.2,-1,10,13,8,1.4231268467707925,0.24999999999992162,0.5,2.5697284333577515,1.0597123665637627,1.1636568581104871,4,0.4675299095418849,0.2500000000000292,0.5,A,2026-06-08 00:00:00+00:00
BNBUSD,ENSEMBLE_CONFLUENCE,0.76,0.2,1,16,19,10,0.5652810993009283,0.5000000000000019,0.6,1.1275590257076336,0.4226549106002694,0.5426128160562368,5,0.6665323002044862,0.4999999999999966,0.6,A,2026-06-08 00:00:00+00:00
GBPCHF,ENSEMBLE_CONFLUENCE,0.55,0.2,-1,19,24,26,0.6182377149496852,0.0,0.4230769230769231,1.26812104711174,0.5187581154909086,0.635444083580226,11,0.9721976689795517,0.0,0.45454545454545453,A,2026-06-08 00:00:00+00:00
GER40,ENSEMBLE_CONFLUENCE,0.76,0.2,1,19,24,12,0.8093021589762291,0.0,0.4166666666666667,1.4454519424795316,0.642395745357984,0.7436947325072149,5,0.8620400814707867,0.49999999999987993,0.6,A,2026-06-08 00:00:00+00:00
JP225,ENSEMBLE_CONFLUENCE,0.76,0.2,-1,0,3,10,0.7360788961057991,0.8683488732520048,0.7,0.8419124385805427,0.6295844602521539,0.7615423657081213,2,0.4054017068166257,0.4054017068166257,0.5,A,2026-06-08 00:00:00+00:00
NATGAS,ENSEMBLE_CONFLUENCE,0.76,0.2,0,7,10,14,0.604948607307667,0.0,0.35714285714285715,1.6532779618194509,0.4282057587867437,0.5252239056659308,8,0.28477574852125204,0.24999999999999045,0.5,A,2026-06-08 00:00:00+00:00
NZDUSD,ENSEMBLE_CONFLUENCE,0.72,0.2,1,3,7,9,0.8560656430719514,1.242882668254734,0.5555555555555556,1.326707861294349,0.6791712615660382,0.7918896300925858,7,0.33547679941543135,0.0,0.42857142857142855,A,2026-06-08 00:00:00+00:00
UK100,ENSEMBLE_CONFLUENCE,0.72,0.2,1,19,24,8,0.832032532831482,0.49999999999999567,0.625,1.2568140207314042,0.6542921894815809,0.7732366810283052,3,0.9255921336435778,1.355828374345749,0.6666666666666666,A,2026-06-08 00:00:00+00:00
US100,ENSEMBLE_CONFLUENCE,0.68,0.2,1,0,3,10,0.6317406146581586,0.24999999999998226,0.5,1.0235450038458547,0.5022712746646104,0.6102291801205778,9,0.19583057889988453,0.0,0.4444444444444444,A,2026-06-08 00:00:00+00:00
US30,ENSEMBLE_CONFLUENCE,0.55,0.2,-1,10,13,8,1.9705087167461715,0.9430851867647674,0.625,3.8673017136132555,1.4235896634281138,1.5425341549748381,5,0.975206113216383,1.3220397736135459,0.6,A,2026-06-08 00:00:00+00:00
US500,ENSEMBLE_CONFLUENCE,0.76,0.2,1,19,24,10,0.7949829035224854,0.0,0.4,1.5528918426836311,0.5985558962114391,0.6945138016674066,6,0.8215431298926799,0.9014405801380501,0.6666666666666666,A,2026-06-08 00:00:00+00:00
V10,ENSEMBLE_CONFLUENCE,0.55,0.2,1,10,13,17,0.21044779849863793,0.0,0.35294117647058826,0.8415223586496791,0.1288081380037783,0.22896851433817217,9,0.08395743187996026,0.0,0.4444444444444444,A,2026-06-08 00:00:00+00:00
V75,ENSEMBLE_CONFLUENCE,0.76,0.2,-1,13,16,7,0.4384200823835683,0.0,0.42857142857142855,0.5617998192483353,0.3534839333360178,0.44650133559818594,5,0.2574260788187407,0.0,0.4,A,2026-06-08 00:00:00+00:00
XAGUSD,ENSEMBLE_CONFLUENCE,0.68,0.2,-1,10,13,6,1.2789485694313971,0.6602064652249237,0.5,2.2535543354242327,0.9109446874696492,1.0098628904507554,8,0.6061297720410684,0.4999999999999418,0.625,A,2026-06-08 00:00:00+00:00
XAGUSD,ENSEMBLE_CONFLUENCE,0.72,0.2,0,10,13,13,0.8711707600112917,0.5000000000000051,0.6153846153846154,1.692435385104133,0.6834119119681349,0.8100392124065939,13,0.25761832125603684,0.0,0.46153846153846156,A,2026-06-08 00:00:00+00:00
XRPUSD,ENSEMBLE_CONFLUENCE,0.76,0.2,-1,7,10,8,1.657218801828074,0.0,0.375,4.072579527734607,1.0812690816315444,1.1702135731782688,8,0.1301421404682089,0.24999999999997402,0.5,A,2026-06-08 00:00:00+00:00
EURUSD,MEAN_REVERSION_EXTREME,0.6,0.2,1,0,3,8,0.08125000000001663,0.15000000000000002,0.875,0.45341585492792774,0.017127314856609913,0.1660718064033343,4,0.4500000000000891,0.4500000000000655,1.0,A,2026-06-15 00:00:00+00:00
EURUSD,CLOSE_SESSION_FADE,0.55,0.2,1,0,24,11,0.1521574203088144,0.15000000000000002,0.7272727272727273,0.7722663459522893,0.05901859457272195,0.19598945484120922,5,0.9524347826086992,0.15000000000000002,1.0,A,2026-06-15 00:00:00+00:00
EURUSD,CLOSE_SESSION_FADE,0.55,0.2,1,19,24,11,0.1521574203088144,0.15000000000000002,0.7272727272727273,0.7722663459522893,0.05901859457272195,0.19598945484120922,5,0.9524347826086992,0.15000000000000002,1.0,A,2026-06-15 00:00:00+00:00
EURUSD,BREAKOUT_RETEST,0.55,0.2,0,10,13,8,0.04025727961711033,0.0,0.375,0.7275706832805751,-0.06263675317093456,0.026307738375789827,10,0.11610215871083951,0.0,0.4,A,2026-06-15 00:00:00+00:00
GBPUSD,CLOSE_SESSION_FADE,0.55,0.2,0,0,24,15,0.11681535988280572,0.15000000000000002,0.6666666666666666,0.683775696303223,0.04619530963417204,0.18164708407896765,6,0.16597077939584767,0.15000000000000002,0.6666666666666666,A,2026-06-15 00:00:00+00:00
GBPUSD,CLOSE_SESSION_FADE,0.55,0.2,0,19,24,15,0.11681535988280572,0.15000000000000002,0.6666666666666666,0.683775696303223,0.04619530963417204,0.18164708407896765,6,0.16597077939584767,0.15000000000000002,0.6666666666666666,A,2026-06-15 00:00:00+00:00
AUDUSD,CLOSE_SESSION_FADE,0.55,0.2,1,0,24,12,0.6011668763371363,0.15000000000000002,1.0,0.595993701621911,0.5323474515237899,0.7036464386730207,6,0.28222533894340834,0.4499999999999616,0.6666666666666666,A,2026-06-15 00:00:00+00:00
AUDUSD,CLOSE_SESSION_FADE,0.55,0.2,1,19,24,12,0.6011668763371363,0.15000000000000002,1.0,0.595993701621911,0.5323474515237899,0.7036464386730207,6,0.28222533894340834,0.4499999999999616,0.6666666666666666,A,2026-06-15 00:00:00+00:00
USDCAD,CLOSE_SESSION_FADE,0.55,0.2,1,0,24,12,0.23222237611706384,0.15000000000000002,0.75,0.9696968276490303,0.12025143122196508,0.2615504183711958,6,0.7457854450249785,0.44999999999996126,1.0,A,2026-06-15 00:00:00+00:00
USDCAD,CLOSE_SESSION_FADE,0.55,0.2,1,19,24,12,0.23222237611706384,0.15000000000000002,0.75,0.9696968276490303,0.12025143122196508,0.2615504183711958,6,0.7457854450249785,0.44999999999996126,1.0,A,2026-06-15 00:00:00+00:00
USDCHF,CLOSE_SESSION_FADE,0.55,0.2,0,0,24,13,0.11536828905353717,0.15000000000000002,0.5384615384615384,1.118106404857248,-0.008674479381463027,0.10872205182622677,8,0.6028820733231448,0.15000000000000002,0.875,A,2026-06-15 00:00:00+00:00
USDCHF,CLOSE_SESSION_FADE,0.55,0.2,0,19,24,13,0.11536828905353717,0.15000000000000002,0.5384615384615384,1.118106404857248,-0.008674479381463027,0.10872205182622677,8,0.6028820733231448,0.15000000000000002,0.875,A,2026-06-15 00:00:00+00:00
NZDUSD,WINNER_ONLY_ADDON,0.64,0.2,1,3,7,14,0.3199257645566299,0.0,0.35714285714285715,1.3991609878076436,0.1703491632618758,0.26736731014106285,4,0.456321839080185,0.7063218390801433,0.5,A,2026-06-15 00:00:00+00:00
NZDUSD,MEAN_REVERSION_EXTREME,0.64,0.2,1,19,24,6,0.6306521739130229,0.4499999999999082,1.0,0.6013047014995173,0.5324595273389983,0.6913777303201045,3,0.33188405797102644,0.15000000000000002,0.6666666666666666,A,2026-06-15 00:00:00+00:00
NZDUSD,MEAN_REVERSION_EXTREME,0.55,0.2,-1,0,3,8,0.5048522725289091,0.15000000000000002,0.875,1.07834982878651,0.3523505772436503,0.5012950687903747,3,0.5827225276250717,0.15000000000000002,1.0,A,2026-06-15 00:00:00+00:00
NZDUSD,CLOSE_SESSION_FADE,0.55,0.2,0,0,24,17,0.6354151273468266,0.7499999999998351,0.7647058823529411,1.244193461287539,0.5147106318270298,0.6642827728673061,5,0.5418766634112918,0.15000000000000002,0.8,A,2026-06-15 00:00:00+00:00
NZDUSD,CLOSE_SESSION_FADE,0.55,0.2,0,19,24,17,0.6354151273468266,0.7499999999998351,0.7647058823529411,1.244193461287539,0.5147106318270298,0.6642827728673061,5,0.5418766634112918,0.15000000000000002,0.8,A,2026-06-15 00:00:00+00:00
EURJPY,CLOSE_SESSION_FADE,0.55,0.2,0,0,24,17,0.3451417066935222,0.15000000000000002,0.7647058823529411,0.8904007512703473,0.2587601455966525,0.4083322866369287,7,0.19760236678404897,0.15000000000000002,0.5714285714285714,A,2026-06-15 00:00:00+00:00
EURJPY,CLOSE_SESSION_FADE,0.55,0.2,0,19,24,17,0.3451417066935222,0.15000000000000002,0.7647058823529411,0.8904007512703473,0.2587601455966525,0.4083322866369287,7,0.19760236678404897,0.15000000000000002,0.5714285714285714,A,2026-06-15 00:00:00+00:00
GBPJPY,SESSION_OPEN_RANGE_BREAKOUT,0.55,0.2,-1,7,10,8,0.5290278960896228,0.2500000000000085,0.5,1.042509320374831,0.3815948141121783,0.4855393056589027,6,0.7461150375233512,0.2500000000000436,0.5,A,2026-06-15 00:00:00+00:00
GBPJPY,MEAN_REVERSION_EXTREME,0.55,0.2,-1,3,7,12,0.7986107607630735,0.15000000000000002,0.8333333333333334,2.4871294110741884,0.5114217937644499,0.6627207809136806,2,0.15000000000000002,0.15000000000000002,1.0,A,2026-06-15 00:00:00+00:00
GBPJPY,MEAN_REVERSION_EXTREME,0.55,0.2,-1,0,3,12,0.5467991013342547,0.15000000000000002,1.0,0.5052840490836709,0.4884539249831184,0.6597529121323492,4,0.6334197932346973,0.6323418353450616,1.0,A,2026-06-15 00:00:00+00:00
EURGBP,MEAN_REVERSION_EXTREME,0.6,0.2,1,19,24,10,1.0686806510918876,0.7500000000000228,0.8,1.7511983763024626,0.847169630935711,0.9911275363916784,3,0.16666666666671018,0.7499999999997642,0.6666666666666666,A,2026-06-15 00:00:00+00:00
EURGBP,MEAN_REVERSION_EXTREME,0.6,0.2,0,19,24,12,0.9655672092432362,0.7499999999999774,0.8333333333333334,1.6197968094032735,0.7785291844549409,0.9298281716041716,7,0.09052631578950554,0.7499999999997642,0.5714285714285714,A,2026-06-15 00:00:00+00:00
EURGBP,COMPRESSION_EXPANSION,0.55,0.2,0,16,19,15,0.22671333854038342,0.0,0.4,1.065829555452128,0.11663493538940352,0.22008670983419915,17,0.3423752895902372,0.0,0.47058823529411764,A,2026-06-15 00:00:00+00:00
EURGBP,CLOSE_SESSION_FADE,0.55,0.2,0,0,24,9,0.41883998711223147,0.7499999999998624,0.7777777777777778,0.9216771870230756,0.29594969550915473,0.43533473070236894,8,0.8933169799671761,0.449999999999917,1.0,A,2026-06-15 00:00:00+00:00
EURGBP,CLOSE_SESSION_FADE,0.55,0.2,0,19,24,9,0.41883998711223147,0.7499999999998624,0.7777777777777778,0.9216771870230756,0.29594969550915473,0.43533473070236894,8,0.8933169799671761,0.449999999999917,1.0,A,2026-06-15 00:00:00+00:00
AUDJPY,MEAN_REVERSION_EXTREME,0.55,0.2,0,10,13,9,0.5325702516835098,0.15000000000000002,0.7777777777777778,1.0883612245741838,0.38745542174028524,0.5268404569334995,2,0.15000000000000002,0.15000000000000002,1.0,A,2026-06-15 00:00:00+00:00
AUDJPY,CLOSE_SESSION_FADE,0.55,0.2,0,0,24,18,0.35283944263278877,0.45000000000005186,0.7222222222222222,0.9560826775087903,0.2626991033472612,0.4082545495972567,7,0.6296889815895581,0.15000000000000002,1.0,A,2026-06-15 00:00:00+00:00
AUDJPY,CLOSE_SESSION_FADE,0.55,0.2,0,19,24,18,0.35283944263278877,0.45000000000005186,0.7222222222222222,0.9560826775087903,0.2626991033472612,0.4082545495972567,7,0.6296889815895581,0.15000000000000002,1.0,A,2026-06-15 00:00:00+00:00
BTCUSD,COMPRESSION_EXPANSION,0.55,0.2,0,0,3,17,0.38875123911818155,0.4999999999999328,0.5294117647058824,1.294220682152352,0.2631933902858735,0.3845302372085027,4,2.4147350785597155e-15,0.249999999999991,0.5,A,2026-06-15 00:00:00+00:00
ETHUSD,SESSION_OPEN_SWEEP_RECLAIM,0.55,0.2,-1,0,3,9,0.22206349840447245,0.0,0.4444444444444444,0.8638123093933493,0.10688852381869254,0.20627355901190678,5,0.604121968684042,1.2758506616257057,0.6,A,2026-06-15 00:00:00+00:00
ETHUSD,MEAN_REVERSION_EXTREME,0.6,0.2,1,19,24,12,0.32006282872998004,0.15000000000000002,0.9166666666666666,0.5536491372864265,0.2561329330401956,0.4174319201894263,6,0.07718297101448714,0.15000000000000002,0.6666666666666666,A,2026-06-15 00:00:00+00:00
SOLUSD,MEAN_REVERSION_EXTREME,0.55,0.2,0,16,19,11,0.3523086695496787,0.15000000000000002,0.8181818181818182,0.9117173217744049,0.24235142332446336,0.3902313745020416,7,0.3922915985616181,0.15000000000000002,0.8571428571428571,A,2026-06-15 00:00:00+00:00
SOLUSD,COMPRESSION_EXPANSION,0.55,0.2,-1,7,10,11,0.7890356020790946,0.0,0.36363636363636365,2.598751804743686,0.4756143417302312,0.5689488383623548,4,0.668529576413531,0.6434782608695719,0.5,A,2026-06-15 00:00:00+00:00
BNBUSD,CLOSE_SESSION_FADE,0.55,0.2,1,0,24,10,0.330823574594758,0.15000000000000002,0.8,0.8974744412424022,0.2173010395502401,0.36125894500620753,4,0.40466098241434745,0.15000000000000002,1.0,A,2026-06-15 00:00:00+00:00
BNBUSD,CLOSE_SESSION_FADE,0.55,0.2,1,19,24,10,0.330823574594758,0.15000000000000002,0.8,0.8974744412424022,0.2173010395502401,0.36125894500620753,4,0.40466098241434745,0.15000000000000002,1.0,A,2026-06-15 00:00:00+00:00
US100,INTRADAY_SWING_CONTINUATION,0.55,0.2,-1,16,19,7,0.35813875680188495,0.0,0.42857142857142855,0.5172894889938845,0.27993193716157055,0.3729493394237387,15,0.20135497045300638,0.0,0.4,A,2026-06-15 00:00:00+00:00
US100,INTRADAY_SWING_CONTINUATION,0.55,0.2,1,19,24,32,0.18299441080308254,0.0,0.34375,1.3078532752024283,0.09051521883381525,0.20169537006314486,10,0.5053606066387548,0.0,0.4,A,2026-06-15 00:00:00+00:00
US100,MEAN_REVERSION_EXTREME,0.68,0.2,-1,0,24,6,0.05833333333334186,0.15000000000000002,0.8333333333333334,0.5215495076106156,-0.02683534461637948,0.11208285836472678,3,0.16666666666668195,0.7500000000000084,0.6666666666666666,A,2026-06-15 00:00:00+00:00
US100,MEAN_REVERSION_EXTREME,0.6,0.2,-1,13,16,7,0.07857142857142836,0.15000000000000002,0.7142857142857143,0.725975768415551,-0.03118579091923264,0.09611732562864979,3,0.16666666666668195,0.7500000000000084,0.6666666666666666,A,2026-06-15 00:00:00+00:00
US100,CLOSE_SESSION_CONTINUATION,0.55,0.2,1,0,24,8,0.3202473525688072,0.49999999999997025,0.625,1.1146667716689405,0.16260966596672224,0.2815541575134466,2,0.0719075277526241,0.0719075277526241,0.5,A,2026-06-15 00:00:00+00:00
US100,CLOSE_SESSION_CONTINUATION,0.55,0.2,1,19,24,8,0.3202473525688072,0.49999999999997025,0.625,1.1146667716689405,0.16260966596672224,0.2815541575134466,2,0.0719075277526241,0.0719075277526241,0.5,A,2026-06-15 00:00:00+00:00
US500,HTF_PULLBACK_CONTINUATION,0.55,0.2,1,19,24,35,0.08937471512996013,0.0,0.34285714285714286,1.0772343903099502,0.01654037686513342,0.12935361277711277,3,6.014592355123148,1.5636722201899513,0.6666666666666666,A,2026-06-15 00:00:00+00:00
US500,SUPPLY_DEMAND_SWEEP_BOS,0.55,0.2,0,10,13,6,1.0498715966521408,1.122641596755426,0.8333333333333334,0.7358518487404191,0.9297074929389612,1.0686256959200673,3,1.5324880741961218,1.6698499002222462,0.6666666666666666,A,2026-06-15 00:00:00+00:00
US30,CLOSE_SESSION_FADE,0.55,0.2,-1,0,24,7,0.8788532297034656,0.6699003922828903,0.8571428571428571,0.9128948675692525,0.7408364986900092,0.8852824723807489,2,0.02913785178523448,0.02913785178523448,0.5,A,2026-06-15 00:00:00+00:00
US30,CLOSE_SESSION_FADE,0.55,0.2,-1,19,24,7,0.8788532297034656,0.6699003922828903,0.8571428571428571,0.9128948675692525,0.7408364986900092,0.8852824723807489,2,0.02913785178523448,0.02913785178523448,0.5,A,2026-06-15 00:00:00+00:00
GER40,WINNER_ONLY_ADDON,0.72,0.2,0,19,24,11,0.858801222521413,0.0,0.36363636363636365,2.3365364303118223,0.5770043262181147,0.6703388228502383,2,0.9720817471862414,0.9720817471862414,0.5,A,2026-06-15 00:00:00+00:00
GER40,BREAKOUT_RETEST,0.55,0.2,0,19,24,12,0.7396276648503322,0.0,0.4166666666666667,1.3650886204773036,0.5820008083502789,0.6832997954995097,7,0.09484329422176382,0.0,0.42857142857142855,A,2026-06-15 00:00:00+00:00
UK100,HTF_PULLBACK_CONTINUATION,0.55,0.2,1,19,24,20,0.20825704292957486,0.0,0.35,1.1467727771604048,0.10568656755049953,0.208577016304968,4,0.2500000000000414,0.24999999999999364,0.5,A,2026-06-15 00:00:00+00:00
BRENT,MEAN_REVERSION_EXTREME,0.64,0.2,1,0,24,6,0.22651476777056923,0.15000000000000002,0.8333333333333334,0.66653741554086,0.11766966360066618,0.25658786658177246,12,0.07124082439300063,0.15000000000000002,0.75,A,2026-06-15 00:00:00+00:00
BRENT,SESSION_OPEN_RANGE_BREAKOUT,0.55,0.2,-1,7,10,11,0.4293002095197458,0.0,0.45454545454545453,0.8898941688590322,0.3219749345659065,0.4262185221071211,5,0.24127820276942663,0.4999999999999829,0.6,A,2026-06-15 00:00:00+00:00
BRENT,WINNER_ONLY_ADDON,0.72,0.2,-1,0,24,10,0.6258242063690549,0.0,0.4,1.6438031110407074,0.4178977321386824,0.5138556375946498,2,1.1128569174948368,1.1128569174948368,0.5,A,2026-06-15 00:00:00+00:00
NATGAS,MEAN_REVERSION_EXTREME,0.6,0.2,0,19,24,13,0.5383047766508913,0.7499999999999845,0.6153846153846154,1.551860914253612,0.3661412659207428,0.49276856635920185,4,0.4124502990140556,0.15000000000000002,1.0,A,2026-06-15 00:00:00+00:00
NATGAS,MEAN_REVERSION_EXTREME,0.64,0.2,1,19,24,6,0.4381059871491453,0.7499999999999942,0.6666666666666666,1.0774895907723683,0.26215267377897455,0.3810708767600808,2,0.6749005980281111,0.6749005980281111,1.0,A,2026-06-15 00:00:00+00:00
V50,WINNER_ONLY_ADDON,0.68,0.2,1,7,10,6,0.4447245922943248,0.24999999999998823,0.5,1.1130587652755917,0.2629628570504934,0.36188106003159964,2,1.4744863897067793,1.4744863897067793,1.0,A,2026-06-15 00:00:00+00:00
V25,MEAN_REVERSION_EXTREME,0.64,0.2,0,7,10,7,0.44425756137947875,0.15000000000000002,0.8571428571428571,0.953043992064424,0.30017085329338267,0.44461682698412225,2,0.8866287220140845,0.8866287220140845,1.0,A,2026-06-15 00:00:00+00:00
USDJPY,RELATIVE_VALUE_ROTATION,0.72,0.2,-1,0,24,12,3.855762946564269,0.2500000000000847,0.5,6.946057423245308,3.053701321940814,3.1650003090900447,2,2.18825385694246,2.18825385694246,1.0,A,2026-06-15 00:00:00+00:00
AUDUSD,RELATIVE_VALUE_ROTATION,0.76,0.2,1,0,24,31,1.1251937691855747,0.4999999999998506,0.5161290322580645,1.9653236836475627,0.984000747672817,1.1152509495997793,16,0.4778694032563745,0.0,0.4375,A,2026-06-15 00:00:00+00:00
AUDUSD,RELATIVE_VALUE_ROTATION,0.55,0.2,0,19,24,17,1.1493365974698115,0.5000000000000399,0.5294117647058824,2.041902934952897,0.9512429156328821,1.0725797625555111,6,0.45074912934001005,0.39294222751626484,0.6666666666666666,A,2026-06-15 00:00:00+00:00
USDCHF,RELATIVE_VALUE_ROTATION,0.76,0.2,-1,19,24,9,1.524731521260954,1.3809941934569727,0.5555555555555556,2.1485330169151697,1.2382604523389313,1.350978820865479,11,0.7044165724687469,0.4999999999999408,0.5454545454545454,A,2026-06-15 00:00:00+00:00
USDCHF,RELATIVE_VALUE_ROTATION,0.55,0.2,0,19,24,26,0.9199893206908925,0.250000000000017,0.5,1.5674969592134964,0.7970247424981698,0.9229414798182565,28,0.4006795347969422,0.0,0.42857142857142855,A,2026-06-15 00:00:00+00:00
GBPUSD,RELATIVE_VALUE_ROTATION,0.72,0.2,-1,19,24,7,1.0843888026926887,1.565954831771524,0.5714285714285714,1.309892818363468,0.8863516231761608,0.9965118825811861,2,0.7995260231518572,0.7995260231518572,0.5,A,2026-06-15 00:00:00+00:00
AUDJPY,RELATIVE_VALUE_ROTATION,0.76,0.2,1,0,3,6,0.8866602573373815,0.7972968123916442,0.5,1.3507072802210376,0.6660906821104484,0.7650088850915547,2,0.8291677619473333,0.8291677619473333,0.5,A,2026-06-15 00:00:00+00:00
CADJPY,RELATIVE_VALUE_ROTATION,0.55,0.2,-1,16,19,6,0.858360306800838,0.7291369240752549,0.5,0.8731455727566189,0.7157762318392459,0.8146944348203521,2,1.714745023235845,1.714745023235845,1.0,A,2026-06-15 00:00:00+00:00
CADJPY,RELATIVE_VALUE_ROTATION,0.55,0.2,0,10,13,9,0.5129326323380893,0.0,0.4444444444444444,1.1630545615874621,0.3578586907930943,0.4572437259863086,4,1.0178494086292036,0.5000000000000198,0.75,A,2026-06-15 00:00:00+00:00
SOLUSD,RELATIVE_VALUE_ROTATION,0.72,0.2,1,16,19,16,0.6836327832035384,0.2499999999999891,0.5,1.5086780361692562,0.5327649795866127,0.6494292464677371,4,0.18919495731585045,0.24999999999999598,0.5,A,2026-06-15 00:00:00+00:00
JP225,RELATIVE_VALUE_ROTATION,0.55,0.2,1,13,16,12,0.7728619145237375,0.49999999999999306,0.5833333333333334,1.1382119550065355,0.6414325188001628,0.7627315059493937,2,0.8725993975963452,0.8725993975963452,0.5,A,2026-06-15 00:00:00+00:00
JP225,RELATIVE_VALUE_ROTATION,0.76,0.2,1,10,13,8,0.6645791709041873,0.500000000000021,0.75,0.6181533153751834,0.5771590906812396,0.711103582227964,4,0.6890362207425357,0.9176479049818979,0.5,A,2026-06-15 00:00:00+00:00
US100,RELATIVE_VALUE_ROTATION,0.55,0.2,0,7,10,10,0.5079473722918737,0.0,0.4,0.6910039895752309,0.42054151311903465,0.516499418575002,10,0.35589115809314553,0.24999999999997335,0.5,A,2026-06-15 00:00:00+00:00
GER40,RELATIVE_VALUE_ROTATION,0.76,0.2,1,10,13,7,1.05228392339634,1.349627348403781,0.7142857142857143,1.2074030018628223,0.8697417476728037,0.9970448642206862,3,0.6543353897468263,0.5000000000000333,0.6666666666666666,A,2026-06-15 00:00:00+00:00
UK100,RELATIVE_VALUE_ROTATION,0.55,0.2,0,0,3,11,0.83651380458325,0.4999999999999602,0.5454545454545454,1.3396144297101704,0.674950225416175,0.7901029038664804,9,0.4138402311353284,0.0,0.4444444444444444,A,2026-06-15 00:00:00+00:00
NATGAS,RELATIVE_VALUE_ROTATION,0.72,0.2,-1,19,24,6,0.8536936668926907,0.7963236967903433,0.6666666666666666,0.7711213777161573,0.7277700732155866,0.8466882761966928,2,0.5000000000000224,0.5000000000000224,1.0,A,2026-06-15 00:00:00+00:00
NATGAS,RELATIVE_VALUE_ROTATION,0.72,0.2,1,13,16,8,0.6381693441160354,0.24999999999999423,0.5,1.6756392025986322,0.40119817552013304,0.5051426670668574,5,0.2566223099377193,0.0,0.4,A,2026-06-15 00:00:00+00:00
WTI,RELATIVE_VALUE_ROTATION,0.55,0.2,-1,0,24,22,0.15115873900268734,0.24999999999999015,0.5,0.7660413068597135,0.08583051685049577,0.20854040116907874,15,0.18090824229758418,0.0,0.4,A,2026-06-15 00:00:00+00:00
GER40,INTERMARKET_LEAD_LAG,0.55,0.2,0,16,19,6,0.2646885813392253,0.2500000000000196,0.5,1.0506676788251168,0.09311526784882967,0.19203347082993594,5,0.5567955213862021,0.4999999999999746,0.6,A,2026-06-15 00:00:00+00:00
AUDJPY,ENSEMBLE_CONFLUENCE,0.68,0.2,-1,10,13,9,1.3205571971295997,0.49999999999984324,0.5555555555555556,2.4400708584346815,0.9952144160049755,1.1079327845315232,7,0.41154094676336034,0.0,0.42857142857142855,A,2026-06-15 00:00:00+00:00
BTCUSD,ENSEMBLE_CONFLUENCE,0.76,0.2,1,3,7,6,0.7076691020161837,0.4999999999999257,0.6666666666666666,0.682697852708745,0.5961850095075056,0.7151032124886119,5,0.6322650282343317,0.0,0.4,A,2026-06-15 00:00:00+00:00
CADJPY,ENSEMBLE_CONFLUENCE,0.68,0.2,0,13,16,26,0.3318335520519212,0.0,0.4230769230769231,0.9481282152777617,0.2574562555736257,0.3741422236629431,15,0.4326182068258592,0.49999999999978456,0.5333333333333333,A,2026-06-15 00:00:00+00:00
EURJPY,ENSEMBLE_CONFLUENCE,0.76,0.2,-1,19,24,8,1.2719592233514656,0.8789855072464214,0.875,1.089676022871568,1.117855762337691,1.2668002538844154,7,0.06935817805399482,0.0,0.42857142857142855,A,2026-06-15 00:00:00+00:00
GBPCHF,ENSEMBLE_CONFLUENCE,0.55,0.2,-1,19,24,33,0.6863196419450025,0.0,0.42424242424242425,1.4524397650073544,0.5851847180612726,0.7066210194626867,5,1.509244371524264,1.4028985507219136,0.6,A,2026-06-15 00:00:00+00:00
GBPCHF,ENSEMBLE_CONFLUENCE,0.55,0.2,0,19,24,62,0.4222061665887653,0.0,0.3709677419354839,1.3451390812218822,0.3538730329295259,0.48125185648961455,26,0.47005157313249535,0.0,0.4230769230769231,A,2026-06-15 00:00:00+00:00
JP225,ENSEMBLE_CONFLUENCE,0.76,0.2,-1,0,3,11,0.578253541914362,0.4999999999999932,0.6363636363636364,0.9452338916512648,0.46425404526946396,0.5903158146288603,5,1.1332190535292688,1.6812494344183808,0.6,A,2026-06-15 00:00:00+00:00
NATGAS,ENSEMBLE_CONFLUENCE,0.55,0.2,-1,19,24,22,0.472716273012594,0.0,0.45454545454545453,1.1102451622386562,0.378034247444741,0.49528958630877856,23,0.10796693899865606,0.0,0.43478260869565216,A,2026-06-15 00:00:00+00:00
US30,ENSEMBLE_CONFLUENCE,0.68,0.2,-1,10,13,7,2.555338077180221,1.38617037352954,0.7142857142857143,3.904119559194671,1.965090680477809,2.092393797025691,7,0.3473469893791044,0.0,0.42857142857142855,A,2026-06-15 00:00:00+00:00
US30,ENSEMBLE_CONFLUENCE,0.76,0.2,-1,13,16,7,1.0152686323178166,0.49999999999999756,0.7142857142857143,1.2427187110682123,0.8273872232267754,0.9546903397746578,5,8.171241461241152e-15,0.0,0.4,A,2026-06-15 00:00:00+00:00
US500,ENSEMBLE_CONFLUENCE,0.76,0.2,1,19,24,13,0.7502084765769964,0.0,0.46153846153846156,1.3885698890807592,0.596160478587888,0.7043262405648085,3,1.0421258730266596,1.5812644559893243,0.6666666666666666,A,2026-06-15 00:00:00+00:00
USDCHF,ENSEMBLE_CONFLUENCE,0.55,0.2,1,10,13,22,0.5418172616252882,0.24999999999995606,0.5,0.837267749359859,0.47041482804729956,0.5931247123658826,12,0.348358204223143,0.0,0.4166666666666667,A,2026-06-15 00:00:00+00:00
USDJPY,ENSEMBLE_CONFLUENCE,0.72,0.2,1,13,16,17,0.509897349174864,0.0,0.35294117647058826,1.2118808607511655,0.3923276363621227,0.4924880126965166,8,0.6266603503223126,0.5000000000001132,0.625,A,2026-06-15 00:00:00+00:00
XRPUSD,ENSEMBLE_CONFLUENCE,0.76,0.2,-1,7,10,11,1.2998988671245746,0.0,0.45454545454545453,3.5636577386005355,0.8701055725724145,0.974349160113629,8,0.43815465226966777,0.49999999999997913,0.625,A,2026-06-15 00:00:00+00:00
XRPUSD,ENSEMBLE_CONFLUENCE,0.72,0.2,0,7,10,39,0.652078419612963,0.0,0.4358974358974359,2.1212280354944397,0.5162110879636364,0.6422963693536073,13,0.23117209370440997,0.0,0.46153846153846156,A,2026-06-15 00:00:00+00:00
EURUSD,CLOSE_SESSION_FADE,0.55,0.2,1,0,24,14,0.1945522588140671,0.15000000000000002,0.7857142857142857,0.7016618511162149,0.119541451721311,0.2679881700290695,3,0.9040579710145713,0.15000000000000002,0.6666666666666666,A,2026-06-22 00:00:00+00:00
EURUSD,CLOSE_SESSION_FADE,0.55,0.2,1,19,24,14,0.1945522588140671,0.15000000000000002,0.7857142857142857,0.7016618511162149,0.119541451721311,0.2679881700290695,3,0.9040579710145713,0.15000000000000002,0.6666666666666666,A,2026-06-22 00:00:00+00:00
GBPUSD,CLOSE_SESSION_FADE,0.55,0.2,0,0,24,17,0.19764657844175595,0.15000000000000002,0.7058823529411765,0.7154349964331069,0.12823918882864788,0.27075250633951237,5,0.16734211682056227,0.15000000000000002,0.6,A,2026-06-22 00:00:00+00:00
GBPUSD,CLOSE_SESSION_FADE,0.55,0.2,0,19,24,17,0.19764657844175595,0.15000000000000002,0.7058823529411765,0.7154349964331069,0.12823918882864788,0.27075250633951237,5,0.16734211682056227,0.15000000000000002,0.6,A,2026-06-22 00:00:00+00:00
USDJPY,MEAN_REVERSION_EXTREME,0.6,0.2,0,16,19,7,0.46105590062112917,0.15000000000000002,1.0,0.37758695283079186,0.4039701191643891,0.5655589499979858,5,0.34000000000003805,0.15000000000000002,0.8,A,2026-06-22 00:00:00+00:00
AUDUSD,MEAN_REVERSION_EXTREME,0.72,0.2,1,0,24,14,0.26881523477704217,0.15000000000000002,0.7857142857142857,0.8032163226924298,0.18294779800619837,0.33139451631395683,2,0.7437304528609501,0.7437304528609501,1.0,A,2026-06-22 00:00:00+00:00
AUDUSD,HTF_TREND_BREAKOUT,0.64,0.2,1,0,3,7,0.03901341254838821,0.0,0.42857142857142855,0.7662630770492141,-0.07683467549294583,0.016182726769222305,2,0.1014530010058321,0.1014530010058321,0.5,A,2026-06-22 00:00:00+00:00
AUDUSD,WINNER_ONLY_ADDON,0.55,0.2,0,10,13,19,0.10893570619616061,0.0,0.3684210526315789,1.0896716798114436,0.00894057495539656,0.11306574674226585,2,2.15070118662345,2.15070118662345,0.5,A,2026-06-22 00:00:00+00:00
AUDUSD,CLOSE_SESSION_FADE,0.55,0.2,1,0,24,14,0.6189504902765526,0.15000000000000002,1.0,0.5947279294419406,0.5553714002674894,0.7295324042895336,4,0.06051192145858736,-0.1249999999999627,0.5,A,2026-06-22 00:00:00+00:00
AUDUSD,CLOSE_SESSION_FADE,0.55,0.2,1,19,24,14,0.6189504902765526,0.15000000000000002,1.0,0.5947279294419406,0.5553714002674894,0.7295324042895336,4,0.06051192145858736,-0.1249999999999627,0.5,A,2026-06-22 00:00:00+00:00
USDCAD,COMPRESSION_EXPANSION,0.55,0.2,1,3,7,22,0.3191582833145402,0.0,0.36363636363636365,1.1731699041295693,0.21911001772763342,0.32545626568258,4,0.25970764617673103,0.2499999999996771,0.5,A,2026-06-22 00:00:00+00:00
USDCAD,CLOSE_SESSION_FADE,0.55,0.2,1,0,24,15,0.4140920789036476,0.15000000000000002,0.8,1.0084376279955185,0.30994108853256613,0.4613928629773618,7,0.32669441644175856,0.15000000000000002,0.8571428571428571,A,2026-06-22 00:00:00+00:00
USDCAD,CLOSE_SESSION_FADE,0.55,0.2,1,19,24,15,0.4140920789036476,0.15000000000000002,0.8,1.0084376279955185,0.30994108853256613,0.4613928629773618,7,0.32669441644175856,0.15000000000000002,0.8571428571428571,A,2026-06-22 00:00:00+00:00
USDCHF,WINNER_ONLY_ADDON,0.55,0.2,1,10,13,11,0.8005865394129913,1.270343725020493,0.6363636363636364,1.1437096380763623,0.6626499670998107,0.7887117364592071,2,2.038888888889158,2.038888888889158,1.0,A,2026-06-22 00:00:00+00:00
USDCHF,CLOSE_SESSION_FADE,0.55,0.2,0,0,24,18,0.21107597948226287,0.15000000000000002,0.6111111111111112,1.0889223391614713,0.10841139678805033,0.24063350970471245,7,0.5187085073041544,0.15000000000000002,0.8571428571428571,A,2026-06-22 00:00:00+00:00
USDCHF,CLOSE_SESSION_FADE,0.55,0.2,0,19,24,18,0.21107597948226287,0.15000000000000002,0.6111111111111112,1.0889223391614713,0.10841139678805033,0.24063350970471245,7,0.5187085073041544,0.15000000000000002,0.8571428571428571,A,2026-06-22 00:00:00+00:00
GBPJPY,CLOSE_SESSION_FADE,0.55,0.2,0,0,24,21,0.24113144015781107,0.15000000000000002,0.7619047619047619,0.8611981962649473,0.1659598987722195,0.31920931926795726,8,0.17077887011900855,0.15000000000000002,0.75,A,2026-06-22 00:00:00+00:00
GBPJPY,CLOSE_SESSION_FADE,0.55,0.2,0,19,24,21,0.24113144015781107,0.15000000000000002,0.7619047619047619,0.8611981962649473,0.1659598987722195,0.31920931926795726,8,0.17077887011900855,0.15000000000000002,0.75,A,2026-06-22 00:00:00+00:00
EURGBP,MEAN_REVERSION_EXTREME,0.6,0.2,0,19,24,15,0.805787100727931,0.7499999999999596,0.8,1.5287979612826978,0.6478935262275647,0.7993453006723603,4,0.033421052631602055,-0.12500000000002887,0.5,A,2026-06-22 00:00:00+00:00
EURGBP,CLOSE_SESSION_FADE,0.55,0.2,0,0,24,14,0.6618639802676963,0.44999999999993123,0.8571428571428571,1.0654514779646165,0.5479624261883957,0.7049805730675828,8,0.5403907502220626,0.449999999999917,0.75,A,2026-06-22 00:00:00+00:00
EURGBP,CLOSE_SESSION_FADE,0.55,0.2,0,19,24,14,0.6618639802676963,0.44999999999993123,0.8571428571428571,1.0654514779646165,0.5479624261883957,0.7049805730675828,8,0.5403907502220626,0.449999999999917,0.75,A,2026-06-22 00:00:00+00:00
AUDJPY,MEAN_REVERSION_EXTREME,0.68,0.2,0,19,24,6,0.38841312158642954,0.45000000000000245,0.8333333333333334,0.7419251928794015,0.26725724492839453,0.4061754479095008,3,0.47008164931619456,0.15000000000000002,1.0,A,2026-06-22 00:00:00+00:00
AUDJPY,WINNER_ONLY_ADDON,0.55,0.2,-1,19,24,17,0.21159591879509962,0.5000000000002555,0.6470588235294118,0.9362181401369062,0.12076941807971653,0.25622391206116923,10,0.18467661691539047,0.24999999999997552,0.5,A,2026-06-22 00:00:00+00:00
AUDJPY,CLOSE_SESSION_FADE,0.55,0.2,1,0,24,20,0.3325554983695099,0.15000000000000002,0.75,0.9090586467126429,0.25124682118617253,0.40213726994064103,7,0.4654032673038075,0.15000000000000002,0.8571428571428571,A,2026-06-22 00:00:00+00:00
AUDJPY,CLOSE_SESSION_FADE,0.55,0.2,1,19,24,20,0.3325554983695099,0.15000000000000002,0.75,0.9090586467126429,0.25124682118617253,0.40213726994064103,7,0.4654032673038075,0.15000000000000002,0.8571428571428571,A,2026-06-22 00:00:00+00:00
CADJPY,CLOSE_SESSION_FADE,0.55,0.2,1,0,24,18,0.11807308390879667,0.15000000000000002,0.7222222222222222,0.8410212376546868,0.038780841206459055,0.1843362874564545,8,0.3062500000000543,0.44999999999999835,0.875,A,2026-06-22 00:00:00+00:00
CADJPY,CLOSE_SESSION_FADE,0.55,0.2,1,19,24,18,0.11807308390879667,0.15000000000000002,0.7222222222222222,0.8410212376546868,0.038780841206459055,0.1843362874564545,8,0.3062500000000543,0.44999999999999835,0.875,A,2026-06-22 00:00:00+00:00
GBPCHF,HTF_TREND_BREAKOUT,0.55,0.2,-1,19,24,22,0.1976719954735403,0.0,0.36363636363636365,1.1887382312365558,0.09629605848996632,0.20264230644491293,10,0.1240174233538752,0.0,0.4,A,2026-06-22 00:00:00+00:00
GBPCHF,CLOSE_SESSION_FADE,0.55,0.2,1,0,24,22,0.4945143318250542,0.15000000000000002,0.5909090909090909,1.5744384254222772,0.3602457717619227,0.4938647469895966,8,0.428045574320239,0.15000000000000002,0.75,A,2026-06-22 00:00:00+00:00
GBPCHF,CLOSE_SESSION_FADE,0.55,0.2,1,19,24,22,0.4945143318250542,0.15000000000000002,0.5909090909090909,1.5744384254222772,0.3602457717619227,0.4938647469895966,8,0.428045574320239,0.15000000000000002,0.75,A,2026-06-22 00:00:00+00:00
XAUUSD,WINNER_ONLY_ADDON,0.64,0.2,-1,16,19,22,0.16218666130064152,0.0,0.4090909090909091,0.8002327636927851,0.09394258191242884,0.20574337532192094,6,0.5545014180490438,0.4999999999999498,0.6666666666666666,A,2026-06-22 00:00:00+00:00
XAGUSD,WINNER_ONLY_ADDON,0.55,0.2,-1,19,24,26,0.638485519580343,0.0,0.34615384615384615,3.278033076027723,0.381335448490067,0.4887906473486151,13,0.1748919934915275,0.0,0.46153846153846156,A,2026-06-22 00:00:00+00:00
BTCUSD,SUPPLY_DEMAND_SWEEP_BOS,0.55,0.2,0,3,7,6,0.5053735576057355,0.6658144862546777,0.5,0.9025608412175478,0.3579859894190595,0.4569041924001658,2,0.25000000000000133,0.25000000000000133,0.5,A,2026-06-22 00:00:00+00:00
ETHUSD,COMPRESSION_EXPANSION,0.55,0.2,-1,0,3,14,0.2938951332973842,0.0,0.42857142857142855,1.2537571112213952,0.15986286025675872,0.26545243570737437,2,0.25000000000001044,0.25000000000001044,0.5,A,2026-06-22 00:00:00+00:00
BNBUSD,MEAN_REVERSION_EXTREME,0.55,0.2,0,3,7,16,0.20050998525659658,0.15000000000000002,0.6875,1.0178713290918495,0.09872285234741163,0.23788711922853595,6,0.23019674337763565,0.15000000000000002,0.8333333333333334,A,2026-06-22 00:00:00+00:00
BNBUSD,CLOSE_SESSION_FADE,0.55,0.2,1,0,24,13,0.3674522827388438,0.15000000000000002,0.8461538461538461,0.8229636591221988,0.2761526620985805,0.4304722702293472,2,0.45000000000001644,0.45000000000001644,1.0,A,2026-06-22 00:00:00+00:00
BNBUSD,CLOSE_SESSION_FADE,0.55,0.2,1,19,24,13,0.3674522827388438,0.15000000000000002,0.8461538461538461,0.8229636591221988,0.2761526620985805,0.4304722702293472,2,0.45000000000001644,0.45000000000001644,1.0,A,2026-06-22 00:00:00+00:00
US100,MEAN_REVERSION_EXTREME,0.68,0.2,-1,0,24,6,0.05833333333334186,0.15000000000000002,0.8333333333333334,0.5215495076106156,-0.02683534461637948,0.11208285836472678,5,0.28000000000001035,0.750000000000006,0.8,A,2026-06-22 00:00:00+00:00
US100,CLOSE_SESSION_FADE,0.55,0.2,1,0,24,6,0.416478612366776,0.15000000000000002,0.6666666666666666,1.4978589841141519,0.1718792645185596,0.29079746749966584,3,0.7928379697383257,0.8047262691766197,1.0,A,2026-06-22 00:00:00+00:00
US100,CLOSE_SESSION_FADE,0.55,0.2,1,19,24,6,0.416478612366776,0.15000000000000002,0.6666666666666666,1.4978589841141519,0.1718792645185596,0.29079746749966584,3,0.7928379697383257,0.8047262691766197,1.0,A,2026-06-22 00:00:00+00:00
US500,HTF_PULLBACK_CONTINUATION,0.55,0.2,1,19,24,37,0.09977803377671805,0.0,0.35135135135135137,1.0901459552327037,0.028090477354602905,0.1430043627112928,4,4.2747548176719725,0.3094572127542248,0.5,A,2026-06-22 00:00:00+00:00
US500,SUPPLY_DEMAND_SWEEP_BOS,0.55,0.2,0,10,13,7,1.1384399257335844,1.6698499002222462,0.8571428571428571,0.7149755554514603,1.0303457821213082,1.1747917558120478,2,1.4638071611830594,1.4638071611830594,0.5,A,2026-06-22 00:00:00+00:00
GER40,MEAN_REVERSION_EXTREME,0.6,0.2,1,19,24,9,0.531167431097765,0.15000000000000002,0.5555555555555556,1.4984086583419183,0.3313796099855092,0.4440979785120568,2,0.3901986466717123,0.3901986466717123,0.5,A,2026-06-22 00:00:00+00:00
GER40,BREAKOUT_RETEST,0.55,0.2,1,19,24,8,0.8809039671222297,0.0,0.375,1.531982130985296,0.6642489764269657,0.7531934679736901,3,1.1390886907530031,1.294629156010325,1.0,A,2026-06-22 00:00:00+00:00
GER40,BREAKOUT_RETEST,0.55,0.2,0,19,24,18,0.5021908354309077,0.0,0.3888888888888889,1.2781332796651341,0.3816872741893852,0.48724272043938066,6,0.6915405759382289,0.8973145780051593,0.6666666666666666,A,2026-06-22 00:00:00+00:00
GER40,CLOSE_SESSION_FADE,0.55,0.2,-1,0,24,6,0.5859938560830215,0.5917820236286531,1.0,0.37610944832449883,0.5245754403607081,0.6834936433418144,2,0.4445454010420074,0.4445454010420074,1.0,A,2026-06-22 00:00:00+00:00
GER40,CLOSE_SESSION_FADE,0.55,0.2,-1,13,16,6,0.5859938560830215,0.5917820236286531,1.0,0.37610944832449883,0.5245754403607081,0.6834936433418144,2,0.4445454010420074,0.4445454010420074,1.0,A,2026-06-22 00:00:00+00:00
GER40,DAY_OPEN_DRIVE_CONTINUATION,0.68,0.2,0,0,24,11,0.10822379528511289,0.0,0.36363636363636365,1.03302195433432,-0.016363340086763087,0.07697115654536055,5,0.22452738324978055,0.0,0.4,A,2026-06-22 00:00:00+00:00
UK100,BREAKOUT_RETEST,0.55,0.2,1,16,19,8,0.9335697635363984,1.0287585048242442,0.625,1.173059881182024,0.7676740441920594,0.8866185357387838,2,0.26759664153355456,0.26759664153355456,0.5,A,2026-06-22 00:00:00+00:00
UK100,BREAKOUT_RETEST,0.55,0.2,0,16,19,11,0.5880507371173737,0.0,0.45454545454545453,1.1746231713795217,0.44638585240743905,0.5506294399486535,5,0.15862941664368746,0.0,0.4,A,2026-06-22 00:00:00+00:00
BRENT,MEAN_REVERSION_EXTREME,0.68,0.2,1,0,24,9,0.33434317851371204,0.15000000000000002,0.8888888888888888,0.5883043570613568,0.2559025975721978,0.40862096609874543,7,0.007841413245144282,0.15000000000000002,0.7142857142857143,A,2026-06-22 00:00:00+00:00
BRENT,SESSION_OPEN_RANGE_BREAKOUT,0.55,0.2,-1,7,10,13,0.49451487065879546,0.4999999999999829,0.5384615384615384,0.8441932039003184,0.40086004348769316,0.518256574695383,5,0.020378721813883692,0.0,0.4,A,2026-06-22 00:00:00+00:00
NATGAS,BREAKOUT_RETEST,0.55,0.2,1,7,10,10,0.5109956516178491,0.0,0.4,1.1689815266829928,0.3631298849386829,0.4590877903946503,2,0.8212377223710706,0.8212377223710706,0.5,A,2026-06-22 00:00:00+00:00
NATGAS,WINNER_ONLY_ADDON,0.64,0.2,-1,19,24,14,0.17492103270528916,0.5000000000000041,0.5714285714285714,0.9439342559112945,0.07401021609787604,0.19674264869134883,15,0.36481429536127835,0.0,0.4,A,2026-06-22 00:00:00+00:00
V50,MEAN_REVERSION_EXTREME,0.6,0.2,1,13,16,7,0.5666196303487409,0.15000000000000002,1.0,0.6928424718352284,0.46187169445049586,0.6234605252840926,4,0.26393911439113543,0.4499999999999923,0.75,A,2026-06-22 00:00:00+00:00
V10,HTF_TREND_BREAKOUT,0.6,0.2,-1,10,13,28,0.1136336014077837,0.0,0.39285714285714285,0.84376516182606,0.049850950461157284,0.1643397242037439,11,0.5109878703298977,0.0,0.45454545454545453,A,2026-06-22 00:00:00+00:00
AUDUSD,RELATIVE_VALUE_ROTATION,0.55,0.2,1,19,24,6,2.3751511405520884,0.7093051605037287,0.5,2.9024325609249737,1.9011858880783794,2.0001040910594856,3,0.5732956391760134,0.5000000000003579,0.6666666666666666,A,2026-06-22 00:00:00+00:00
AUDUSD,RELATIVE_VALUE_ROTATION,0.76,0.2,1,0,24,36,1.10408966546046,0.4999999999999363,0.5277777777777778,1.8513551784324198,0.9806659868982986,1.1162176784845166,22,0.3567488275646346,0.0,0.4090909090909091,A,2026-06-22 00:00:00+00:00
GBPJPY,RELATIVE_VALUE_ROTATION,0.72,0.2,0,19,24,7,0.583894012165951,0.0,0.42857142857142855,1.0241097783131254,0.42906316710046427,0.5220805693626325,7,0.5512643509183277,0.0,0.42857142857142855,A,2026-06-22 00:00:00+00:00
USDCHF,RELATIVE_VALUE_ROTATION,0.76,0.2,-1,19,24,14,1.1273776944012812,0.6452349582784922,0.5,2.0002640211260387,0.9135404758257272,1.0277014798477713,8,0.7497528993029154,0.9050724637680947,0.625,A,2026-06-22 00:00:00+00:00
USDCHF,RELATIVE_VALUE_ROTATION,0.55,0.2,0,19,24,37,0.7090013528753657,0.0,0.4864864864864865,1.4687553146186527,0.6124165983462985,0.7435466999192045,24,0.5324965092290583,0.0,0.4583333333333333,A,2026-06-22 00:00:00+00:00
GBPCHF,RELATIVE_VALUE_ROTATION,0.76,0.2,0,16,19,7,1.3398448840810282,1.4099748247944162,0.8571428571428571,0.5709808780797716,1.2535206894083215,1.397966663099061,2,0.7130434782613263,0.7130434782613263,0.5,A,2026-06-22 00:00:00+00:00
CADJPY,RELATIVE_VALUE_ROTATION,0.55,0.2,-1,16,19,6,0.858360306800838,0.7291369240752549,0.5,0.8731455727566189,0.7157762318392459,0.8146944348203521,3,1.3098300154905496,1.2618879749312144,1.0,A,2026-06-22 00:00:00+00:00
CADJPY,RELATIVE_VALUE_ROTATION,0.55,0.2,0,10,13,11,0.7443446659599622,0.49999999999995337,0.5454545454545454,1.2838545236570682,0.5895059844919274,0.7046586629422328,4,0.7465707287202041,0.5000000000000275,0.75,A,2026-06-22 00:00:00+00:00
EURJPY,RELATIVE_VALUE_ROTATION,0.55,0.2,1,0,24,13,0.5738180351033384,0.49999999999976097,0.6153846153846154,0.633444865178723,0.5035436369008381,0.6301709373392972,5,1.1912705248121749,0.0,0.4,A,2026-06-22 00:00:00+00:00
ETHUSD,RELATIVE_VALUE_ROTATION,0.55,0.2,-1,0,3,8,0.5582194638330685,0.2499999999999946,0.5,1.2534585742303546,0.3809536522781275,0.48489814382485186,5,0.5281182541690509,0.5000000000000209,0.6,A,2026-06-22 00:00:00+00:00
JP225,RELATIVE_VALUE_ROTATION,0.76,0.2,1,10,13,8,0.6645791709041873,0.500000000000021,0.75,0.6181533153751834,0.5771590906812396,0.711103582227964,6,0.581083023201292,0.8651766281187583,0.5,A,2026-06-22 00:00:00+00:00
JP225,RELATIVE_VALUE_ROTATION,0.55,0.2,1,13,16,13,0.7134109980219117,0.49999999999998324,0.5384615384615384,1.1127818793805806,0.5899589326522542,0.707355463859944,6,0.2601999368168601,0.24999999999999037,0.5,A,2026-06-22 00:00:00+00:00
US100,RELATIVE_VALUE_ROTATION,0.76,0.2,1,13,16,6,0.7985308972204178,0.8903602078993912,0.5,1.5484952385024722,0.5456626836563914,0.6445808866374977,4,0.4938487654527328,0.2499999999999875,0.5,A,2026-06-22 00:00:00+00:00
NATGAS,RELATIVE_VALUE_ROTATION,0.72,0.2,-1,19,24,6,0.8536936668926907,0.7963236967903433,0.6666666666666666,0.7711213777161573,0.7277700732155866,0.8466882761966928,5,0.7523970400250223,0.5000000000000335,0.8,A,2026-06-22 00:00:00+00:00
CADJPY,INTERMARKET_LEAD_LAG,0.55,0.2,0,19,24,7,0.9161771442363597,0.49999999999990324,0.5714285714285714,1.7008138033822302,0.659038267083486,0.7691985264885113,3,0.6375806615935904,0.4291360813101504,0.6666666666666666,A,2026-06-22 00:00:00+00:00
GER40,INTERMARKET_LEAD_LAG,0.55,0.2,0,16,19,9,0.25779424846641485,0.0,0.4444444444444444,0.8807511533548912,0.14036076135242936,0.23974579654564362,3,2.081353428122427,1.551960858768653,1.0,A,2026-06-22 00:00:00+00:00
JP225,INTERMARKET_LEAD_LAG,0.55,0.2,0,0,24,20,0.09613788869546025,0.0,0.35,0.9331172761685467,0.012677342275767653,0.11556779103023611,5,0.8836494052436554,0.0,0.4,A,2026-06-22 00:00:00+00:00
AUDJPY,ENSEMBLE_CONFLUENCE,0.68,0.2,-1,10,13,12,1.1045945343611567,0.24999999999992162,0.5,2.25935595581272,0.843706580504425,0.9550055676536559,4,0.37766674729401045,0.24999999999996556,0.5,A,2026-06-22 00:00:00+00:00
AUDJPY,ENSEMBLE_CONFLUENCE,0.68,0.2,0,10,13,33,0.484441185633225,0.0,0.36363636363636365,1.6561658227466383,0.3691205999141552,0.4832841740428421,11,0.5336999003064636,0.0,0.45454545454545453,A,2026-06-22 00:00:00+00:00
BNBUSD,ENSEMBLE_CONFLUENCE,0.76,0.2,1,16,19,15,0.5990314996021143,0.4999999999999966,0.6,0.9936332963865434,0.49640949402498735,0.623861268469783,5,0.5307940922075292,0.0,0.4,A,2026-06-22 00:00:00+00:00
BRENT,ENSEMBLE_CONFLUENCE,0.76,0.2,-1,7,10,10,0.7589613413088404,0.5000000000000017,0.7,0.9314536352740957,0.6411407404164444,0.7730986458724118,4,1.1642398328822727,1.2775328612298327,1.0,A,2026-06-22 00:00:00+00:00
CADJPY,ENSEMBLE_CONFLUENCE,0.68,0.2,-1,13,16,18,0.5645344564727808,0.4999999999998862,0.5555555555555556,1.0259358460121835,0.4678082973024378,0.5933637435524333,11,0.4809969761189924,0.0,0.45454545454545453,A,2026-06-22 00:00:00+00:00
CADJPY,ENSEMBLE_CONFLUENCE,0.68,0.2,0,13,16,33,0.4115517533519596,0.0,0.48484848484848486,1.016777290720031,0.3407524703929483,0.4694614990670897,14,0.4243123332125957,0.0,0.42857142857142855,A,2026-06-22 00:00:00+00:00
GBPCHF,ENSEMBLE_CONFLUENCE,0.55,0.2,-1,19,24,37,0.7234690526342401,0.0,0.43243243243243246,1.4251027806194012,0.6297548710582888,0.7543984861447084,12,0.7524534006345028,0.24999999999980635,0.5,A,2026-06-22 00:00:00+00:00
GBPCHF,ENSEMBLE_CONFLUENCE,0.76,0.2,0,19,24,28,0.5681277785088794,0.0,0.39285714285714285,1.470053775352109,0.4570021584096425,0.571490932152229,12,0.7844754742070906,0.20122170319803528,0.5,A,2026-06-22 00:00:00+00:00
GBPUSD,ENSEMBLE_CONFLUENCE,0.76,0.2,0,16,19,10,0.5077928563866136,0.24999999999992387,0.5,0.8744788995799192,0.3971790528494054,0.5051369583053729,4,0.2500000000000192,0.24999999999996295,0.5,A,2026-06-22 00:00:00+00:00
GBPUSD,ENSEMBLE_CONFLUENCE,0.76,0.2,-1,16,19,9,0.5086587293184306,0.0,0.4444444444444444,0.9217776293584405,0.3857550454039718,0.48514008059718605,4,0.2500000000000192,0.24999999999996295,0.5,A,2026-06-22 00:00:00+00:00
GER40,ENSEMBLE_CONFLUENCE,0.76,0.2,1,19,24,17,0.8248133126510989,0.0,0.47058823529411764,1.3056763199842776,0.6981441037060886,0.8124221270993061,5,0.9484290334632789,0.500000000000087,0.8,A,2026-06-22 00:00:00+00:00
GER40,ENSEMBLE_CONFLUENCE,0.68,0.2,1,3,7,16,0.662639840896713,0.0,0.375,1.087963630918318,0.5538434778048812,0.6555077446860056,9,0.4575538299638507,0.4999999999999559,0.6666666666666666,A,2026-06-22 00:00:00+00:00
JP225,ENSEMBLE_CONFLUENCE,0.76,0.2,-1,0,3,12,0.6809660312242701,0.8683488732520048,0.6666666666666666,0.9669849675641103,0.569308224959178,0.7006072121084087,7,0.9566259497513175,1.318709724051125,0.5714285714285714,A,2026-06-22 00:00:00+00:00
JP225,ENSEMBLE_CONFLUENCE,0.76,0.2,1,19,24,30,0.42971763591149165,0.0,0.36666666666666664,1.0785396234937743,0.35095223845140244,0.4636319825411054,10,0.7454455684293612,0.0,0.4,A,2026-06-22 00:00:00+00:00
NZDUSD,ENSEMBLE_CONFLUENCE,0.72,0.2,1,3,7,16,0.6283080239722239,0.25000000000001527,0.5,1.073507624418325,0.5209572615303913,0.6376215284115156,5,0.47410174209676337,0.0,0.4,A,2026-06-22 00:00:00+00:00
US100,ENSEMBLE_CONFLUENCE,0.76,0.2,0,10,13,19,0.6183043925739163,0.49999999999999,0.5263157894736842,1.1298095717796053,0.514625955756395,0.6376984959643169,7,0.5915209763223824,0.0,0.42857142857142855,A,2026-06-22 00:00:00+00:00
US100,ENSEMBLE_CONFLUENCE,0.76,0.2,1,10,13,15,0.6376146213524936,0.0,0.4666666666666667,1.170030632990439,0.5167743771891737,0.6282261516339694,4,0.16789984931863883,0.15113047105255994,0.5,A,2026-06-22 00:00:00+00:00
US30,ENSEMBLE_CONFLUENCE,0.76,0.2,-1,13,16,8,0.8883600532780895,0.4999999999999811,0.625,1.2099779264603705,0.7172433339008564,0.8361878254475807,5,8.171241461241152e-15,0.0,0.4,A,2026-06-22 00:00:00+00:00
USDCAD,ENSEMBLE_CONFLUENCE,0.72,0.2,0,13,16,33,0.43218324232007266,0.0,0.36363636363636365,0.6918099203012924,0.3840117826028938,0.4981753567315807,17,0.36929510971240365,0.0,0.4117647058823529,A,2026-06-22 00:00:00+00:00
USDCHF,ENSEMBLE_CONFLUENCE,0.76,0.2,0,19,24,52,0.5422308988500846,0.0,0.36538461538461536,1.5541431236738432,0.4560225492836874,0.5792745414008836,28,0.6240523315249977,0.0,0.4642857142857143,A,2026-06-22 00:00:00+00:00
USDJPY,ENSEMBLE_CONFLUENCE,0.55,0.2,-1,3,7,11,2.473649172710688,0.0,0.45454545454545453,6.933411118170575,1.6374483292106776,1.741691916751892,7,0.7653431873575869,0.4999999999999975,0.5714285714285714,A,2026-06-22 00:00:00+00:00
USDJPY,ENSEMBLE_CONFLUENCE,0.72,0.2,0,3,7,32,0.898507009694599,0.0,0.34375,4.2991629949411125,0.5945102789796862,0.7056904302090159,15,0.548760679252228,0.0,0.4,A,2026-06-22 00:00:00+00:00
V25,ENSEMBLE_CONFLUENCE,0.76,0.2,-1,19,24,16,0.20027379904723291,0.0,0.375,0.6853990406906516,0.13173389497816773,0.23339816185929205,11,0.4843176440455315,0.49999999999994876,0.5454545454545454,A,2026-06-22 00:00:00+00:00
V75,ENSEMBLE_CONFLUENCE,0.76,0.2,-1,13,16,12,0.36300591423155676,0.0,0.4166666666666667,0.8958059056644592,0.25956715807615033,0.3608661452253811,2,0.24999999999998862,0.24999999999998862,0.5,A,2026-06-22 00:00:00+00:00
V75,ENSEMBLE_CONFLUENCE,0.76,0.2,-1,7,10,27,0.18636099425315247,0.0,0.4074074074074074,0.8308461290864032,0.12240242941539334,0.23793540850778633,3,0.3860348666820899,0.5000000000000115,0.6666666666666666,A,2026-06-22 00:00:00+00:00
XRPUSD,ENSEMBLE_CONFLUENCE,0.76,0.2,-1,7,10,16,0.8936804711481414,0.0,0.4375,3.0311372908617833,0.5905667420619631,0.6997310089430875,4,0.8763093045393497,0.974497991967899,0.75,A,2026-06-22 00:00:00+00:00
EURUSD,HTF_TREND_BREAKOUT,0.64,0.2,-1,3,7,20,0.032531834983691846,0.0,0.35,0.9323915828717768,-0.05086380345430502,0.05202664530016343,15,0.4383277307148191,0.4999999999994982,0.5333333333333333,A,2026-06-29 00:00:00+00:00
GBPUSD,BREAKOUT_RETEST,0.55,0.2,1,10,13,8,0.13762650714433527,0.0,0.375,1.1205910674198127,-0.020849001397588968,0.06809549014913542,2,0.2499999999999531,0.2499999999999531,0.5,A,2026-06-29 00:00:00+00:00
GBPUSD,CLOSE_SESSION_FADE,0.55,0.2,0,0,24,21,0.13085976545796058,0.15000000000000002,0.6666666666666666,0.7734026431172497,0.06335164822436602,0.20517249729153236,4,0.1871618357489031,0.15000000000000002,0.75,A,2026-06-29 00:00:00+00:00
GBPUSD,CLOSE_SESSION_FADE,0.55,0.2,0,19,24,21,0.13085976545796058,0.15000000000000002,0.6666666666666666,0.7734026431172497,0.06335164822436602,0.20517249729153236,4,0.1871618357489031,0.15000000000000002,0.75,A,2026-06-29 00:00:00+00:00
USDJPY,MEAN_REVERSION_EXTREME,0.6,0.2,0,16,19,9,0.26415458937201053,0.15000000000000002,0.8888888888888888,0.5657357382050959,0.18872315761133107,0.3414415261378787,4,0.675,0.15000000000000002,1.0,A,2026-06-29 00:00:00+00:00
USDJPY,CLOSE_SESSION_FADE,0.55,0.2,0,0,24,19,0.05468055570611112,0.15000000000000002,0.7894736842105263,0.6145324931078914,-0.0017128134513500134,0.15293867412499296,8,0.1460210370953734,0.15000000000000002,0.625,A,2026-06-29 00:00:00+00:00
USDJPY,CLOSE_SESSION_FADE,0.55,0.2,0,19,24,19,0.05468055570611112,0.15000000000000002,0.7894736842105263,0.6145324931078914,-0.0017128134513500134,0.15293867412499296,8,0.1460210370953734,0.15000000000000002,0.625,A,2026-06-29 00:00:00+00:00
AUDUSD,MEAN_REVERSION_EXTREME,0.72,0.2,1,0,24,15,0.26089421912523936,0.15000000000000002,0.8,0.776546473270573,0.18069284423102516,0.3321446186758208,3,0.5458203019073,0.15000000000000002,1.0,A,2026-06-29 00:00:00+00:00
AUDUSD,HTF_TREND_BREAKOUT,0.64,0.2,1,0,3,7,0.03901341254838821,0.0,0.42857142857142855,0.7662630770492141,-0.07683467549294583,0.016182726769222305,2,0.1014530010058321,0.1014530010058321,0.5,A,2026-06-29 00:00:00+00:00
AUDUSD,CLOSE_SESSION_FADE,0.55,0.2,1,0,24,18,0.4948530305392269,0.15000000000000002,0.8888888888888888,0.7708613211639626,0.42217552819929904,0.5877309744492946,2,0.07772089761590156,0.07772089761590156,0.5,A,2026-06-29 00:00:00+00:00
AUDUSD,CLOSE_SESSION_FADE,0.55,0.2,1,19,24,18,0.4948530305392269,0.15000000000000002,0.8888888888888888,0.7708613211639626,0.42217552819929904,0.5877309744492946,2,0.07772089761590156,0.07772089761590156,0.5,A,2026-06-29 00:00:00+00:00
USDCAD,FAILED_BREAK_REVERSAL,0.55,0.2,1,0,3,21,0.04763777837091324,0.0,0.38095238095238093,0.9011621528925211,-0.031022103134979072,0.07651303164647297,7,0.4522677322833221,0.49999999999976463,0.5714285714285714,A,2026-06-29 00:00:00+00:00
USDCAD,CLOSE_SESSION_FADE,0.55,0.2,1,0,24,18,0.40341006575303534,0.15000000000000002,0.8333333333333334,0.9280944106011533,0.315908485577381,0.47479726516070986,7,0.4799087021559962,0.15000000000000002,0.8571428571428571,A,2026-06-29 00:00:00+00:00
USDCAD,CLOSE_SESSION_FADE,0.55,0.2,1,19,24,18,0.40341006575303534,0.15000000000000002,0.8333333333333334,0.9280944106011533,0.315908485577381,0.47479726516070986,7,0.4799087021559962,0.15000000000000002,0.8571428571428571,A,2026-06-29 00:00:00+00:00
USDCHF,COMPRESSION_EXPANSION,0.55,0.2,1,3,7,17,0.029158934248709672,0.0,0.35294117647058826,1.1783080859944168,-0.08515374100009876,0.015006635334295117,2,0.24999999999991857,0.24999999999991857,0.5,A,2026-06-29 00:00:00+00:00
USDCHF,CLOSE_SESSION_FADE,0.55,0.2,0,0,24,21,0.30108782591814964,0.15000000000000002,0.6666666666666666,1.0961101347121398,0.20541148949288063,0.347232338560047,6,0.2345804729214452,0.15000000000000002,0.8333333333333334,A,2026-06-29 00:00:00+00:00
USDCHF,CLOSE_SESSION_FADE,0.55,0.2,0,19,24,21,0.30108782591814964,0.15000000000000002,0.6666666666666666,1.0961101347121398,0.20541148949288063,0.347232338560047,6,0.2345804729214452,0.15000000000000002,0.8333333333333334,A,2026-06-29 00:00:00+00:00
NZDUSD,CLOSE_SESSION_FADE,0.55,0.2,0,0,24,22,0.614156385543296,0.7499999999998257,0.7727272727272727,1.2117596510007393,0.5108171752856231,0.6662543323314789,8,1.021064247805625,0.7500000000000117,0.875,A,2026-06-29 00:00:00+00:00
NZDUSD,CLOSE_SESSION_FADE,0.55,0.2,0,19,24,22,0.614156385543296,0.7499999999998257,0.7727272727272727,1.2117596510007393,0.5108171752856231,0.6662543323314789,8,1.021064247805625,0.7500000000000117,0.875,A,2026-06-29 00:00:00+00:00
GBPJPY,CLOSE_SESSION_FADE,0.55,0.2,1,0,24,24,0.20682334347140907,0.15000000000000002,0.75,0.8503508910204334,0.13739248396070614,0.2917700004580701,5,0.5232461921905033,0.15000000000000002,1.0,A,2026-06-29 00:00:00+00:00
GBPJPY,CLOSE_SESSION_FADE,0.55,0.2,1,19,24,24,0.20682334347140907,0.15000000000000002,0.75,0.8503508910204334,0.13739248396070614,0.2917700004580701,5,0.5232461921905033,0.15000000000000002,1.0,A,2026-06-29 00:00:00+00:00
EURGBP,MEAN_REVERSION_EXTREME,0.6,0.2,1,19,24,13,0.8605235777630005,0.749999999999995,0.7692307692307693,1.631097556609482,0.6795695508202462,0.8246583897202436,3,0.350000000000033,0.15000000000000002,1.0,A,2026-06-29 00:00:00+00:00
EURGBP,MEAN_REVERSION_EXTREME,0.6,0.2,0,19,24,19,0.6431837221813355,0.7499999999999596,0.7368421052631579,1.4763896603964621,0.50770091521383,0.6560366133164888,4,0.3000000000000248,0.15000000000000002,1.0,A,2026-06-29 00:00:00+00:00
EURGBP,CLOSE_SESSION_FADE,0.55,0.2,0,0,24,17,0.6421232778674996,0.749999999999834,0.8823529411764706,0.9750876810098079,0.5475258777959227,0.7112156658950224,10,0.6074675611587559,0.4500000000000465,0.8,A,2026-06-29 00:00:00+00:00
EURGBP,CLOSE_SESSION_FADE,0.55,0.2,0,19,24,17,0.6421232778674996,0.749999999999834,0.8823529411764706,0.9750876810098079,0.5475258777959227,0.7112156658950224,10,0.6074675611587559,0.4500000000000465,0.8,A,2026-06-29 00:00:00+00:00
AUDJPY,SESSION_OPEN_RANGE_BREAKOUT,0.55,0.2,-1,7,10,14,0.23226226050898188,0.0,0.35714285714285715,1.2672195981745114,0.09679078707542857,0.19380893395461563,6,0.16666666666664914,0.4999999999999275,0.6666666666666666,A,2026-06-29 00:00:00+00:00
AUDJPY,MEAN_REVERSION_EXTREME,0.68,0.2,0,19,24,6,0.38841312158642954,0.45000000000000245,0.8333333333333334,0.7419251928794015,0.26725724492839453,0.4061754479095008,4,0.1025612369871069,0.15000000000000002,0.75,A,2026-06-29 00:00:00+00:00
AUDJPY,BREAKOUT_RETEST,0.55,0.2,1,13,16,14,0.048920515212519215,0.0,0.35714285714285715,0.8277076594316513,-0.03956515558753244,0.057452991291654626,2,0.24999999999996997,0.24999999999996997,0.5,A,2026-06-29 00:00:00+00:00
AUDJPY,CLOSE_SESSION_FADE,0.55,0.2,1,0,24,24,0.4420388682715459,0.15000000000000002,0.7916666666666666,0.9467896363906629,0.3647338181744678,0.5241113346718318,8,0.34528466371757494,0.15000000000000002,0.75,A,2026-06-29 00:00:00+00:00
AUDJPY,CLOSE_SESSION_FADE,0.55,0.2,1,19,24,24,0.4420388682715459,0.15000000000000002,0.7916666666666666,0.9467896363906629,0.3647338181744678,0.5241113346718318,8,0.34528466371757494,0.15000000000000002,0.75,A,2026-06-29 00:00:00+00:00
CADJPY,MEAN_REVERSION_EXTREME,0.72,0.2,-1,0,24,14,0.2842346783604523,0.15000000000000002,0.7857142857142857,0.9280351768794665,0.18502354479596322,0.3334702631037217,3,0.11063378758383835,0.15000000000000002,0.6666666666666666,A,2026-06-29 00:00:00+00:00
CADJPY,CLOSE_SESSION_FADE,0.55,0.2,1,0,24,23,0.10110067436341579,0.15000000000000002,0.7391304347826086,0.7906396032089154,0.03515677292604574,0.1874135017069177,8,0.4196861604409496,0.7500000000000389,0.75,A,2026-06-29 00:00:00+00:00
CADJPY,CLOSE_SESSION_FADE,0.55,0.2,1,19,24,23,0.10110067436341579,0.15000000000000002,0.7391304347826086,0.7906396032089154,0.03515677292604574,0.1874135017069177,8,0.4196861604409496,0.7500000000000389,0.75,A,2026-06-29 00:00:00+00:00
GBPCHF,MEAN_REVERSION_EXTREME,0.76,0.2,1,19,24,8,0.6276600168376201,0.7499999999999223,0.625,1.454792772892612,0.4219212498509107,0.5408657413976351,2,1.3719906974080356,1.3719906974080356,1.0,A,2026-06-29 00:00:00+00:00
GBPCHF,MEAN_REVERSION_EXTREME,0.76,0.2,0,19,24,9,0.57458668163344,0.7499999999998741,0.6666666666666666,1.3797819545124053,0.3906157543651192,0.5166674562250001,2,1.3719906974080356,1.3719906974080356,1.0,A,2026-06-29 00:00:00+00:00
GBPCHF,CLOSE_SESSION_FADE,0.55,0.2,1,0,24,26,0.4675718577119517,0.15000000000000002,0.6153846153846154,1.508773362322257,0.34921393746471807,0.4889768286309585,7,0.8058275698598075,1.281213310311662,0.8571428571428571,A,2026-06-29 00:00:00+00:00
GBPCHF,CLOSE_SESSION_FADE,0.55,0.2,1,19,24,26,0.4675718577119517,0.15000000000000002,0.6153846153846154,1.508773362322257,0.34921393746471807,0.4889768286309585,7,0.8058275698598075,1.281213310311662,0.8571428571428571,A,2026-06-29 00:00:00+00:00
XAGUSD,CLOSE_SESSION_FADE,0.55,0.2,0,0,24,13,0.08285464711443646,0.15000000000000002,0.6153846153846154,0.9950271368225682,-0.027533702494544843,0.09909359794391419,2,0.4499999999999859,0.4499999999999859,1.0,A,2026-06-29 00:00:00+00:00
XAGUSD,CLOSE_SESSION_FADE,0.55,0.2,0,19,24,13,0.08285464711443646,0.15000000000000002,0.6153846153846154,0.9950271368225682,-0.027533702494544843,0.09909359794391419,2,0.4499999999999859,0.4499999999999859,1.0,A,2026-06-29 00:00:00+00:00
BTCUSD,HTF_TREND_BREAKOUT,0.76,0.2,1,10,13,12,0.42094557441630065,0.24999999999995948,0.5,0.9704003801531593,0.3088933902756723,0.42019237742490306,6,0.4343231256656303,-0.249999999999944,0.5,A,2026-06-29 00:00:00+00:00
BTCUSD,BREAKOUT_RETEST,0.55,0.2,-1,3,7,14,0.03353957332372117,0.0,0.35714285714285715,1.0100939901564931,-0.07444401637927905,0.02257413049990801,5,0.12077644732744446,0.0,0.4,A,2026-06-29 00:00:00+00:00
BTCUSD,SUPPLY_DEMAND_SWEEP_BOS,0.55,0.2,0,3,7,6,0.5053735576057355,0.6658144862546777,0.5,0.9025608412175478,0.3579859894190595,0.4569041924001658,2,0.25000000000000133,0.25000000000000133,0.5,A,2026-06-29 00:00:00+00:00
ETHUSD,COMPRESSION_EXPANSION,0.55,0.2,-1,0,3,14,0.2938951332973842,0.0,0.42857142857142855,1.2537571112213952,0.15986286025675872,0.26545243570737437,5,0.08466701825066529,0.0,0.4,A,2026-06-29 00:00:00+00:00
ETHUSD,HTF_TREND_BREAKOUT,0.72,0.2,1,10,13,7,0.5700786727627394,0.0,0.42857142857142855,1.0198340228941256,0.41589426115471606,0.5089116634168842,6,1.2037237056125116,0.4999999999999978,0.6666666666666666,A,2026-06-29 00:00:00+00:00
BNBUSD,MEAN_REVERSION_EXTREME,0.55,0.2,-1,3,7,8,0.4979850346013445,0.45000000000001067,0.75,1.1116960354319867,0.3407674735469129,0.47471196509363733,2,0.15000000000000002,0.15000000000000002,1.0,A,2026-06-29 00:00:00+00:00
BNBUSD,WINNER_ONLY_ADDON,0.72,0.2,-1,0,3,6,0.56375964064753,0.24999999999999314,0.5,1.3561433044170428,0.34230236638662126,0.4412205693677275,5,0.6966622399291568,0.5000000000000115,0.6,A,2026-06-29 00:00:00+00:00
BNBUSD,CLOSE_SESSION_FADE,0.55,0.2,1,0,24,14,0.3519199768289264,0.15000000000000002,0.8571428571428571,0.7950025765887001,0.26693062645185706,0.42394877333104414,3,0.5500000000000275,0.7500000000000329,1.0,A,2026-06-29 00:00:00+00:00
BNBUSD,CLOSE_SESSION_FADE,0.55,0.2,1,19,24,14,0.3519199768289264,0.15000000000000002,0.8571428571428571,0.7950025765887001,0.26693062645185706,0.42394877333104414,3,0.5500000000000275,0.7500000000000329,1.0,A,2026-06-29 00:00:00+00:00
XRPUSD,WINNER_ONLY_ADDON,0.68,0.2,-1,3,7,6,1.0345809472801617,0.9372162485065101,1.0,0.5689431671653066,0.9416729171336288,1.1005911201147351,4,0.9762183235867539,0.9762183235867629,0.5,A,2026-06-29 00:00:00+00:00
XRPUSD,MEAN_REVERSION_EXTREME,0.68,0.2,1,19,24,7,0.07142857142857549,0.15000000000000002,0.8571428571428571,0.4839252767415532,-0.0017340534512107625,0.14271192023952878,8,0.03580927653583245,0.15000000000000002,0.75,A,2026-06-29 00:00:00+00:00
XRPUSD,CLOSE_SESSION_FADE,0.55,0.2,1,0,24,10,0.029016588303668232,0.15000000000000002,0.7,0.8289314968572649,-0.07583587386919832,0.05612203158676908,4,0.20722639669610327,0.15000000000000002,0.75,A,2026-06-29 00:00:00+00:00
XRPUSD,CLOSE_SESSION_FADE,0.55,0.2,1,19,24,10,0.029016588303668232,0.15000000000000002,0.7,0.8289314968572649,-0.07583587386919832,0.05612203158676908,4,0.20722639669610327,0.15000000000000002,0.75,A,2026-06-29 00:00:00+00:00
US100,SUPPLY_DEMAND_SWEEP_BOS,0.55,0.2,1,0,24,15,0.20455647323152557,0.0,0.4,0.9403479712747226,0.10743775236787408,0.2108895268126697,5,0.5870046626009624,0.0,0.4,A,2026-06-29 00:00:00+00:00
US100,SUPPLY_DEMAND_SWEEP_BOS,0.55,0.2,0,0,24,23,0.08992813471620734,0.0,0.34782608695652173,0.8393958042081023,0.01991768500563952,0.12521789204738104,12,0.7296168690450701,0.5000000000000335,0.5833333333333334,A,2026-06-29 00:00:00+00:00
US100,MEAN_REVERSION_EXTREME,0.64,0.2,0,13,16,9,0.1611111111111135,0.15000000000000002,0.7777777777777778,0.6736211339460582,0.07129495991830574,0.21067999511152,2,0.450000000000003,0.450000000000003,1.0,A,2026-06-29 00:00:00+00:00
US100,CLOSE_SESSION_FADE,0.55,0.2,1,0,24,7,0.3784102391715223,0.15000000000000002,0.7142857142857143,1.3898795251662057,0.1682802062612183,0.29558332280910077,2,1.1142569546074883,1.1142569546074883,1.0,A,2026-06-29 00:00:00+00:00
US100,CLOSE_SESSION_FADE,0.55,0.2,1,19,24,7,0.3784102391715223,0.15000000000000002,0.7142857142857143,1.3898795251662057,0.1682802062612183,0.29558332280910077,2,1.1142569546074883,1.1142569546074883,1.0,A,2026-06-29 00:00:00+00:00
US500,HTF_PULLBACK_CONTINUATION,0.55,0.2,-1,16,19,20,0.2634894488746595,0.0,0.45,0.7506340397507623,0.19635069931034016,0.3112411480648086,19,0.20231474431761162,0.0,0.42105263157894735,A,2026-06-29 00:00:00+00:00
US30,WINNER_ONLY_ADDON,0.55,0.2,1,7,10,17,0.23731645143769042,0.0,0.35294117647058826,1.2487212344404222,0.11617269740123079,0.21633307373562466,2,0.2499999999999252,0.2499999999999252,0.5,A,2026-06-29 00:00:00+00:00
GER40,WINNER_ONLY_ADDON,0.72,0.2,0,19,24,13,0.8762289955467712,0.0,0.38461538461538464,2.1832408820610514,0.6340201664095297,0.7329551591556811,2,0.5000000000000216,0.5000000000000216,0.5,A,2026-06-29 00:00:00+00:00
GER40,MEAN_REVERSION_EXTREME,0.6,0.2,1,19,24,9,0.531167431097765,0.15000000000000002,0.5555555555555556,1.4984086583419183,0.3313796099855092,0.4440979785120568,3,0.5101324311144797,0.7500000000000144,0.6666666666666666,A,2026-06-29 00:00:00+00:00
GER40,BREAKOUT_RETEST,0.55,0.2,1,19,24,9,0.838581304108648,0.0,0.4444444444444444,1.4493186506153848,0.6453388173599299,0.7447238525531442,2,1.4586330361295077,1.4586330361295077,1.0,A,2026-06-29 00:00:00+00:00
GER40,BREAKOUT_RETEST,0.55,0.2,0,19,24,19,0.502075528302965,0.0,0.42105263157894735,1.2440436783184285,0.3879142509315828,0.49835521219213635,9,0.23880482840326323,0.0,0.4444444444444444,A,2026-06-29 00:00:00+00:00
GER40,CLOSE_SESSION_FADE,0.55,0.2,-1,0,24,7,0.6094233052140213,0.620422013534996,1.0,0.35290738249781256,0.5560687240752807,0.7176575549088775,2,0.1445454010419973,0.1445454010419973,1.0,A,2026-06-29 00:00:00+00:00
GER40,CLOSE_SESSION_FADE,0.55,0.2,-1,13,16,7,0.6094233052140213,0.620422013534996,1.0,0.35290738249781256,0.5560687240752807,0.7176575549088775,2,0.1445454010419973,0.1445454010419973,1.0,A,2026-06-29 00:00:00+00:00
UK100,MEAN_REVERSION_EXTREME,0.55,0.2,1,13,16,13,0.03468131545849569,0.15000000000000002,0.6923076923076923,0.7790205887504652,-0.05174325923017964,0.08411481043904862,2,0.8361476741198082,0.8361476741198082,1.0,A,2026-06-29 00:00:00+00:00
BRENT,SESSION_OPEN_RANGE_BREAKOUT,0.55,0.2,-1,7,10,16,0.37054333241027104,0.24999999999999145,0.5,0.847675306997206,0.28577580171055045,0.40244006859167475,5,0.02037872181388911,0.0,0.4,A,2026-06-29 00:00:00+00:00
NATGAS,BREAKOUT_RETEST,0.55,0.2,1,7,10,11,0.46454150147077194,0.0,0.36363636363636365,1.1242191950823872,0.3289555650270033,0.42229006165912697,4,0.5133873487366173,0.7055369751021499,0.5,A,2026-06-29 00:00:00+00:00
NATGAS,MEAN_REVERSION_EXTREME,0.6,0.2,-1,19,24,6,0.7948876955944506,0.15000000000000002,0.6666666666666666,1.89850702526813,0.4848627965947113,0.6037809995758175,3,0.5500000000000088,0.7500000000000132,1.0,A,2026-06-29 00:00:00+00:00
V75,MEAN_REVERSION_EXTREME,0.6,0.2,1,13,16,7,0.21519520513686616,0.15000000000000002,0.8571428571428571,0.6170807425767055,0.12190136606800732,0.26634733975874686,3,0.15000000000000002,0.15000000000000002,1.0,A,2026-06-29 00:00:00+00:00
V50,MEAN_REVERSION_EXTREME,0.6,0.2,1,13,16,7,0.5666196303487409,0.15000000000000002,1.0,0.6928424718352284,0.46187169445049586,0.6234605252840926,6,0.2259594095940903,0.15000000000000002,0.8333333333333334,A,2026-06-29 00:00:00+00:00
V100,CLOSE_SESSION_FADE,0.55,0.2,1,0,24,9,0.032004137055051146,0.15000000000000002,0.7777777777777778,0.6710215246151778,-0.0574653995603059,0.08191963563290836,4,0.1330369335267312,-0.12499999999999262,0.5,A,2026-06-29 00:00:00+00:00
V100,CLOSE_SESSION_FADE,0.55,0.2,1,19,24,9,0.032004137055051146,0.15000000000000002,0.7777777777777778,0.6710215246151778,-0.0574653995603059,0.08191963563290836,4,0.1330369335267312,-0.12499999999999262,0.5,A,2026-06-29 00:00:00+00:00
V10,HTF_TREND_BREAKOUT,0.6,0.2,-1,10,13,35,0.25150306894419033,0.0,0.4,0.983138404060779,0.18503078052987265,0.30470115929899483,4,3.952393967665557e-14,0.24999999999997163,0.5,A,2026-06-29 00:00:00+00:00
V10,MEAN_REVERSION_EXTREME,0.6,0.2,0,16,19,6,0.23022985263920445,0.15000000000000002,0.8333333333333334,0.8108921880718519,0.09781171282687048,0.23672991580797675,3,0.4922699099424448,1.1953164773212346,0.6666666666666666,A,2026-06-29 00:00:00+00:00
USDJPY,RELATIVE_VALUE_ROTATION,0.72,0.2,-1,0,24,14,3.6175473623325822,0.500000000000203,0.5714285714285714,6.457858601222773,2.92717323838953,3.049905670983003,3,5.0254596582305995,0.5000000000002076,0.6666666666666666,A,2026-06-29 00:00:00+00:00
USDJPY,RELATIVE_VALUE_ROTATION,0.72,0.2,0,3,7,14,3.1487501811088623,0.9837631929686119,0.6428571428571429,6.304583348455252,2.4747618709294454,2.6060657320943466,4,0.17843249427891064,0.2500000000001038,0.5,A,2026-06-29 00:00:00+00:00
AUDUSD,RELATIVE_VALUE_ROTATION,0.55,0.2,1,19,24,7,2.035843834758933,0.0,0.42857142857142855,2.8127293666579094,1.6105991256443593,1.7036165279065274,4,1.354540774549767,1.3822461962838641,1.0,A,2026-06-29 00:00:00+00:00
USDCHF,RELATIVE_VALUE_ROTATION,0.76,0.2,-1,19,24,20,1.07355829942524,0.8952349582784627,0.55,1.8054288969607797,0.9120758297393693,1.0389662784938376,5,0.9484057971015467,0.0,0.4,A,2026-06-29 00:00:00+00:00
NZDUSD,RELATIVE_VALUE_ROTATION,0.76,0.2,-1,19,24,23,0.9664877842171632,0.5000000000001966,0.5217391304347826,1.483255026873917,0.842775763086833,0.9689455353459657,9,0.7947171741771615,0.0,0.4444444444444444,A,2026-06-29 00:00:00+00:00
CADJPY,RELATIVE_VALUE_ROTATION,0.55,0.2,-1,16,19,8,1.0724564859095898,1.360080911540862,0.625,0.8721059521039051,0.9491220793804254,1.0680665709271497,2,1.2470064148255762,1.2470064148255762,1.0,A,2026-06-29 00:00:00+00:00
EURJPY,RELATIVE_VALUE_ROTATION,0.55,0.2,1,0,24,15,0.4973089637562266,0.4999999999996732,0.5333333333333333,0.6211285894091244,0.43315907888596406,0.5526108533307597,5,1.29127052481223,0.5000000000002758,0.6,A,2026-06-29 00:00:00+00:00
EURJPY,RELATIVE_VALUE_ROTATION,0.76,0.2,0,0,24,8,0.530244970982475,0.4999999999999599,0.625,1.0846234128614087,0.37685605692887536,0.49580054847559973,4,1.0527572247937518,0.9988992345931511,0.75,A,2026-06-29 00:00:00+00:00
ETHUSD,RELATIVE_VALUE_ROTATION,0.55,0.2,-1,0,3,10,0.6177012815558619,0.2499999999999946,0.5,1.1905877155254991,0.46710252414477427,0.5750604296007417,5,1.451670620577412,0.5000000000000209,0.6,A,2026-06-29 00:00:00+00:00
SOLUSD,RELATIVE_VALUE_ROTATION,0.76,0.2,-1,13,16,6,0.727981267195149,1.0029265916939785,0.6666666666666666,0.9997723461369542,0.5647191267297662,0.6836373297108724,3,0.5849993806515568,0.5000000000000038,0.6666666666666666,A,2026-06-29 00:00:00+00:00
US100,RELATIVE_VALUE_ROTATION,0.55,0.2,1,7,10,9,0.6416047488697466,0.49999999999998374,0.5555555555555556,0.703501558044135,0.5478045411305286,0.6605229096570762,3,0.33333333333331544,0.49999999999997186,0.6666666666666666,A,2026-06-29 00:00:00+00:00
NATGAS,RELATIVE_VALUE_ROTATION,0.72,0.2,-1,19,24,8,0.7652702501695237,0.5000000000000224,0.75,0.685147601800623,0.6683757471001395,0.8023202386468639,6,0.934482569730187,1.2596247863647279,0.8333333333333334,A,2026-06-29 00:00:00+00:00
CADJPY,INTERMARKET_LEAD_LAG,0.55,0.2,0,19,24,10,0.832598199443529,0.4645680406550268,0.6,1.6292727063523524,0.6265096921787241,0.7464675976346915,2,1.088636363636398,1.088636363636398,0.5,A,2026-06-29 00:00:00+00:00
JP225,INTERMARKET_LEAD_LAG,0.55,0.2,0,0,24,20,0.09613788869546025,0.0,0.35,0.9331172761685467,0.012677342275767653,0.11556779103023611,7,0.7314105364775416,0.0,0.42857142857142855,A,2026-06-29 00:00:00+00:00
AUDUSD,ENSEMBLE_CONFLUENCE,0.76,0.2,1,13,16,10,0.7304822496032323,0.4999999999999363,0.6,1.0028160129452637,0.603634942603395,0.7235928480593624,2,1.217391304347865,1.217391304347865,0.5,A,2026-06-29 00:00:00+00:00
BRENT,ENSEMBLE_CONFLUENCE,0.76,0.2,-1,7,10,12,0.7857992324425217,0.5000000000000083,0.75,0.8694852925230027,0.6853997189036065,0.8266987060528372,5,0.8633963910614432,0.5000000000000079,1.0,A,2026-06-29 00:00:00+00:00
ETHUSD,ENSEMBLE_CONFLUENCE,0.72,0.2,1,16,19,8,0.5990440390858285,0.2500000000000049,0.5,0.7767753460857773,0.4891914161506724,0.5931359076973968,6,0.998707044135414,1.0009843517504284,0.5,A,2026-06-29 00:00:00+00:00
ETHUSD,ENSEMBLE_CONFLUENCE,0.76,0.2,0,3,7,34,0.40420752654076486,0.0,0.4411764705882353,1.2378393254399354,0.3192924493620823,0.44334058706245877,7,0.3948879208982906,0.5000000000000088,0.5714285714285714,A,2026-06-29 00:00:00+00:00
GBPCHF,ENSEMBLE_CONFLUENCE,0.76,0.2,0,19,24,35,0.5916046441991721,0.0,0.4,1.4548382763698577,0.4932396234619012,0.6129100022310234,16,0.6598016769850199,0.06763285024149121,0.5,A,2026-06-29 00:00:00+00:00
GBPUSD,ENSEMBLE_CONFLUENCE,0.76,0.2,0,16,19,11,0.4616298694423761,0.0,0.45454545454545453,0.8464656900152318,0.3595422661082013,0.4637858536494158,3,0.33333333333335896,0.4999999999999259,0.6666666666666666,A,2026-06-29 00:00:00+00:00
GBPUSD,ENSEMBLE_CONFLUENCE,0.76,0.2,-1,16,19,10,0.4577928563865875,0.0,0.4,0.8876894904464993,0.34550803059437885,0.44146593605034623,3,0.33333333333335896,0.4999999999999259,0.6666666666666666,A,2026-06-29 00:00:00+00:00
GER40,ENSEMBLE_CONFLUENCE,0.76,0.2,1,19,24,17,0.8248133126510989,0.0,0.47058823529411764,1.3056763199842776,0.6981441037060886,0.8124221270993061,6,1.3507024091473578,1.1677836802012675,0.8333333333333334,A,2026-06-29 00:00:00+00:00
GER40,ENSEMBLE_CONFLUENCE,0.68,0.2,1,3,7,16,0.662639840896713,0.0,0.375,1.087963630918318,0.5538434778048812,0.6555077446860056,10,0.41179844696746565,0.49999999999989664,0.6,A,2026-06-29 00:00:00+00:00
NZDUSD,ENSEMBLE_CONFLUENCE,0.76,0.2,-1,13,16,15,0.616465530157461,0.0,0.4,1.042911543778111,0.5087540890742586,0.6122058635190543,6,0.5735785506704612,0.2499999999999872,0.5,A,2026-06-29 00:00:00+00:00
UK100,ENSEMBLE_CONFLUENCE,0.55,0.2,1,19,24,38,1.7618187929930322,0.4999999999998257,0.5263157894736842,5.935057141780179,1.3767014313802872,1.5131305590397222,21,0.6296967251794695,0.0,0.42857142857142855,A,2026-06-29 00:00:00+00:00
US100,ENSEMBLE_CONFLUENCE,0.72,0.2,-1,10,13,12,0.9015082221489004,0.4999999999999917,0.5833333333333334,1.2383539144199787,0.75851542898042,0.8798144161296507,2,0.2500000000000156,0.2500000000000156,0.5,A,2026-06-29 00:00:00+00:00
US100,ENSEMBLE_CONFLUENCE,0.76,0.2,0,10,13,23,0.6181230824298471,0.0,0.4782608695652174,1.246964463793059,0.5141190566227255,0.6350714375775106,5,0.43431987945492656,0.5000000000000312,0.6,A,2026-06-29 00:00:00+00:00
US30,ENSEMBLE_CONFLUENCE,0.76,0.2,-1,10,13,10,1.6254860290692843,0.2499999999999941,0.5,3.4883188549324258,1.1842447176094062,1.2922026230653736,2,0.25000000000003914,0.25000000000003914,0.5,A,2026-06-29 00:00:00+00:00
US30,ENSEMBLE_CONFLUENCE,0.76,0.2,0,10,13,21,0.7785010998278061,0.0,0.38095238095238093,2.6118941619391194,0.5505162864125821,0.6580514211940341,7,0.45084411505721356,0.0,0.42857142857142855,A,2026-06-29 00:00:00+00:00
USDCHF,ENSEMBLE_CONFLUENCE,0.76,0.2,0,19,24,69,0.5361375564133659,0.0,0.37681159420289856,1.4287301660861542,0.46733799646390417,0.5975252926092393,22,0.818354493089603,0.24999999999994646,0.5,A,2026-06-29 00:00:00+00:00
USDJPY,ENSEMBLE_CONFLUENCE,0.68,0.2,-1,3,7,6,4.422236647554095,0.25000000000006756,0.5,8.880366516364806,2.9720788679547097,3.070997070935816,4,1.0893505778757437,0.6787011557514877,0.5,A,2026-06-29 00:00:00+00:00
V100,ENSEMBLE_CONFLUENCE,0.76,0.2,1,13,16,10,0.8210667264758262,0.8685057787561983,0.6,1.0287047900550692,0.6909447194158523,0.8109026248718197,5,0.7142818708821651,0.5000000000000066,0.6,A,2026-06-29 00:00:00+00:00
V100,ENSEMBLE_CONFLUENCE,0.72,0.2,-1,16,19,41,0.3966165044944916,0.0,0.43902439024390244,0.8778406265808113,0.34177823529778106,0.4692145544927167,16,0.0872163772341195,0.0,0.4375,A,2026-06-29 00:00:00+00:00
V75,ENSEMBLE_CONFLUENCE,0.76,0.2,-1,13,16,12,0.36300591423155676,0.0,0.4166666666666667,0.8958059056644592,0.25956715807615033,0.3608661452253811,4,0.43787417024096176,0.24999999999998862,0.5,A,2026-06-29 00:00:00+00:00
V75,ENSEMBLE_CONFLUENCE,0.76,0.2,-1,7,10,28,0.1975623873155403,0.0,0.42857142857142855,0.8179481966661859,0.13573131549518375,0.2545058035234847,2,0.32905230002312913,0.32905230002312913,0.5,A,2026-06-29 00:00:00+00:00
XRPUSD,ENSEMBLE_CONFLUENCE,0.76,0.2,-1,7,10,19,0.9370591977119823,0.49999999999994804,0.5263157894736842,2.7897489629494157,0.6810542754521107,0.8041268156600326,8,0.5492015770230192,0.24999999999996672,0.5,A,2026-06-29 00:00:00+00:00
EURUSD,HTF_TREND_BREAKOUT,0.68,0.2,-1,3,7,24,0.2969032220518386,0.0,0.4583333333333333,1.0696687272827738,0.2095651361966689,0.3289426526940329,9,0.011097259016888548,0.0,0.4444444444444444,A,2026-07-06 00:00:00+00:00
EURUSD,HTF_TREND_BREAKOUT,0.76,0.2,0,3,7,29,0.2893486886789346,0.0,0.41379310344827586,1.30515716098923,0.1924040485252962,0.3100831685723324,14,0.007133952225162895,0.0,0.42857142857142855,A,2026-07-06 00:00:00+00:00
GBPUSD,BREAKOUT_RETEST,0.55,0.2,1,10,13,8,0.13762650714433527,0.0,0.375,1.1205910674198127,-0.020849001397588968,0.06809549014913542,2,0.2499999999999531,0.2499999999999531,0.5,A,2026-07-06 00:00:00+00:00
GBPUSD,VOLATILITY_REVERSAL,0.55,0.2,1,0,24,8,0.04712276214827035,0.0,0.375,0.7397901102907802,-0.05749935858000056,0.03144513296672383,2,0.11997649823758849,0.11997649823758849,0.5,A,2026-07-06 00:00:00+00:00
AUDUSD,MEAN_REVERSION_EXTREME,0.6,0.2,0,16,19,8,0.9253405079521422,0.15000000000000002,0.625,2.8015777858063124,0.529137577879095,0.6480820694258194,3,0.15000000000000002,0.15000000000000002,1.0,A,2026-07-06 00:00:00+00:00
AUDUSD,CLOSE_SESSION_FADE,0.55,0.2,1,0,24,18,0.4948530305392269,0.15000000000000002,0.8888888888888888,0.7708613211639626,0.42217552819929904,0.5877309744492946,4,0.26970493041318866,0.07772089761590778,0.5,A,2026-07-06 00:00:00+00:00
AUDUSD,CLOSE_SESSION_FADE,0.55,0.2,1,19,24,18,0.4948530305392269,0.15000000000000002,0.8888888888888888,0.7708613211639626,0.42217552819929904,0.5877309744492946,4,0.26970493041318866,0.07772089761590778,0.5,A,2026-07-06 00:00:00+00:00
USDCAD,FAILED_BREAK_REVERSAL,0.55,0.2,1,0,3,23,0.021756232425618856,0.0,0.391304347826087,0.8929854077506323,-0.052723899197837584,0.057793699148251776,9,0.32875671842634485,0.0,0.4444444444444444,A,2026-07-06 00:00:00+00:00
USDCAD,CLOSE_SESSION_FADE,0.55,0.2,1,0,24,22,0.3862837317566829,0.15000000000000002,0.8181818181818182,0.9522098227447287,0.3050790052246729,0.4659707077250741,6,0.42874999999993096,0.15000000000000002,1.0,A,2026-07-06 00:00:00+00:00
USDCAD,CLOSE_SESSION_FADE,0.55,0.2,1,19,24,22,0.3862837317566829,0.15000000000000002,0.8181818181818182,0.9522098227447287,0.3050790052246729,0.4659707077250741,6,0.42874999999993096,0.15000000000000002,1.0,A,2026-07-06 00:00:00+00:00
USDCHF,VOLATILITY_REVERSAL,0.55,0.2,1,0,24,10,0.12629840817289648,0.0,0.4,1.091087701519911,-0.011714482379138691,0.08424342307682872,2,0.25000000000001166,0.25000000000001166,0.5,A,2026-07-06 00:00:00+00:00
NZDUSD,CLOSE_SESSION_FADE,0.55,0.2,0,0,24,26,0.5446707877673984,0.7499999999998257,0.7692307692307693,1.160839657086945,0.4536070329421878,0.6118314625699668,8,1.0898142478056374,0.449999999999973,1.0,A,2026-07-06 00:00:00+00:00
NZDUSD,CLOSE_SESSION_FADE,0.55,0.2,0,19,24,26,0.5446707877673984,0.7499999999998257,0.7692307692307693,1.160839657086945,0.4536070329421878,0.6118314625699668,8,1.0898142478056374,0.449999999999973,1.0,A,2026-07-06 00:00:00+00:00
EURJPY,CLOSE_SESSION_FADE,0.55,0.2,0,0,24,25,0.25002502325112025,0.15000000000000002,0.68,0.9959808283256112,0.17034655698507134,0.317108487745501,9,0.033333333333284684,0.15000000000000002,0.6666666666666666,A,2026-07-06 00:00:00+00:00
EURJPY,CLOSE_SESSION_FADE,0.55,0.2,0,19,24,25,0.25002502325112025,0.15000000000000002,0.68,0.9959808283256112,0.17034655698507134,0.317108487745501,9,0.033333333333284684,0.15000000000000002,0.6666666666666666,A,2026-07-06 00:00:00+00:00
GBPJPY,MEAN_REVERSION_EXTREME,0.64,0.2,0,16,19,7,0.8726488476485555,0.15000000000000002,0.8571428571428571,2.0522702802095565,0.5623747456757939,0.7068207193665335,2,0.4499999999999124,0.4499999999999124,1.0,A,2026-07-06 00:00:00+00:00
GBPJPY,CLOSE_SESSION_FADE,0.55,0.2,1,0,24,27,0.2696293038617161,0.15000000000000002,0.7777777777777778,0.8390636750782995,0.20503815203855702,0.36501557557539444,7,0.06591838749022692,0.15000000000000002,0.7142857142857143,A,2026-07-06 00:00:00+00:00
GBPJPY,CLOSE_SESSION_FADE,0.55,0.2,1,19,24,27,0.2696293038617161,0.15000000000000002,0.7777777777777778,0.8390636750782995,0.20503815203855702,0.36501557557539444,7,0.06591838749022692,0.15000000000000002,0.7142857142857143,A,2026-07-06 00:00:00+00:00
EURGBP,MEAN_REVERSION_EXTREME,0.6,0.2,1,19,24,13,0.8605235777630005,0.749999999999995,0.7692307692307693,1.631097556609482,0.6795695508202462,0.8246583897202436,8,0.43436242699551014,0.15000000000000002,0.75,A,2026-07-06 00:00:00+00:00
EURGBP,MEAN_REVERSION_EXTREME,0.6,0.2,0,19,24,19,0.6431837221813355,0.7499999999999596,0.7368421052631579,1.4763896603964621,0.50770091521383,0.6560366133164888,9,0.40276660177378676,0.15000000000000002,0.7777777777777778,A,2026-07-06 00:00:00+00:00
EURGBP,CLOSE_SESSION_FADE,0.55,0.2,0,0,24,22,0.6176918966147386,0.449999999999917,0.8181818181818182,1.1119106886173287,0.5228678344800687,0.6837595369804699,7,0.614507087115818,0.7499999999999256,1.0,A,2026-07-06 00:00:00+00:00
EURGBP,CLOSE_SESSION_FADE,0.55,0.2,0,19,24,22,0.6176918966147386,0.449999999999917,0.8181818181818182,1.1119106886173287,0.5228678344800687,0.6837595369804699,7,0.614507087115818,0.7499999999999256,1.0,A,2026-07-06 00:00:00+00:00
AUDJPY,CLOSE_SESSION_FADE,0.55,0.2,1,0,24,27,0.36699751253766116,0.15000000000000002,0.7777777777777778,0.9351542106085704,0.29500930784050516,0.4549867313773426,9,0.729431778377005,0.7499999999999695,0.8888888888888888,A,2026-07-06 00:00:00+00:00
AUDJPY,CLOSE_SESSION_FADE,0.55,0.2,1,19,24,27,0.36699751253766116,0.15000000000000002,0.7777777777777778,0.9351542106085704,0.29500930784050516,0.4549867313773426,9,0.729431778377005,0.7499999999999695,0.8888888888888888,A,2026-07-06 00:00:00+00:00
CADJPY,MEAN_REVERSION_EXTREME,0.64,0.2,0,7,10,8,0.42046008283214287,0.4499999999999789,0.75,0.9943780705414413,0.2798337874835332,0.41377827903025766,2,0.15000000000000002,0.15000000000000002,1.0,A,2026-07-06 00:00:00+00:00
CADJPY,WINNER_ONLY_ADDON,0.55,0.2,-1,3,7,18,0.3912655560972628,0.0,0.3888888888888889,0.9160896198248001,0.3048957984502332,0.41045124470022865,4,4.904127157792152,5.279127157792318,0.75,A,2026-07-06 00:00:00+00:00
CADJPY,WINNER_ONLY_ADDON,0.55,0.2,1,13,16,13,0.24943451610116282,0.49999999999988015,0.5384615384615384,0.4988715961716201,0.19408968164364465,0.3114862128513345,2,1.3612837700592717,1.3612837700592717,1.0,A,2026-07-06 00:00:00+00:00
GBPCHF,MEAN_REVERSION_EXTREME,0.76,0.2,1,19,24,8,0.6276600168376201,0.7499999999999223,0.625,1.454792772892612,0.4219212498509107,0.5408657413976351,4,1.0609953487039943,1.0156066551558383,1.0,A,2026-07-06 00:00:00+00:00
GBPCHF,MEAN_REVERSION_EXTREME,0.76,0.2,0,19,24,9,0.57458668163344,0.7499999999998741,0.6666666666666666,1.3797819545124053,0.3906157543651192,0.5166674562250001,4,1.0609953487039943,1.0156066551558383,1.0,A,2026-07-06 00:00:00+00:00
GBPCHF,CLOSE_SESSION_FADE,0.55,0.2,1,0,24,30,0.4767893298237702,0.15000000000000002,0.6333333333333333,1.455802612641333,0.3704725391279551,0.515152283217658,6,1.6573007670828652,1.484591124278282,1.0,A,2026-07-06 00:00:00+00:00
GBPCHF,CLOSE_SESSION_FADE,0.55,0.2,1,19,24,30,0.4767893298237702,0.15000000000000002,0.6333333333333333,1.455802612641333,0.3704725391279551,0.515152283217658,6,1.6573007670828652,1.484591124278282,1.0,A,2026-07-06 00:00:00+00:00
XAUUSD,CLOSE_SESSION_FADE,0.55,0.2,0,0,24,15,0.09106057238170834,0.15000000000000002,0.5333333333333333,1.391065279840716,-0.052608031946570405,0.06684374249822522,3,0.6382003450191479,0.7500000000000002,1.0,A,2026-07-06 00:00:00+00:00
XAUUSD,CLOSE_SESSION_FADE,0.55,0.2,0,19,24,15,0.09106057238170834,0.15000000000000002,0.5333333333333333,1.391065279840716,-0.052608031946570405,0.06684374249822522,3,0.6382003450191479,0.7500000000000002,1.0,A,2026-07-06 00:00:00+00:00
XAGUSD,WINNER_ONLY_ADDON,0.55,0.2,-1,19,24,39,0.48395434421740446,0.0,0.38461538461538464,2.7418586181702187,0.3083348408085387,0.42826627604466355,5,0.2,0.49999999999998457,0.8,A,2026-07-06 00:00:00+00:00
XAGUSD,CLOSE_SESSION_FADE,0.55,0.2,0,0,24,14,0.08765074374911956,0.15000000000000002,0.6428571428571429,0.958988064203477,-0.014869392658165656,0.1164344685067357,3,0.3499999999999906,0.15000000000000002,1.0,A,2026-07-06 00:00:00+00:00
XAGUSD,CLOSE_SESSION_FADE,0.55,0.2,0,19,24,14,0.08765074374911956,0.15000000000000002,0.6428571428571429,0.958988064203477,-0.014869392658165656,0.1164344685067357,3,0.3499999999999906,0.15000000000000002,1.0,A,2026-07-06 00:00:00+00:00
ETHUSD,HTF_TREND_BREAKOUT,0.68,0.2,1,19,24,7,2.002097221250788,0.0,0.42857142857142855,4.692607239154607,1.2926416923762458,1.385659094638414,6,0.3437131955355757,0.2500000000000059,0.5,A,2026-07-06 00:00:00+00:00
ETHUSD,SESSION_OPEN_SWEEP_RECLAIM,0.55,0.2,-1,0,3,19,0.15890428047686553,0.0,0.3684210526315789,0.8909126704386507,0.07714852683555953,0.1812736986224288,2,0.7779716010954687,0.7779716010954687,0.5,A,2026-07-06 00:00:00+00:00
SOLUSD,HTF_TREND_BREAKOUT,0.72,0.2,1,7,10,21,0.09257329860415817,0.0,0.38095238095238093,0.5629549287288933,0.04343456386608914,0.15096969864754117,5,0.2420862564356879,0.0,0.4,A,2026-07-06 00:00:00+00:00
SOLUSD,WINNER_ONLY_ADDON,0.72,0.2,0,13,16,7,0.3641817795777271,0.0,0.42857142857142855,1.4679797643864911,0.14224410036390728,0.23526150262607542,2,1.2022889842632274,1.2022889842632274,0.5,A,2026-07-06 00:00:00+00:00
BNBUSD,MEAN_REVERSION_EXTREME,0.64,0.2,0,3,7,6,0.416491348920135,0.15000000000000002,1.0,0.39407940385435125,0.35213845174791214,0.5110566547290184,4,0.25290804840297865,0.44999999999999835,0.75,A,2026-07-06 00:00:00+00:00
BNBUSD,CLOSE_SESSION_FADE,0.55,0.2,1,0,24,15,0.3784586450403335,0.15000000000000002,0.8666666666666667,0.7744378841520599,0.2984750442938525,0.45792681873864816,4,0.16250000000000436,0.4499999999999869,0.75,A,2026-07-06 00:00:00+00:00
BNBUSD,CLOSE_SESSION_FADE,0.55,0.2,1,19,24,15,0.3784586450403335,0.15000000000000002,0.8666666666666667,0.7744378841520599,0.2984750442938525,0.45792681873864816,4,0.16250000000000436,0.4499999999999869,0.75,A,2026-07-06 00:00:00+00:00
XRPUSD,WINNER_ONLY_ADDON,0.68,0.2,-1,3,7,7,0.7439265262401407,0.5000000000000285,0.8571428571428571,0.8856263036912797,0.6100324145770268,0.7544783882677664,6,0.7641240783117235,0.33993558776173805,0.5,A,2026-07-06 00:00:00+00:00
US100,MEAN_REVERSION_EXTREME,0.55,0.2,1,10,13,9,0.27441178634951513,0.15000000000000002,0.7777777777777778,0.8455739153299568,0.16166859763885422,0.30105363283206843,2,0.7499999999999876,0.7499999999999876,1.0,A,2026-07-06 00:00:00+00:00
US500,HTF_PULLBACK_CONTINUATION,0.55,0.2,-1,16,19,25,0.31283240908170473,0.0,0.4,1.32702369285058,0.20667051365365832,0.319832444414088,14,0.09235420660608518,0.2499999999999857,0.5,A,2026-07-06 00:00:00+00:00
US30,MEAN_REVERSION_EXTREME,0.68,0.2,1,13,16,6,0.4738816417529119,0.7499999999999668,0.8333333333333334,0.7578151412959362,0.3501309473842332,0.48904915036533947,2,0.8066355552544449,0.8066355552544449,1.0,A,2026-07-06 00:00:00+00:00
US30,MEAN_REVERSION_EXTREME,0.76,0.2,1,0,24,8,0.38504352729655356,0.7499999999999668,0.75,0.8758803324929588,0.2611753427738137,0.3951198343205381,2,0.8066355552544449,0.8066355552544449,1.0,A,2026-07-06 00:00:00+00:00
GER40,HTF_TREND_BREAKOUT,0.76,0.2,1,7,10,14,1.0407020175867616,0.0,0.42857142857142855,2.306992245188937,0.7940741725741506,0.8996637480247661,5,0.4303136292788782,0.5000000000000475,0.6,A,2026-07-06 00:00:00+00:00
GER40,MEAN_REVERSION_EXTREME,0.6,0.2,0,16,19,10,0.26398687032358936,0.15000000000000002,0.8,0.832845186959839,0.1586393611595151,0.30259726661548253,2,0.4500000000000048,0.4500000000000048,1.0,A,2026-07-06 00:00:00+00:00
GER40,DAY_OPEN_DRIVE_CONTINUATION,0.72,0.2,0,0,24,15,0.22087324429233798,0.0,0.4,0.966729536093682,0.12102984713026725,0.22448162157506288,5,0.15693007942027815,0.5000000000000416,0.6,A,2026-07-06 00:00:00+00:00
JP225,SESSION_OPEN_RANGE_BREAKOUT,0.55,0.2,1,0,24,17,0.3793200370656766,0.0,0.35294117647058826,1.051854528906213,0.2772751588194502,0.3774355351538441,2,0.1377106832808832,0.1377106832808832,0.5,A,2026-07-06 00:00:00+00:00
JP225,SESSION_OPEN_RANGE_BREAKOUT,0.55,0.2,1,0,3,17,0.3793200370656766,0.0,0.35294117647058826,1.051854528906213,0.2772751588194502,0.3774355351538441,2,0.1377106832808832,0.1377106832808832,0.5,A,2026-07-06 00:00:00+00:00
WTI,MEAN_REVERSION_EXTREME,0.64,0.2,0,3,7,6,0.47440272994166777,0.15000000000000002,1.0,0.5068553837516478,0.39163359237006157,0.5505517953511678,2,0.6309285484860088,0.6309285484860088,1.0,A,2026-07-06 00:00:00+00:00
WTI,MEAN_REVERSION_EXTREME,0.6,0.2,-1,3,7,6,0.3744027299416666,0.15000000000000002,1.0,0.501779758486094,0.2924624385051394,0.4513806414862457,2,0.15000000000000002,0.15000000000000002,1.0,A,2026-07-06 00:00:00+00:00
BRENT,WINNER_ONLY_ADDON,0.68,0.2,-1,0,3,8,0.2891686261871673,0.0,0.375,1.2115599004240198,0.1178281819064628,0.2067726734531872,6,0.6127642811142512,0.24999999999997477,0.5,A,2026-07-06 00:00:00+00:00
NATGAS,MEAN_REVERSION_EXTREME,0.6,0.2,-1,19,24,7,0.7884751676523881,0.15000000000000002,0.7142857142857143,1.7577461466145539,0.5227289292567203,0.6500320458046027,2,0.4500000000000066,0.4500000000000066,1.0,A,2026-07-06 00:00:00+00:00
NATGAS,MEAN_REVERSION_EXTREME,0.6,0.2,0,19,24,18,0.5220979606954347,0.44999999999999224,0.7222222222222222,1.33827306104895,0.3959243664891692,0.5414798127391647,2,0.4500000000000066,0.4500000000000066,1.0,A,2026-07-06 00:00:00+00:00
NATGAS,WINNER_ONLY_ADDON,0.76,0.2,0,19,24,6,0.42201442807853606,0.7700594353640744,0.6666666666666666,1.066492191848564,0.24785698243244225,0.3667751854135485,3,0.4629629629629524,0.38888888888890993,0.6666666666666666,A,2026-07-06 00:00:00+00:00
NATGAS,WINNER_ONLY_ADDON,0.76,0.2,-1,19,24,6,0.42201442807853606,0.7700594353640744,0.6666666666666666,1.066492191848564,0.24785698243244225,0.3667751854135485,3,0.4629629629629524,0.38888888888890993,0.6666666666666666,A,2026-07-06 00:00:00+00:00
V50,MEAN_REVERSION_EXTREME,0.68,0.2,1,13,16,7,0.5303196126170344,0.15000000000000002,1.0,0.45906687086752856,0.4609152254476583,0.6225040562812549,2,0.15000000000000002,0.15000000000000002,1.0,A,2026-07-06 00:00:00+00:00
USDJPY,RELATIVE_VALUE_ROTATION,0.72,0.2,-1,0,24,15,3.3763775381770764,0.5000000000001694,0.5333333333333333,6.3038048491626,2.725323372882455,2.8447751473272507,5,3.5420614414165343,0.5000000000002076,0.8,A,2026-07-06 00:00:00+00:00
USDJPY,RELATIVE_VALUE_ROTATION,0.72,0.2,0,3,7,15,2.9388335023682712,0.5000000000001432,0.6,6.141240098924103,2.304568952283091,2.432020726727887,5,0.8695316419012764,0.5000000000002076,0.8,A,2026-07-06 00:00:00+00:00
AUDUSD,RELATIVE_VALUE_ROTATION,0.76,0.2,1,0,24,58,0.8206155545344571,0.0,0.4827586206896552,1.5850088553207122,0.7373668109971632,0.8768485943580362,13,0.38438698496718665,0.5000000000000668,0.5384615384615384,A,2026-07-06 00:00:00+00:00
GBPJPY,RELATIVE_VALUE_ROTATION,0.55,0.2,-1,19,24,7,0.9726791403363981,1.3619190404796035,0.5714285714285714,0.8567233042126307,0.8431547514598178,0.9533150108648432,2,1.7826280623610145,1.7826280623610145,0.5,A,2026-07-06 00:00:00+00:00
NZDUSD,RELATIVE_VALUE_ROTATION,0.76,0.2,0,10,13,21,0.7574539691498805,0.5000000000000352,0.5238095238095238,1.4031223981001348,0.6349794053673694,0.7596573972916786,8,0.5645124848990785,0.5000000000001146,0.625,A,2026-07-06 00:00:00+00:00
USDCAD,RELATIVE_VALUE_ROTATION,0.76,0.2,1,10,13,12,1.1127743282733595,0.49999999999990713,0.5833333333333334,1.4845547291754613,0.9413527137701226,1.0626517009193532,2,0.24999999999981615,0.24999999999981615,0.5,A,2026-07-06 00:00:00+00:00
EURJPY,RELATIVE_VALUE_ROTATION,0.55,0.2,1,0,24,18,0.7453326155780151,0.4999999999997171,0.5555555555555556,1.0959391359634616,0.6420064829370165,0.7675619291870119,5,0.43160157600072246,0.0,0.4,A,2026-07-06 00:00:00+00:00
EURJPY,RELATIVE_VALUE_ROTATION,0.76,0.2,0,0,24,9,0.6377509152273141,0.5000000000002466,0.6666666666666666,1.0668440269875545,0.49550504496230685,0.6215567468221878,6,0.5328317023735957,0.2500000000001379,0.5,A,2026-07-06 00:00:00+00:00
ETHUSD,RELATIVE_VALUE_ROTATION,0.55,0.2,1,13,16,7,0.500567282347984,0.0,0.42857142857142855,0.9337244339959495,0.35940141689553673,0.4524188191577049,7,1.346996368730461,1.2126107159186268,0.5714285714285714,A,2026-07-06 00:00:00+00:00
XRPUSD,RELATIVE_VALUE_ROTATION,0.76,0.2,1,0,3,6,0.8338246046085688,0.8836341263330953,0.8333333333333334,1.0055875047313447,0.6696128527212115,0.8085310557023178,2,0.7982197877438859,0.7982197877438859,0.5,A,2026-07-06 00:00:00+00:00
SOLUSD,RELATIVE_VALUE_ROTATION,0.76,0.2,-1,13,16,6,0.727981267195149,1.0029265916939785,0.6666666666666666,0.9997723461369542,0.5647191267297662,0.6836373297108724,3,0.5849993806515568,0.5000000000000038,0.6666666666666666,A,2026-07-06 00:00:00+00:00
JP225,RELATIVE_VALUE_ROTATION,0.76,0.2,-1,0,3,32,0.7342115230714015,0.4999999999999809,0.5625,1.2148743494650425,0.6483069339917688,0.7857370852210983,8,0.6556508949156732,0.24999999999999054,0.5,A,2026-07-06 00:00:00+00:00
US30,RELATIVE_VALUE_ROTATION,0.76,0.2,-1,16,19,6,0.6187003147682814,0.8526412027631137,0.6666666666666666,1.2540849332371091,0.41390910273206627,0.5328273057131725,2,1.896523246816201,1.896523246816201,1.0,A,2026-07-06 00:00:00+00:00
US100,RELATIVE_VALUE_ROTATION,0.72,0.2,1,7,10,9,0.6416047488697453,0.49999999999997435,0.5555555555555556,0.7035015580441353,0.5478045411305272,0.6605229096570748,4,0.4606963883602792,0.24999999999998593,0.5,A,2026-07-06 00:00:00+00:00
GER40,RELATIVE_VALUE_ROTATION,0.76,0.2,1,10,13,10,0.9328993633014859,0.9248136742019072,0.7,1.079038418276787,0.7964105999182817,0.9283685053742491,2,1.3467011055814253,1.3467011055814253,1.0,A,2026-07-06 00:00:00+00:00
NATGAS,RELATIVE_VALUE_ROTATION,0.72,0.2,-1,19,24,11,0.807649745589205,0.5000000000000335,0.7272727272727273,0.6816139107051542,0.7254440149093575,0.8624148751778448,7,0.5598380594765218,0.4999999999999722,0.7142857142857143,A,2026-07-06 00:00:00+00:00
CADJPY,INTERMARKET_LEAD_LAG,0.55,0.2,0,19,24,10,0.832598199443529,0.4645680406550268,0.6,1.6292727063523524,0.6265096921787241,0.7464675976346915,2,1.088636363636398,1.088636363636398,0.5,A,2026-07-06 00:00:00+00:00
GER40,INTERMARKET_LEAD_LAG,0.55,0.2,1,16,19,7,0.4743068908853851,0.4999999999999746,0.5714285714285714,0.8455644801733145,0.34646955762777387,0.45662981703279915,2,0.2499999999999671,0.2499999999999671,0.5,A,2026-07-06 00:00:00+00:00
AUDJPY,ENSEMBLE_CONFLUENCE,0.76,0.2,0,13,16,22,0.5191942098630435,0.0,0.4090909090909091,1.051138797089226,0.42955279205160446,0.5413535854610966,2,0.3093821510296888,0.3093821510296888,0.5,A,2026-07-06 00:00:00+00:00
BRENT,ENSEMBLE_CONFLUENCE,0.76,0.2,-1,7,10,14,0.8747551960441067,0.8575441731189184,0.7857142857142857,0.8371538079070958,0.7852596894949204,0.9337064078026789,4,0.5000000000000011,0.5000000000000049,1.0,A,2026-07-06 00:00:00+00:00
BRENT,ENSEMBLE_CONFLUENCE,0.76,0.2,0,7,10,23,0.6546056967148138,0.5000000000000027,0.6086956521739131,0.8765696063799931,0.5814947375729879,0.7180992924408163,5,0.4000000000000009,0.5000000000000018,0.8,A,2026-07-06 00:00:00+00:00
ETHUSD,ENSEMBLE_CONFLUENCE,0.76,0.2,1,3,7,11,0.6322076601043268,0.5000000000000078,0.5454545454545454,1.5396548670025239,0.4465182964500753,0.5616709749003808,9,0.6675671201806055,0.0,0.4444444444444444,A,2026-07-06 00:00:00+00:00
EURJPY,ENSEMBLE_CONFLUENCE,0.76,0.2,1,0,3,15,0.43863351809830864,0.0,0.4666666666666667,1.2347790388464945,0.311106087333016,0.4225578617778116,2,6.081259370315134,6.081259370315134,1.0,A,2026-07-06 00:00:00+00:00
EURUSD,ENSEMBLE_CONFLUENCE,0.76,0.2,1,0,3,7,0.6412455232114631,0.0,0.42857142857142855,1.148272316547898,0.4676430668134188,0.560660469075587,2,0.25000000000006695,0.25000000000006695,0.5,A,2026-07-06 00:00:00+00:00
GBPJPY,ENSEMBLE_CONFLUENCE,0.68,0.2,-1,19,24,41,0.6520117480233023,0.0,0.4878048780487805,1.501436996844899,0.5582177224089027,0.6915077001404237,5,1.1724188138769795,0.49999999999985395,0.6,A,2026-07-06 00:00:00+00:00
GBPUSD,ENSEMBLE_CONFLUENCE,0.76,0.2,1,3,7,13,0.6434532521678922,0.0,0.46153846153846156,0.9913177119723298,0.5334764262973729,0.6416421882742934,7,0.9992534415591293,0.5000000000002042,0.7142857142857143,A,2026-07-06 00:00:00+00:00
GER40,ENSEMBLE_CONFLUENCE,0.76,0.2,1,19,24,22,0.8529077946538671,0.49999999999993827,0.5454545454545454,1.2069352441468333,0.7499800111950917,0.8781444409682202,5,1.283553945025627,1.2852128443178825,0.6,A,2026-07-06 00:00:00+00:00
JP225,ENSEMBLE_CONFLUENCE,0.76,0.2,-1,16,19,8,0.8114521104532669,0.0,0.375,1.2221219827755603,0.6386179621617174,0.7275624537084419,9,0.40186684025516983,0.0,0.4444444444444444,A,2026-07-06 00:00:00+00:00
NZDUSD,ENSEMBLE_CONFLUENCE,0.72,0.2,1,3,7,21,0.5915922425733047,0.0,0.47619047619047616,1.0809757392935146,0.4972369444833355,0.6162006506933589,10,0.6487665384827626,0.2500000000000591,0.5,A,2026-07-06 00:00:00+00:00
NZDUSD,ENSEMBLE_CONFLUENCE,0.76,0.2,-1,13,16,18,0.5302687455213647,0.0,0.3888888888888889,1.0445230390325635,0.43179016898729716,0.5373456152372926,3,1.0478722790000383,0.4999999999999744,0.6666666666666666,A,2026-07-06 00:00:00+00:00
US30,ENSEMBLE_CONFLUENCE,0.68,0.2,-1,10,13,16,1.3011747166197098,0.5000000000000332,0.5625,2.862636193290651,1.0149110972906448,1.1390753641717692,2,0.24999999999996353,0.24999999999996353,0.5,A,2026-07-06 00:00:00+00:00
US500,ENSEMBLE_CONFLUENCE,0.55,0.2,1,19,24,46,0.715984906550273,0.0,0.3695652173913043,2.8059321674972337,0.550500055504776,0.6718508336259337,12,0.27101670370001174,0.0,0.4166666666666667,A,2026-07-06 00:00:00+00:00
V100,ENSEMBLE_CONFLUENCE,0.76,0.2,1,13,16,12,0.7258889387298558,0.5000000000000088,0.5833333333333334,0.968283021970482,0.6140812460525754,0.7353802332018061,9,0.34126770604564416,0.0,0.4444444444444444,A,2026-07-06 00:00:00+00:00
V100,ENSEMBLE_CONFLUENCE,0.72,0.2,-1,16,19,45,0.328028370761648,0.0,0.4222222222222222,0.88759530278585,0.2751024125339501,0.40234190713039875,14,0.3638653622023761,0.24999999999999337,0.5,A,2026-07-06 00:00:00+00:00
XRPUSD,ENSEMBLE_CONFLUENCE,0.76,0.2,-1,7,10,20,0.8902062378263832,0.24999999999997402,0.5,2.7267697206794455,0.646316539649289,0.7672069884037575,7,0.6276589451691648,0.49999999999993344,0.5714285714285714,A,2026-07-06 00:00:00+00:00
EURUSD,MEAN_REVERSION_EXTREME,0.64,0.2,0,16,19,7,2.2108673329848516,0.15000000000000002,0.8571428571428571,4.635710883787312,1.5100137244993275,1.654459698190067,2,0.15000000000000002,0.15000000000000002,1.0,A,2026-07-13 00:00:00+00:00
GBPUSD,BREAKOUT_RETEST,0.55,0.2,1,10,13,10,0.16010120571545886,0.0,0.4,1.0095047897896805,0.032407827932063565,0.12836573338803098,2,0.1799438990181506,0.1799438990181506,0.5,A,2026-07-13 00:00:00+00:00
GBPUSD,WINNER_ONLY_ADDON,0.64,0.2,1,3,7,14,0.4015724669929101,0.0,0.42857142857142855,0.6171173890660927,0.33559984306988744,0.4411894185205031,2,1.4860115095175837,1.4860115095175837,0.5,A,2026-07-13 00:00:00+00:00
USDJPY,MEAN_REVERSION_EXTREME,0.55,0.2,0,16,19,17,0.3929192546583854,0.15000000000000002,0.9411764705882353,0.660173988585633,0.3288729702766472,0.4996215819051587,2,1.415060896187112,1.415060896187112,1.0,A,2026-07-13 00:00:00+00:00
USDJPY,CLOSE_SESSION_FADE,0.55,0.2,0,0,24,27,0.08174440204367031,0.15000000000000002,0.7407407407407407,0.7582428460687269,0.023374840538485313,0.17890781963087826,4,0.8818562390629958,0.7499999999998757,1.0,A,2026-07-13 00:00:00+00:00
USDJPY,CLOSE_SESSION_FADE,0.55,0.2,0,19,24,27,0.08174440204367031,0.15000000000000002,0.7407407407407407,0.7582428460687269,0.023374840538485313,0.17890781963087826,4,0.8818562390629958,0.7499999999998757,1.0,A,2026-07-13 00:00:00+00:00
AUDUSD,CLOSE_SESSION_FADE,0.55,0.2,1,0,24,20,0.45313981724689445,0.15000000000000002,0.85,0.8164634845504806,0.3801131031428455,0.543003551897314,5,0.6268423512163117,0.7499999999999682,0.8,A,2026-07-13 00:00:00+00:00
AUDUSD,CLOSE_SESSION_FADE,0.55,0.2,1,19,24,20,0.45313981724689445,0.15000000000000002,0.85,0.8164634845504806,0.3801131031428455,0.543003551897314,5,0.6268423512163117,0.7499999999999682,0.8,A,2026-07-13 00:00:00+00:00
USDCAD,CLOSE_SESSION_FADE,0.55,0.2,1,0,24,25,0.42482968394586446,0.15000000000000002,0.84,0.9120901366836881,0.3518624730111694,0.5178244037715991,7,0.4882117579083731,0.15000000000000002,1.0,A,2026-07-13 00:00:00+00:00
USDCAD,CLOSE_SESSION_FADE,0.55,0.2,1,19,24,25,0.42482968394586446,0.15000000000000002,0.84,0.9120901366836881,0.3518624730111694,0.5178244037715991,7,0.4882117579083731,0.15000000000000002,1.0,A,2026-07-13 00:00:00+00:00
USDCHF,CLOSE_SESSION_FADE,0.55,0.2,0,0,24,27,0.28630841414110425,0.15000000000000002,0.7037037037037037,1.0185155232501466,0.20790305260479963,0.35899158725274816,5,0.44605405405406395,0.15000000000000002,0.8,A,2026-07-13 00:00:00+00:00
USDCHF,CLOSE_SESSION_FADE,0.55,0.2,0,19,24,27,0.28630841414110425,0.15000000000000002,0.7037037037037037,1.0185155232501466,0.20790305260479963,0.35899158725274816,5,0.44605405405406395,0.15000000000000002,0.8,A,2026-07-13 00:00:00+00:00
NZDUSD,CLOSE_SESSION_FADE,0.55,0.2,0,0,24,30,0.7226651488132503,0.749999999999881,0.8,1.288936723336728,0.6285345196708074,0.7932142637605103,8,0.6364596273291732,0.15000000000000002,1.0,A,2026-07-13 00:00:00+00:00
NZDUSD,CLOSE_SESSION_FADE,0.55,0.2,0,19,24,30,0.7226651488132503,0.749999999999881,0.8,1.288936723336728,0.6285345196708074,0.7932142637605103,8,0.6364596273291732,0.15000000000000002,1.0,A,2026-07-13 00:00:00+00:00
EURJPY,CLOSE_SESSION_FADE,0.55,0.2,0,0,24,29,0.15691812349233855,0.15000000000000002,0.6551724137931034,0.9772089466887469,0.08433286516233554,0.23097750245075105,7,0.1642857142856613,0.7499999999997468,0.7142857142857143,A,2026-07-13 00:00:00+00:00
EURJPY,CLOSE_SESSION_FADE,0.55,0.2,0,19,24,29,0.15691812349233855,0.15000000000000002,0.6551724137931034,0.9772089466887469,0.08433286516233554,0.23097750245075105,7,0.1642857142856613,0.7499999999997468,0.7142857142857143,A,2026-07-13 00:00:00+00:00
GBPJPY,CLOSE_SESSION_FADE,0.55,0.2,1,0,24,29,0.26137900704366673,0.15000000000000002,0.7931034482758621,0.8101809154862125,0.20120027940934443,0.36439664083569095,8,0.00767858905398161,0.15000000000000002,0.625,A,2026-07-13 00:00:00+00:00
GBPJPY,CLOSE_SESSION_FADE,0.55,0.2,1,19,24,29,0.26137900704366673,0.15000000000000002,0.7931034482758621,0.8101809154862125,0.20120027940934443,0.36439664083569095,8,0.00767858905398161,0.15000000000000002,0.625,A,2026-07-13 00:00:00+00:00
EURGBP,MEAN_REVERSION_EXTREME,0.6,0.2,1,19,24,16,0.7648004069324442,0.7499999999998797,0.8125,1.4887395312965384,0.6159264538027904,0.7700907206839148,5,0.4849798831927963,0.15000000000000002,0.6,A,2026-07-13 00:00:00+00:00
EURGBP,MEAN_REVERSION_EXTREME,0.72,0.2,0,19,24,8,0.6352641728797557,0.7500000000000471,0.875,0.8685005288570091,0.5124396501959769,0.6613841417427013,2,2.1374497079818244,2.1374497079818244,1.0,A,2026-07-13 00:00:00+00:00
EURGBP,COMPRESSION_EXPANSION,0.55,0.2,-1,16,19,19,0.0666343790998509,0.0,0.3684210526315789,1.2232708626690416,-0.04562065397282644,0.058504517814042846,7,0.4924483513201955,0.0,0.42857142857142855,A,2026-07-13 00:00:00+00:00
EURGBP,CLOSE_SESSION_FADE,0.55,0.2,0,0,24,27,0.6292878272346314,0.749999999999834,0.8518518518518519,1.0233202947892888,0.550512594212791,0.7193789066385172,4,0.5984627329193323,0.4499999999999628,0.75,A,2026-07-13 00:00:00+00:00
EURGBP,CLOSE_SESSION_FADE,0.55,0.2,0,19,24,27,0.6292878272346314,0.749999999999834,0.8518518518518519,1.0233202947892888,0.550512594212791,0.7193789066385172,4,0.5984627329193323,0.4499999999999628,0.75,A,2026-07-13 00:00:00+00:00
AUDJPY,SESSION_OPEN_SWEEP_RECLAIM,0.55,0.2,0,10,13,23,0.347171199635533,0.0,0.34782608695652173,1.6174106183192078,0.21226982868812472,0.31757003572986625,5,0.06528837622005716,0.0,0.4,A,2026-07-13 00:00:00+00:00
AUDJPY,MEAN_REVERSION_EXTREME,0.68,0.2,1,19,24,9,0.41563596416302534,0.15000000000000002,0.8888888888888888,0.6608724049980852,0.327519643496614,0.48023801202316163,3,0.3499999999999807,0.15000000000000002,1.0,A,2026-07-13 00:00:00+00:00
AUDJPY,CLOSE_SESSION_FADE,0.55,0.2,1,0,24,32,0.41785031713305326,0.15000000000000002,0.78125,0.9643112640982578,0.3496632137312083,0.5133433649605379,8,0.6412499999999748,0.4499999999999687,0.875,A,2026-07-13 00:00:00+00:00
AUDJPY,CLOSE_SESSION_FADE,0.55,0.2,1,19,24,32,0.41785031713305326,0.15000000000000002,0.78125,0.9643112640982578,0.3496632137312083,0.5133433649605379,8,0.6412499999999748,0.4499999999999687,0.875,A,2026-07-13 00:00:00+00:00
CADJPY,WINNER_ONLY_ADDON,0.55,0.2,-1,3,7,18,0.3912655560972628,0.0,0.3888888888888889,0.9160896198248001,0.3048957984502332,0.41045124470022865,6,3.3965729488256184,1.1314645308926665,0.6666666666666666,A,2026-07-13 00:00:00+00:00
CADJPY,WINNER_ONLY_ADDON,0.55,0.2,1,13,16,13,0.24943451610116282,0.49999999999988015,0.5384615384615384,0.4988715961716201,0.19408968164364465,0.3114862128513345,5,0.4445135080237185,0.5000000000001549,0.6,A,2026-07-13 00:00:00+00:00
GBPCHF,MEAN_REVERSION_EXTREME,0.76,0.2,1,19,24,10,0.7765261529517031,1.0156066551558163,0.7,1.3354513178608256,0.6076034382031548,0.7395613436591222,2,0.7499999999999529,0.7499999999999529,1.0,A,2026-07-13 00:00:00+00:00
GBPCHF,MEAN_REVERSION_EXTREME,0.76,0.2,0,19,24,11,0.7195692299560936,0.7499999999999705,0.7272727272727273,1.285978659594114,0.564474368055081,0.7014452283235683,2,0.7499999999999529,0.7499999999999529,1.0,A,2026-07-13 00:00:00+00:00
GBPCHF,CLOSE_SESSION_CONTINUATION,0.76,0.2,0,0,24,34,0.1658933552522539,0.0,0.35294117647058826,1.207591435396705,0.0830532662119554,0.19651316861821425,8,1.2475032956319425,0.500000000000028,0.625,A,2026-07-13 00:00:00+00:00
GBPCHF,CLOSE_SESSION_CONTINUATION,0.76,0.2,0,19,24,34,0.1658933552522539,0.0,0.35294117647058826,1.207591435396705,0.0830532662119554,0.19651316861821425,8,1.2475032956319425,0.500000000000028,0.625,A,2026-07-13 00:00:00+00:00
GBPCHF,CLOSE_SESSION_FADE,0.55,0.2,1,0,24,33,0.5393230693796786,0.15000000000000002,0.6666666666666666,1.4050308749042626,0.44148927688019163,0.5920164873725149,7,1.1042417099140955,1.3798687617175474,0.8571428571428571,A,2026-07-13 00:00:00+00:00
GBPCHF,CLOSE_SESSION_FADE,0.55,0.2,1,19,24,33,0.5393230693796786,0.15000000000000002,0.6666666666666666,1.4050308749042626,0.44148927688019163,0.5920164873725149,7,1.1042417099140955,1.3798687617175474,0.8571428571428571,A,2026-07-13 00:00:00+00:00
XAUUSD,MEAN_REVERSION_EXTREME,0.6,0.2,0,7,10,18,0.30394093085699025,0.15000000000000002,0.7777777777777778,0.8636397916829288,0.22251619043011875,0.37473830334678093,2,0.9192411861882885,0.9192411861882885,1.0,A,2026-07-13 00:00:00+00:00
XAGUSD,WINNER_ONLY_ADDON,0.55,0.2,-1,19,24,43,0.45056324242973894,0.0,0.4186046511627907,2.620796559010826,0.2906961510770346,0.4166125018949347,10,0.09999999999999616,0.0,0.4,A,2026-07-13 00:00:00+00:00
BTCUSD,BREAKOUT_RETEST,0.55,0.2,-1,3,7,19,0.05649664542996415,0.0,0.3684210526315789,1.0491972300837165,-0.03978429557588243,0.06434087621098686,5,0.25005003021233263,0.49999999999999417,0.6,A,2026-07-13 00:00:00+00:00
ETHUSD,SESSION_OPEN_SWEEP_RECLAIM,0.55,0.2,-1,0,3,20,0.15095906645302226,0.0,0.35,0.8690446013424917,0.0732293542897816,0.17611980304425007,4,0.7296837259066766,1.0279716010954716,0.75,A,2026-07-13 00:00:00+00:00
ETHUSD,MEAN_REVERSION_EXTREME,0.72,0.2,0,0,3,6,0.39759461465339657,0.450000000000001,0.8333333333333334,0.7890433054622444,0.26874438243062976,0.40766258541173606,2,0.15000000000000002,0.15000000000000002,1.0,A,2026-07-13 00:00:00+00:00
SOLUSD,MEAN_REVERSION_EXTREME,0.68,0.2,0,0,3,7,0.4071428571428579,0.15000000000000002,1.0,0.296922995583237,0.3622523197228822,0.5238411505564788,2,0.15000000000000002,0.15000000000000002,1.0,A,2026-07-13 00:00:00+00:00
XRPUSD,BREAKOUT_RETEST,0.55,0.2,-1,10,13,17,0.29684919044232394,0.0,0.35294117647058826,1.986005378964414,0.10417836807726252,0.2043387444116564,4,0.3259173159085196,0.2500000000000215,0.5,A,2026-07-13 00:00:00+00:00
US100,WINNER_ONLY_ADDON,0.55,0.2,-1,0,3,22,0.0735349768221694,0.2500000000000057,0.5,0.8555859754222882,0.0005703596766311742,0.12328024399521417,4,0.997713313670411,0.997713313670411,0.5,A,2026-07-13 00:00:00+00:00
US30,MEAN_REVERSION_EXTREME,0.68,0.2,1,13,16,7,0.6152229944323374,0.7499999999999722,0.8571428571428571,0.7823730025020736,0.49693931459740015,0.6413852882881397,2,0.4499999999999912,0.4499999999999912,1.0,A,2026-07-13 00:00:00+00:00
US30,SUPPLY_DEMAND_SWEEP_BOS,0.55,0.2,1,13,16,6,0.6387549755937618,0.25000000000002376,0.5,0.7563357690983041,0.5152458616933403,0.6141640646744465,2,0.2500000000000523,0.2500000000000523,0.5,A,2026-07-13 00:00:00+00:00
GER40,HTF_TREND_BREAKOUT,0.76,0.2,1,7,10,14,1.0407020175867616,0.0,0.42857142857142855,2.306992245188937,0.7940741725741506,0.8996637480247661,8,0.20644601829928902,0.2499999999999902,0.5,A,2026-07-13 00:00:00+00:00
GER40,DAY_OPEN_DRIVE_CONTINUATION,0.68,0.2,1,0,24,8,0.42236262026996607,0.0,0.375,1.1334717970691421,0.26206550147170754,0.35100999301843194,4,5.329070518200751e-15,0.2500000000000208,0.5,A,2026-07-13 00:00:00+00:00
GER40,DAY_OPEN_DRIVE_CONTINUATION,0.72,0.2,0,0,24,18,0.17209717008257547,0.0,0.3888888888888889,1.0382177031059654,0.07421306632068882,0.1797685125706843,4,0.25000000000002554,0.2500000000000208,0.5,A,2026-07-13 00:00:00+00:00
WTI,INTRADAY_SWING_CONTINUATION,0.55,0.2,1,16,19,27,0.08556693213137974,0.0,0.37037037037037035,1.0412108217698435,0.005414485700450333,0.11650302034839885,4,1.6556200854722647e-14,0.24999999999999648,0.5,A,2026-07-13 00:00:00+00:00
NATGAS,SESSION_OPEN_RANGE_BREAKOUT,0.55,0.2,-1,13,16,21,0.02702408034326933,0.0,0.38095238095238093,1.2135558456073734,-0.07890375818152937,0.028631376599922667,4,0.9213077202031118,0.8654795263490985,0.5,A,2026-07-13 00:00:00+00:00
NATGAS,WINNER_ONLY_ADDON,0.76,0.2,0,19,24,8,0.24012193217000924,0.44444444444446396,0.625,1.0357953988428008,0.09363834208129543,0.2125828336280198,4,1.056068869639616,1.0,0.5,A,2026-07-13 00:00:00+00:00
NATGAS,WINNER_ONLY_ADDON,0.76,0.2,-1,19,24,8,0.24012193217000924,0.44444444444446396,0.625,1.0357953988428008,0.09363834208129543,0.2125828336280198,4,1.056068869639616,1.0,0.5,A,2026-07-13 00:00:00+00:00
V75,MEAN_REVERSION_EXTREME,0.68,0.2,0,16,19,6,0.6390502448522142,0.4500000000000052,0.8333333333333334,1.0467226395953786,0.46812115357035994,0.6070393565514662,2,0.12897744018029905,0.12897744018029905,0.5,A,2026-07-13 00:00:00+00:00
V10,MEAN_REVERSION_EXTREME,0.64,0.2,0,0,3,13,0.12343307644852895,0.15000000000000002,0.6923076923076923,0.8823252826494,0.02554787496450836,0.16140594463373661,3,0.6425477846675981,1.3282700269851513,0.6666666666666666,A,2026-07-13 00:00:00+00:00
USDJPY,RELATIVE_VALUE_ROTATION,0.72,0.2,-1,0,24,17,3.8660024733734093,0.5000000000002076,0.5882352941176471,6.5336570236832,3.2321446373685965,3.3605403078206377,8,0.9389573991249789,0.49999999999989897,0.625,A,2026-07-13 00:00:00+00:00
USDJPY,RELATIVE_VALUE_ROTATION,0.72,0.2,0,3,7,18,2.4886795840355393,0.5000000000001754,0.6111111111111112,5.708245769501467,1.9505010117296848,2.0827231246463467,4,0.9084820580976848,0.24999999999978886,0.5,A,2026-07-13 00:00:00+00:00
GBPJPY,RELATIVE_VALUE_ROTATION,0.72,0.2,0,19,24,17,0.4674181495052913,0.0,0.35294117647058826,0.8272282649316469,0.38716521979212404,0.48732559612651793,7,0.8674001220659427,0.0,0.42857142857142855,A,2026-07-13 00:00:00+00:00
NZDUSD,RELATIVE_VALUE_ROTATION,0.76,0.2,-1,19,24,32,0.9181773001434128,0.24999999999995398,0.5,1.890501769820569,0.7844986380148834,0.9144287892442129,8,0.452097058463404,0.5000000000000266,0.625,A,2026-07-13 00:00:00+00:00
NZDUSD,RELATIVE_VALUE_ROTATION,0.76,0.2,1,10,13,13,0.8455515201201421,0.5000000000000352,0.5384615384615384,1.406299363104019,0.6895366135870993,0.8069331447947891,4,0.6359742034681333,0.5000000000001348,0.75,A,2026-07-13 00:00:00+00:00
USDCAD,RELATIVE_VALUE_ROTATION,0.76,0.2,1,10,13,12,1.1127743282733595,0.49999999999990713,0.5833333333333334,1.4845547291754613,0.9413527137701226,1.0626517009193532,5,0.3568499407883815,0.0,0.4,A,2026-07-13 00:00:00+00:00
EURJPY,RELATIVE_VALUE_ROTATION,0.76,0.2,1,0,24,6,1.0861458236421118,0.9988992345931511,1.0,0.5926407455877782,0.9893679951439359,1.1482861981250423,2,1.0986435955716687,1.0986435955716687,0.5,A,2026-07-13 00:00:00+00:00
EURJPY,RELATIVE_VALUE_ROTATION,0.76,0.2,0,0,24,12,0.7044157222529006,0.5000000000002611,0.6666666666666666,1.275551297454417,0.5571277452628038,0.6884267324120346,6,1.0548657133234227,1.3708775884002296,0.6666666666666666,A,2026-07-13 00:00:00+00:00
ETHUSD,RELATIVE_VALUE_ROTATION,0.55,0.2,1,13,16,9,0.6454145208415982,0.0,0.4444444444444444,1.3345519462240527,0.4674742613450579,0.5668592965382722,11,1.2752895855713815,1.2126107159186268,0.6363636363636364,A,2026-07-13 00:00:00+00:00
XRPUSD,RELATIVE_VALUE_ROTATION,0.76,0.2,1,0,3,7,0.7147068039502018,0.5000000000000773,0.7142857142857143,0.9756446583995999,0.5672031962876929,0.6945063128355753,2,1.0482197877438777,1.0482197877438777,1.0,A,2026-07-13 00:00:00+00:00
JP225,RELATIVE_VALUE_ROTATION,0.76,0.2,-1,0,3,36,0.7423252253704882,0.4999999999999809,0.5555555555555556,1.2489125180504554,0.6590643908337911,0.7979494157533422,11,0.39360284127687,0.49999999999998107,0.5454545454545454,A,2026-07-13 00:00:00+00:00
US100,RELATIVE_VALUE_ROTATION,0.72,0.2,1,7,10,10,0.6274442739827679,0.49999999999997313,0.6,0.6687508275843072,0.5428532418912091,0.6628111473471765,4,0.7739736406474855,0.6713927767205725,0.5,A,2026-07-13 00:00:00+00:00
GER40,RELATIVE_VALUE_ROTATION,0.76,0.2,0,10,13,27,0.5844006964321785,0.0,0.48148148148148145,1.1747341842540004,0.49396961676480483,0.6183914847460866,2,1.7083779799257526,1.7083779799257526,1.0,A,2026-07-13 00:00:00+00:00
NATGAS,RELATIVE_VALUE_ROTATION,0.72,0.2,1,13,16,26,0.3339783505240567,0.0,0.4230769230769231,1.2589160580429666,0.23522084981734295,0.3519068179066603,11,0.624111720961144,0.5000000000000038,0.6363636363636364,A,2026-07-13 00:00:00+00:00
GER40,INTERMARKET_LEAD_LAG,0.55,0.2,0,16,19,15,0.5709472347043343,0.0,0.4666666666666667,1.236182110292589,0.44327489534319464,0.5547266697879902,6,0.35940764716714974,0.2499999999999671,0.5,A,2026-07-13 00:00:00+00:00
JP225,INTERMARKET_LEAD_LAG,0.55,0.2,-1,0,24,11,0.7146036634130142,0.0,0.45454545454545453,1.2207583693740736,0.5673746644712001,0.6716182520124147,2,1.417149674474135,1.417149674474135,0.5,A,2026-07-13 00:00:00+00:00
BRENT,ENSEMBLE_CONFLUENCE,0.76,0.2,0,7,10,27,0.6131826305348409,0.5000000000000018,0.6296296296296297,0.8193605727886635,0.5501082242331208,0.6923078699921804,4,1.8847814913163594,1.0133638962831657,0.75,A,2026-07-13 00:00:00+00:00
BTCUSD,ENSEMBLE_CONFLUENCE,0.72,0.2,1,3,7,31,0.5084428989088716,0.0,0.3548387096774194,1.2185981006941113,0.42089622693910356,0.5327915901563884,10,0.5534018565697479,0.0,0.4,A,2026-07-13 00:00:00+00:00
CADJPY,ENSEMBLE_CONFLUENCE,0.68,0.2,0,13,16,52,0.39393727731399814,0.0,0.4423076923076923,0.994935155861629,0.33874820469521566,0.47123096604318115,10,0.27087074348999296,0.0,0.4,A,2026-07-13 00:00:00+00:00
EURGBP,ENSEMBLE_CONFLUENCE,0.76,0.2,0,3,7,35,0.3274481039411535,0.0,0.4,0.9237652324465464,0.2649901746153554,0.3846605533844776,10,1.047149859065705,0.2500000000003254,0.5,A,2026-07-13 00:00:00+00:00
EURGBP,ENSEMBLE_CONFLUENCE,0.76,0.2,-1,3,7,19,0.3345360120703746,0.0,0.42105263157894735,0.7840882177461431,0.26258314251297765,0.3730241037735312,10,1.047149859065705,0.2500000000003254,0.5,A,2026-07-13 00:00:00+00:00
EURJPY,ENSEMBLE_CONFLUENCE,0.76,0.2,1,0,3,15,0.43863351809830864,0.0,0.4666666666666667,1.2347790388464945,0.311106087333016,0.4225578617778116,5,2.3325037481260305,0.4999999999998459,0.6,A,2026-07-13 00:00:00+00:00
EURUSD,ENSEMBLE_CONFLUENCE,0.76,0.2,1,0,3,7,0.6412455232114631,0.0,0.42857142857142855,1.148272316547898,0.4676430668134188,0.560660469075587,4,0.5896865520727678,0.4999999999999647,0.75,A,2026-07-13 00:00:00+00:00
EURUSD,ENSEMBLE_CONFLUENCE,0.55,0.2,-1,7,10,51,0.3158366207093535,0.0,0.35294117647058826,0.8438718313859005,0.2685703439508767,0.3899481594989759,5,1.4755597171809718,0.5000000000000449,0.6,A,2026-07-13 00:00:00+00:00
GBPJPY,ENSEMBLE_CONFLUENCE,0.68,0.2,-1,19,24,44,0.6483936275822365,0.0,0.4772727272727273,1.5089189449677898,0.5574023915910168,0.6908083686591504,6,1.3888468996583703,1.1934427200572861,0.6666666666666666,A,2026-07-13 00:00:00+00:00
GBPJPY,ENSEMBLE_CONFLUENCE,0.72,0.2,0,19,24,69,0.29548067823479474,0.0,0.36231884057971014,1.234830666068847,0.23601822097432804,0.36446638668488046,13,0.8567791951357212,0.49999999999985395,0.5384615384615384,A,2026-07-13 00:00:00+00:00
GBPUSD,ENSEMBLE_CONFLUENCE,0.76,0.2,1,3,7,13,0.6434532521678922,0.0,0.46153846153846156,0.9913177119723298,0.5334764262973729,0.6416421882742934,8,0.8743467613642382,0.49999999999990585,0.625,A,2026-07-13 00:00:00+00:00
JP225,ENSEMBLE_CONFLUENCE,0.76,0.2,-1,0,3,25,0.6747189609180174,0.4999999999999791,0.52,1.0394970047079826,0.5915592005413788,0.7191211313018084,12,0.3770832478000887,0.24999999999999054,0.5,A,2026-07-13 00:00:00+00:00
NZDUSD,ENSEMBLE_CONFLUENCE,0.76,0.2,-1,13,16,21,0.6042121074468896,0.0,0.42857142857142855,1.0750865321145568,0.5103708615032223,0.62362028199896,2,0.1681438127090802,0.1681438127090802,0.5,A,2026-07-13 00:00:00+00:00
SOLUSD,ENSEMBLE_CONFLUENCE,0.76,0.2,-1,7,10,33,0.517164580041565,0.0,0.42424242424242425,1.5797816767928956,0.4071627035544173,0.5285990049558315,5,0.6937742396407446,0.0,0.4,A,2026-07-13 00:00:00+00:00
USDCHF,ENSEMBLE_CONFLUENCE,0.76,0.2,0,19,24,91,0.60436582681861,0.0,0.4065934065934066,1.4076655424183018,0.5453404490868884,0.684567429419078,16,0.7438717071903702,0.25000000000014994,0.5,A,2026-07-13 00:00:00+00:00
V10,ENSEMBLE_CONFLUENCE,0.76,0.2,-1,13,16,19,0.2507837504728349,0.0,0.3684210526315789,0.8320306251071399,0.17443138388814022,0.27855655567500953,5,0.30187816330256906,0.0,0.4,A,2026-07-13 00:00:00+00:00
V100,ENSEMBLE_CONFLUENCE,0.76,0.2,1,13,16,15,0.7854717746112726,0.500000000000011,0.6,1.1071388455150648,0.6711269663280952,0.7985787407728908,12,0.21247243706178917,0.0,0.4166666666666667,A,2026-07-13 00:00:00+00:00
V25,ENSEMBLE_CONFLUENCE,0.68,0.2,1,10,13,11,0.2590381575617938,0.0,0.36363636363636365,0.6625649424042592,0.17912981890003513,0.2724643155321588,15,0.266938965398896,0.0,0.4666666666666667,A,2026-07-13 00:00:00+00:00
V75,ENSEMBLE_CONFLUENCE,0.76,0.2,-1,13,16,16,0.38172297823390805,0.0,0.4375,0.817608677843512,0.29996211044955684,0.40912637733068113,2,0.7238875178853095,0.7238875178853095,0.5,A,2026-07-13 00:00:00+00:00
V75,ENSEMBLE_CONFLUENCE,0.76,0.2,-1,10,13,14,0.3991843340804086,0.0,0.35714285714285715,0.8439776610603575,0.30895932694387485,0.40597747382306193,4,0.5513849628187958,0.2500000000000086,0.5,A,2026-07-13 00:00:00+00:00
XRPUSD,ENSEMBLE_CONFLUENCE,0.76,0.2,-1,7,10,27,0.8221384212115488,0.49999999999993344,0.5185185185185185,2.379909363550667,0.6389329129858303,0.7677992254115565,5,0.5244990548203685,0.0,0.4,A,2026-07-13 00:00:00+00:00
GBPUSD,WINNER_ONLY_ADDON,0.64,0.2,1,3,7,14,0.4015724669929101,0.0,0.42857142857142855,0.6171173890660927,0.33559984306988744,0.4411894185205031,3,1.1573410063449534,0.4999999999996933,0.6666666666666666,A,2026-07-20 00:00:00+00:00
USDJPY,MEAN_REVERSION_EXTREME,0.55,0.2,0,16,19,17,0.3929192546583854,0.15000000000000002,0.9411764705882353,0.660173988585633,0.3288729702766472,0.4996215819051587,10,0.23301217923743617,0.15000000000000002,0.8,A,2026-07-20 00:00:00+00:00
USDJPY,CLOSE_SESSION_FADE,0.55,0.2,0,0,24,29,0.14601806246314933,0.15000000000000002,0.7586206896551724,0.8015608748736084,0.08647961537149002,0.2455380457633538,5,0.6299999999999888,0.7499999999999305,1.0,A,2026-07-20 00:00:00+00:00
USDJPY,CLOSE_SESSION_FADE,0.55,0.2,0,19,24,29,0.14601806246314933,0.15000000000000002,0.7586206896551724,0.8015608748736084,0.08647961537149002,0.2455380457633538,5,0.6299999999999888,0.7499999999999305,1.0,A,2026-07-20 00:00:00+00:00
AUDUSD,MEAN_REVERSION_EXTREME,0.6,0.2,-1,16,19,7,0.8664661654136055,0.15000000000000002,0.5714285714285714,2.990379769949531,0.4143632398750341,0.5245234992800594,2,0.03601237702309801,0.03601237702309801,0.5,A,2026-07-20 00:00:00+00:00
AUDUSD,WINNER_ONLY_ADDON,0.64,0.2,1,10,13,7,0.8287717676066819,0.49999999999978645,0.5714285714285714,1.8915914925794945,0.5427900149500634,0.6529502743550888,5,0.1702600472814631,0.0,0.4,A,2026-07-20 00:00:00+00:00
AUDUSD,WINNER_ONLY_ADDON,0.55,0.2,1,0,3,16,0.08890715187104381,0.0,0.375,0.994104961718442,-0.010503344300800396,0.09116092258032393,3,0.3333333333333581,0.5000000000000371,0.6666666666666666,A,2026-07-20 00:00:00+00:00
AUDUSD,CLOSE_SESSION_FADE,0.55,0.2,1,0,24,22,0.4539170123344927,0.15000000000000002,0.8181818181818182,0.8945657801290374,0.3776281862742022,0.5385198887746034,6,0.351805638276759,0.44999999999998413,0.8333333333333334,A,2026-07-20 00:00:00+00:00
AUDUSD,CLOSE_SESSION_FADE,0.55,0.2,1,19,24,22,0.4539170123344927,0.15000000000000002,0.8181818181818182,0.8945657801290374,0.3776281862742022,0.5385198887746034,6,0.351805638276759,0.44999999999998413,0.8333333333333334,A,2026-07-20 00:00:00+00:00
USDCAD,WINNER_ONLY_ADDON,0.55,0.2,1,19,24,57,0.17520677918553998,0.0,0.3684210526315789,1.0664106070323083,0.11870696498827328,0.24412635151499112,4,0.21059547571533865,0.24999999999980957,0.5,A,2026-07-20 00:00:00+00:00
USDCAD,CLOSE_SESSION_FADE,0.55,0.2,1,0,24,28,0.39538364638023615,0.15000000000000002,0.8571428571428571,0.8660259515624931,0.3299182379013097,0.500121297358182,8,0.5472341401483721,0.749999999999899,0.875,A,2026-07-20 00:00:00+00:00
USDCAD,CLOSE_SESSION_FADE,0.55,0.2,1,19,24,28,0.39538364638023615,0.15000000000000002,0.8571428571428571,0.8660259515624931,0.3299182379013097,0.500121297358182,8,0.5472341401483721,0.749999999999899,0.875,A,2026-07-20 00:00:00+00:00
USDCHF,MEAN_REVERSION_EXTREME,0.64,0.2,0,19,24,8,0.24504604468601754,0.15000000000000002,0.75,0.8666182249008393,0.12248771998057115,0.25643221152729556,8,0.5530326909932779,0.7499999999999833,0.75,A,2026-07-20 00:00:00+00:00
NZDUSD,CLOSE_SESSION_FADE,0.55,0.2,0,0,24,34,0.6729398371881605,0.7499999999998257,0.8235294117647058,1.2216340429946169,0.5891364332139607,0.7590669238555137,8,0.9320834458546642,0.7499999999999554,1.0,A,2026-07-20 00:00:00+00:00
NZDUSD,CLOSE_SESSION_FADE,0.55,0.2,0,19,24,34,0.6729398371881605,0.7499999999998257,0.8235294117647058,1.2216340429946169,0.5891364332139607,0.7590669238555137,8,0.9320834458546642,0.7499999999999554,1.0,A,2026-07-20 00:00:00+00:00
EURJPY,MEAN_REVERSION_EXTREME,0.64,0.2,0,16,19,6,1.8713536698961557,0.15000000000000002,0.8333333333333334,3.851993759301595,1.2423257230512177,1.3812439260323242,2,0.15000000000000002,0.15000000000000002,1.0,A,2026-07-20 00:00:00+00:00
GBPJPY,CLOSE_SESSION_FADE,0.55,0.2,1,0,24,34,0.22768882107935068,0.15000000000000002,0.7647058823529411,0.8301349740594721,0.17074203166794558,0.3336136987800868,7,0.1586905470944222,0.15000000000000002,0.7142857142857143,A,2026-07-20 00:00:00+00:00
GBPJPY,CLOSE_SESSION_FADE,0.55,0.2,1,19,24,34,0.22768882107935068,0.15000000000000002,0.7647058823529411,0.8301349740594721,0.17074203166794558,0.3336136987800868,7,0.1586905470944222,0.15000000000000002,0.7142857142857143,A,2026-07-20 00:00:00+00:00
EURGBP,CLOSE_SESSION_FADE,0.55,0.2,0,0,24,29,0.6169231494943094,0.749999999999834,0.8620689655172413,0.991582400843638,0.5432702577922804,0.7147424812875925,6,0.7709705344016448,0.7533774417140382,0.8333333333333334,A,2026-07-20 00:00:00+00:00
EURGBP,CLOSE_SESSION_FADE,0.55,0.2,0,19,24,29,0.6169231494943094,0.749999999999834,0.8620689655172413,0.991582400843638,0.5432702577922804,0.7147424812875925,6,0.7709705344016448,0.7533774417140382,0.8333333333333334,A,2026-07-20 00:00:00+00:00
EURGBP,VOLATILITY_REVERSAL,0.55,0.2,1,0,24,8,0.06976238222075193,0.0,0.375,1.0474071254928958,-0.07836335399907524,0.010581137547649153,2,0.2500000000000809,0.2500000000000809,0.5,A,2026-07-20 00:00:00+00:00
AUDJPY,BREAKOUT_RETEST,0.55,0.2,-1,16,19,10,0.3322074181046134,0.24999999999998784,0.5,1.0313240212548511,0.20175410159224402,0.3097120070482114,4,0.6169224211423948,0.5000000000001197,0.75,A,2026-07-20 00:00:00+00:00
AUDJPY,CLOSE_SESSION_FADE,0.55,0.2,1,0,24,36,0.4576060789974971,0.15000000000000002,0.8055555555555556,0.9519866079419501,0.39414030513470044,0.5630253300542516,7,0.025341614906839487,0.15000000000000002,0.5714285714285714,A,2026-07-20 00:00:00+00:00
AUDJPY,CLOSE_SESSION_FADE,0.55,0.2,1,19,24,36,0.4576060789974971,0.15000000000000002,0.8055555555555556,0.9519866079419501,0.39414030513470044,0.5630253300542516,7,0.025341614906839487,0.15000000000000002,0.5714285714285714,A,2026-07-20 00:00:00+00:00
CADJPY,WINNER_ONLY_ADDON,0.55,0.2,-1,3,7,22,1.2117858473145153,0.0,0.45454545454545453,2.932135211475987,0.9617325162992394,1.0789878551632768,2,0.3814645308925516,0.3814645308925516,0.5,A,2026-07-20 00:00:00+00:00
GBPCHF,HTF_TREND_BREAKOUT,0.55,0.2,-1,19,24,36,0.1135821703876718,0.0,0.3611111111111111,1.1461736520730013,0.03717059358280504,0.15272228516902286,3,2.4657059212742207,3.793088071350348,0.6666666666666666,A,2026-07-20 00:00:00+00:00
GBPCHF,HTF_TREND_BREAKOUT,0.64,0.2,0,19,24,41,0.10798896350477952,0.0,0.34146341463414637,1.1808032236067834,0.03422477091243381,0.14995377303419877,15,0.48528341185693125,0.0,0.4,A,2026-07-20 00:00:00+00:00
GBPCHF,CLOSE_SESSION_CONTINUATION,0.76,0.2,0,0,24,38,0.17380726679137362,0.0,0.34210526315789475,1.258196988151782,0.0921646653992027,0.206488529900743,9,1.9063172719230626,0.5000000000001035,0.7777777777777778,A,2026-07-20 00:00:00+00:00
GBPCHF,CLOSE_SESSION_CONTINUATION,0.76,0.2,0,19,24,38,0.17380726679137362,0.0,0.34210526315789475,1.258196988151782,0.0921646653992027,0.206488529900743,9,1.9063172719230626,0.5000000000001035,0.7777777777777778,A,2026-07-20 00:00:00+00:00
GBPCHF,CLOSE_SESSION_FADE,0.55,0.2,1,0,24,36,0.6735412360336194,0.44999999999994705,0.6944444444444444,1.436292794902864,0.577788383040095,0.7333400746263129,9,0.4022753232627102,0.15000000000000002,0.5555555555555556,A,2026-07-20 00:00:00+00:00
GBPCHF,CLOSE_SESSION_FADE,0.55,0.2,1,19,24,36,0.6735412360336194,0.44999999999994705,0.6944444444444444,1.436292794902864,0.577788383040095,0.7333400746263129,9,0.4022753232627102,0.15000000000000002,0.5555555555555556,A,2026-07-20 00:00:00+00:00
XAUUSD,MEAN_REVERSION_EXTREME,0.6,0.2,1,7,10,15,0.4844561082397397,0.15000000000000002,0.9333333333333333,0.6711695557211314,0.4151380145920231,0.5825897890368188,2,0.15000000000000002,0.15000000000000002,1.0,A,2026-07-20 00:00:00+00:00
XAUUSD,MEAN_REVERSION_EXTREME,0.6,0.2,0,7,10,19,0.2958387766013592,0.15000000000000002,0.7894736842105263,0.8413077843775645,0.2186350794957611,0.3732865670721041,3,0.662827457458859,0.15000000000000002,1.0,A,2026-07-20 00:00:00+00:00
XAGUSD,DAY_OPEN_DRIVE_FADE,0.55,0.2,-1,0,3,13,0.22930010547704718,0.0,0.38461538461538464,0.9383593051273084,0.12519848734026967,0.224133480086421,2,0.9939973778391906,0.9939973778391906,0.5,A,2026-07-20 00:00:00+00:00
BTCUSD,MEAN_REVERSION_EXTREME,0.6,0.2,1,16,19,7,0.2492434338790626,0.15000000000000002,0.8571428571428571,0.6721865521170773,0.14761837950513435,0.2920643531958739,3,0.15000000000000002,0.15000000000000002,1.0,A,2026-07-20 00:00:00+00:00
SOLUSD,MEAN_REVERSION_EXTREME,0.68,0.2,0,0,3,7,0.4071428571428579,0.15000000000000002,1.0,0.296922995583237,0.3622523197228822,0.5238411505564788,2,0.15000000000000002,0.15000000000000002,1.0,A,2026-07-20 00:00:00+00:00
XRPUSD,BREAKOUT_RETEST,0.55,0.2,-1,10,13,19,0.23928611776418632,0.0,0.3684210526315789,1.9016866010614037,0.06477538689445986,0.16890055868132914,5,0.8931949616219278,0.0,0.4,A,2026-07-20 00:00:00+00:00
US100,WINNER_ONLY_ADDON,0.64,0.2,-1,19,24,11,0.3612432156516869,0.0,0.36363636363636365,0.5646801721408429,0.29314022446825144,0.38647472110037506,8,0.880630486050238,0.24999999999998693,0.5,A,2026-07-20 00:00:00+00:00
US500,SUPPLY_DEMAND_SWEEP_BOS,0.55,0.2,0,10,13,9,1.2107437558334675,1.6698499002222462,0.7777777777777778,0.9444851746202818,1.08481239921743,1.224197434410644,2,0.33709138567574337,0.33709138567574337,0.5,A,2026-07-20 00:00:00+00:00
US30,SUPPLY_DEMAND_SWEEP_BOS,0.55,0.2,1,13,16,7,0.6189328362232394,0.5000000000000475,0.5714285714285714,0.7019122143415051,0.5128136841463087,0.622973943551334,2,0.6439322628974347,0.6439322628974347,0.5,A,2026-07-20 00:00:00+00:00
GER40,WINNER_ONLY_ADDON,0.72,0.2,1,19,24,14,0.8850697815791485,0.0,0.42857142857142855,2.1708993325168766,0.652990880909023,0.7585804563596386,2,1.5289825464572024,1.5289825464572024,1.0,A,2026-07-20 00:00:00+00:00
GER40,WINNER_ONLY_ADDON,0.72,0.2,0,19,24,17,0.6112339377710615,0.0,0.35294117647058826,2.0664663824851583,0.41075725149401837,0.5109176278284122,4,0.6394912732286042,1.0144912732286084,0.75,A,2026-07-20 00:00:00+00:00
JP225,MEAN_REVERSION_EXTREME,0.55,0.2,-1,19,24,6,0.42643651583774217,0.15000000000000002,0.8333333333333334,1.0084638006380946,0.2617550667956653,0.40067326977677153,2,0.07882901004100418,0.07882901004100418,0.5,A,2026-07-20 00:00:00+00:00
WTI,WINNER_ONLY_ADDON,0.68,0.2,0,19,24,15,3.7345896721835445,0.0,0.4,8.442984715167407,2.8626019603401542,2.96605373478495,5,0.7291795144426974,1.5486325240711492,0.6,A,2026-07-20 00:00:00+00:00
BRENT,MEAN_REVERSION_EXTREME,0.72,0.2,0,0,3,7,0.3285714285714248,0.7499999999999793,0.8571428571428571,0.602291542395223,0.23751350640369476,0.3819594800944343,4,0.10550115429012247,0.15000000000000002,0.75,A,2026-07-20 00:00:00+00:00
NATGAS,MEAN_REVERSION_EXTREME,0.6,0.2,0,19,24,20,0.5148881646258918,0.44999999999999224,0.75,1.273320516512113,0.4009989153432427,0.5518893640977112,2,1.6517986896962498,1.6517986896962498,1.0,A,2026-07-20 00:00:00+00:00
V75,WINNER_ONLY_ADDON,0.72,0.2,0,13,16,9,0.1111111111111117,0.0,0.4444444444444444,0.4581228472908521,0.05002806480566475,0.149413099998879,5,0.3028091002810561,0.0,0.4,A,2026-07-20 00:00:00+00:00
V75,SUPPLY_DEMAND_SWEEP_BOS,0.55,0.2,-1,19,24,10,0.2776451588953458,0.0,0.4,0.6771295602163919,0.19199429164286838,0.2879521970988358,2,0.6357943920274797,0.6357943920274797,0.5,A,2026-07-20 00:00:00+00:00
V100,CLOSE_SESSION_FADE,0.55,0.2,1,0,24,13,0.06309115135402962,0.15000000000000002,0.6923076923076923,0.8659566294799134,-0.032978111104979585,0.10287995856424867,2,1.0059173604687017,1.0059173604687017,1.0,A,2026-07-20 00:00:00+00:00
V100,CLOSE_SESSION_FADE,0.55,0.2,1,19,24,13,0.06309115135402962,0.15000000000000002,0.6923076923076923,0.8659566294799134,-0.032978111104979585,0.10287995856424867,2,1.0059173604687017,1.0059173604687017,1.0,A,2026-07-20 00:00:00+00:00
V10,MEAN_REVERSION_EXTREME,0.64,0.2,0,0,3,13,0.12343307644852895,0.15000000000000002,0.6923076923076923,0.8823252826494,0.02554787496450836,0.16140594463373661,3,0.6425477846675981,1.3282700269851513,0.6666666666666666,A,2026-07-20 00:00:00+00:00
USDJPY,RELATIVE_VALUE_ROTATION,0.72,0.2,-1,0,24,20,3.4177985139869405,0.5000000000001885,0.6,6.153184579487565,2.8674409540734342,3.0003314028279027,7,0.7457784056197233,0.5000000000002202,0.5714285714285714,A,2026-07-20 00:00:00+00:00
GBPJPY,RELATIVE_VALUE_ROTATION,0.55,0.2,1,13,16,8,0.5451598801514967,0.24999999999993427,0.5,0.9316141643729627,0.41340974153598453,0.5173542330827089,2,0.7694440963953415,0.7694440963953415,0.5,A,2026-07-20 00:00:00+00:00
NZDUSD,RELATIVE_VALUE_ROTATION,0.76,0.2,-1,19,24,34,0.8788727530761545,0.24999999999995398,0.5,1.8417806212435295,0.752527644801692,0.8836346060314804,9,0.2907529408563241,0.49999999999983713,0.5555555555555556,A,2026-07-20 00:00:00+00:00
NZDUSD,RELATIVE_VALUE_ROTATION,0.76,0.2,1,10,13,15,0.7661446507707979,0.5000000000000352,0.5333333333333333,1.3278954312596754,0.6290002003501675,0.7484519747949631,3,0.34796560462414305,0.5000000000001485,0.6666666666666666,A,2026-07-20 00:00:00+00:00
USDCAD,RELATIVE_VALUE_ROTATION,0.76,0.2,1,10,13,14,0.9895208528057104,0.49999999999968836,0.5714285714285714,1.4103675341923747,0.8387462213092234,0.961478653902696,4,1.030539328159565,0.6421248519711377,0.5,A,2026-07-20 00:00:00+00:00
EURGBP,RELATIVE_VALUE_ROTATION,0.76,0.2,-1,19,24,10,0.8568400628049503,0.2500000000001668,0.5,1.3693732232777265,0.6836265287087935,0.791584434164761,7,0.1544592060537444,0.0,0.42857142857142855,A,2026-07-20 00:00:00+00:00
EURJPY,RELATIVE_VALUE_ROTATION,0.55,0.2,0,7,10,7,0.7834683701756655,0.0,0.42857142857142855,1.1597230319705591,0.6081347283294993,0.7011521305916675,2,1.2506347650634448,1.2506347650634448,1.0,A,2026-07-20 00:00:00+00:00
ETHUSD,RELATIVE_VALUE_ROTATION,0.76,0.2,1,13,16,6,1.3035353712749118,1.4548040367966872,0.6666666666666666,1.45140586563597,1.0665217859088685,1.185439988889975,3,1.6110476939431226,1.4385498340406317,0.6666666666666666,A,2026-07-20 00:00:00+00:00
XRPUSD,RELATIVE_VALUE_ROTATION,0.76,0.2,-1,10,13,7,0.6376329291109093,0.0,0.42857142857142855,0.7507697534576596,0.5241272114241526,0.6171446136863208,2,1.741638795986576,1.741638795986576,1.0,A,2026-07-20 00:00:00+00:00
SOLUSD,RELATIVE_VALUE_ROTATION,0.76,0.2,-1,13,16,9,0.680320638347285,0.5000000000000038,0.6666666666666666,0.8715569474975882,0.5641130453476065,0.6901647472074874,2,0.7861761426978958,0.7861761426978958,0.5,A,2026-07-20 00:00:00+00:00
SOLUSD,RELATIVE_VALUE_ROTATION,0.76,0.2,-1,16,19,13,0.5321957242716983,0.4999999999999834,0.5384615384615384,0.9526821009063043,0.4265051346091001,0.5439016658167899,5,0.1491233071988737,0.0,0.4,A,2026-07-20 00:00:00+00:00
US30,RELATIVE_VALUE_ROTATION,0.72,0.2,-1,19,24,7,0.6499788791416693,0.499999999999935,0.5714285714285714,1.0066110406362858,0.49779359454192385,0.6079538539469491,2,0.24999999999998568,0.24999999999998568,0.5,A,2026-07-20 00:00:00+00:00
US100,RELATIVE_VALUE_ROTATION,0.72,0.2,1,7,10,13,0.5859406379437556,0.49999999999997186,0.5384615384615384,0.6650025621982835,0.512165227595422,0.6295617588031118,2,0.8765545045743987,0.8765545045743987,0.5,A,2026-07-20 00:00:00+00:00
GER40,RELATIVE_VALUE_ROTATION,0.76,0.2,1,7,10,20,0.6850870346154393,0.49999999999999833,0.6,1.084332648571652,0.5881013741182951,0.7209918228727635,2,2.028851171831264,2.028851171831264,1.0,A,2026-07-20 00:00:00+00:00
NATGAS,RELATIVE_VALUE_ROTATION,0.72,0.2,1,13,16,32,0.4080379283946034,0.0,0.46875,1.173150625107945,0.32508365215789686,0.45126380338722644,9,0.22127248173008443,0.0,0.4444444444444444,A,2026-07-20 00:00:00+00:00
WTI,RELATIVE_VALUE_ROTATION,0.72,0.2,-1,0,24,15,0.29861167930810756,0.49999999999995753,0.5333333333333333,0.692630524532425,0.22707710633240116,0.3465288807771968,2,0.14622510670956723,0.14622510670956723,0.5,A,2026-07-20 00:00:00+00:00
BNBUSD,INTERMARKET_LEAD_LAG,0.55,0.2,0,7,10,8,0.5396413508751646,0.2500000000000121,0.5,0.9137884768297942,0.41041214516786984,0.5143566367145942,2,1.7396450083557475,1.7396450083557475,1.0,A,2026-07-20 00:00:00+00:00
BNBUSD,INTERMARKET_LEAD_LAG,0.55,0.2,0,16,19,17,0.28815150093271596,0.0,0.35294117647058826,1.1569449049536245,0.1759113586705047,0.27607173500489857,5,0.23221316721423957,0.0,0.4,A,2026-07-20 00:00:00+00:00
GER40,INTERMARKET_LEAD_LAG,0.55,0.2,0,16,19,18,0.44801158447583167,0.0,0.4444444444444444,1.1890483001711345,0.3359070356479188,0.44812914856458097,6,1.0752185209668108,1.3282229415014712,0.8333333333333334,A,2026-07-20 00:00:00+00:00
GER40,INTERMARKET_LEAD_LAG,0.55,0.2,1,16,19,9,0.4244609151330699,0.4999999999999342,0.5555555555555556,0.7607102384412726,0.3230328833409002,0.4357512518674478,4,1.0664132010268066,1.3282229415014712,0.75,A,2026-07-20 00:00:00+00:00
UK100,INTERMARKET_LEAD_LAG,0.55,0.2,1,0,24,40,0.24249105681199593,0.0,0.4,0.9982077372211985,0.17935885625955944,0.30163029759364557,15,0.29540945160970444,0.0,0.4666666666666667,A,2026-07-20 00:00:00+00:00
BNBUSD,ENSEMBLE_CONFLUENCE,0.76,0.2,1,16,19,26,0.466901652118051,0.0,0.46153846153846156,0.8392072730927114,0.40106881732653216,0.5223701700312341,7,0.21591735166607032,0.0,0.42857142857142855,A,2026-07-20 00:00:00+00:00
CADJPY,ENSEMBLE_CONFLUENCE,0.76,0.2,1,13,16,10,0.5183522544507746,0.24999999999992795,0.5,0.8940745650943189,0.40525977350187364,0.5132176789578411,9,0.47805603094480464,0.49999999999981026,0.5555555555555556,A,2026-07-20 00:00:00+00:00
ETHUSD,ENSEMBLE_CONFLUENCE,0.68,0.2,1,13,16,35,0.7474462413349112,0.0,0.4857142857142857,1.566420376583502,0.6415368936578718,0.7714929867127083,13,0.6100796769288576,0.0,0.46153846153846156,A,2026-07-20 00:00:00+00:00
ETHUSD,ENSEMBLE_CONFLUENCE,0.76,0.2,1,3,7,20,0.6481194171386522,0.2500000000000039,0.5,1.30562987373243,0.5313403310938449,0.6522307798483135,5,0.9579442029432166,0.5000000000000189,0.8,A,2026-07-20 00:00:00+00:00
EURJPY,ENSEMBLE_CONFLUENCE,0.76,0.2,1,0,3,17,1.1024718536532294,0.49999999999976097,0.5294117647058824,2.883604482011505,0.8227211274923367,0.9440579744149659,7,0.3350219258806817,0.0,0.42857142857142855,A,2026-07-20 00:00:00+00:00
EURUSD,ENSEMBLE_CONFLUENCE,0.72,0.2,1,0,3,16,0.5481930586367846,0.0,0.4375,1.1459972452703546,0.4335933341097491,0.5427576009908734,5,0.3717492416582441,0.49999999999986394,0.8,A,2026-07-20 00:00:00+00:00
EURUSD,ENSEMBLE_CONFLUENCE,0.68,0.2,1,3,7,34,0.34477407042721325,0.0,0.35294117647058826,1.1205346309688224,0.26790602890147874,0.3813659313077376,4,0.451874669952543,0.1983981693368692,0.5,A,2026-07-20 00:00:00+00:00
GBPCHF,ENSEMBLE_CONFLUENCE,0.55,0.2,-1,19,24,60,0.6160095202777828,0.0,0.4,1.5622180697686752,0.5353369260463378,0.665554403329804,12,3.3333013882500935,0.8776679841898398,0.75,A,2026-07-20 00:00:00+00:00
GBPCHF,ENSEMBLE_CONFLUENCE,0.76,0.2,0,19,24,57,0.504613848749683,0.0,0.40350877192982454,1.5987551908602953,0.41990972949687655,0.5495396423393839,20,2.014171980619527,0.2499999999998921,0.5,A,2026-07-20 00:00:00+00:00
GBPJPY,ENSEMBLE_CONFLUENCE,0.72,0.2,0,19,24,75,0.3127123056389673,0.0,0.36,1.2535967136078492,0.2548111536344295,0.38462582044015614,13,0.5666712681158432,0.0,0.46153846153846156,A,2026-07-20 00:00:00+00:00
GBPUSD,ENSEMBLE_CONFLUENCE,0.76,0.2,-1,13,16,14,0.4462452077251212,0.0,0.35714285714285715,0.845814686417965,0.35582381431718796,0.45284196119637504,2,0.25000000000001965,0.25000000000001965,0.5,A,2026-07-20 00:00:00+00:00
JP225,ENSEMBLE_CONFLUENCE,0.76,0.2,-1,0,3,32,0.5747804061422346,0.24999999999998954,0.5,0.9944956927986519,0.5044589413183606,0.63438909254769,15,0.3158245430993648,0.0,0.4,A,2026-07-20 00:00:00+00:00
NATGAS,ENSEMBLE_CONFLUENCE,0.68,0.2,1,0,3,34,0.41425843164094567,0.0,0.47058823529411764,1.2638990690118665,0.327555670801558,0.4551332202666404,6,0.5799870354182387,0.24999999999998238,0.5,A,2026-07-20 00:00:00+00:00
NZDUSD,ENSEMBLE_CONFLUENCE,0.76,0.2,1,3,7,22,0.637449735339406,0.2500000000000591,0.5,1.1681208326258903,0.5378320560171052,0.6605419403356881,8,0.3055403571276524,0.249999999999909,0.5,A,2026-07-20 00:00:00+00:00
NZDUSD,ENSEMBLE_CONFLUENCE,0.76,0.2,-1,13,16,21,0.6042121074468896,0.0,0.42857142857142855,1.0750865321145568,0.5103708615032223,0.62362028199896,2,0.1681438127090802,0.1681438127090802,0.5,A,2026-07-20 00:00:00+00:00
SOLUSD,ENSEMBLE_CONFLUENCE,0.72,0.2,-1,3,7,39,0.4993149205363059,0.0,0.4358974358974359,1.1786902906700676,0.42381832047511414,0.5499036018650851,11,0.3582433980151778,0.4999999999999487,0.5454545454545454,A,2026-07-20 00:00:00+00:00
US100,ENSEMBLE_CONFLUENCE,0.72,0.2,-1,10,13,15,0.7545399110524558,0.49999999999999,0.5333333333333333,1.150793718641488,0.6356864468599601,0.7551382213047558,5,0.09999999999999652,0.4999999999999461,0.6,A,2026-07-20 00:00:00+00:00
USDCHF,ENSEMBLE_CONFLUENCE,0.76,0.2,0,19,24,98,0.5604166938965252,0.0,0.3979591836734694,1.3815657318628631,0.5045930083162288,0.6442505073597369,20,1.1287194269677883,0.5764298450144352,0.6,A,2026-07-20 00:00:00+00:00
USDCHF,ENSEMBLE_CONFLUENCE,0.76,0.2,-1,19,24,48,0.5964740573439297,0.0,0.3541666666666667,1.7055741781730593,0.4980026862548206,0.6183390922170331,10,1.433156010820626,1.4448357698881216,0.6,A,2026-07-20 00:00:00+00:00
USDJPY,ENSEMBLE_CONFLUENCE,0.72,0.2,-1,3,7,8,3.7988527746034264,0.6787011557514877,0.5,7.791379855343647,2.6969852685006757,2.8009297600474,4,0.22924364495063498,0.24999999999996333,0.5,A,2026-07-20 00:00:00+00:00
V100,ENSEMBLE_CONFLUENCE,0.76,0.2,1,13,16,21,0.5610512675794794,0.4999999999999873,0.5238095238095238,1.035799345283582,0.4706392884452372,0.5953172803695465,10,0.3049669244741483,0.0,0.4,A,2026-07-20 00:00:00+00:00
V75,ENSEMBLE_CONFLUENCE,0.76,0.2,-1,13,16,17,0.3592686853966193,0.0,0.4117647058823529,0.798265926277115,0.28182551524668836,0.389044715110494,6,0.4167366938692659,0.24999999999999495,0.5,A,2026-07-20 00:00:00+00:00
V75,ENSEMBLE_CONFLUENCE,0.76,0.2,-1,7,10,31,0.19967262725423826,0.0,0.41935483870967744,0.8488955090738372,0.13868617353568652,0.2583234722368423,5,0.6084492642141678,0.0,0.4,A,2026-07-20 00:00:00+00:00
WTI,ENSEMBLE_CONFLUENCE,0.72,0.2,1,10,13,11,0.8388134491527013,0.0,0.36363636363636365,2.103595699684017,0.5851102620088096,0.6784447586409331,3,1.5969696969696505,0.5000000000000092,0.6666666666666666,A,2026-07-20 00:00:00+00:00
WTI,ENSEMBLE_CONFLUENCE,0.72,0.2,0,10,13,22,0.7046387991884869,0.0,0.36363636363636365,1.690850861296209,0.5604425532369459,0.6667888011918925,5,0.8581818181817915,0.5000000000000092,0.6,A,2026-07-20 00:00:00+00:00
XAUUSD,ENSEMBLE_CONFLUENCE,0.76,0.2,1,7,10,10,0.5589587764598358,0.0,0.4,1.0064775067106948,0.4316483230625078,0.5276062285184752,2,0.25000000000000827,0.25000000000000827,0.5,A,2026-07-20 00:00:00+00:00
EURUSD,CLOSE_SESSION_FADE,0.55,0.2,1,0,24,25,0.035436221457610474,0.15000000000000002,0.64,1.02313652907301,-0.04641470086823032,0.09554722989219933,6,0.3634476742276768,0.15000000000000002,0.8333333333333334,A,2026-07-27 00:00:00+00:00
EURUSD,CLOSE_SESSION_FADE,0.55,0.2,1,19,24,25,0.035436221457610474,0.15000000000000002,0.64,1.02313652907301,-0.04641470086823032,0.09554722989219933,6,0.3634476742276768,0.15000000000000002,0.8333333333333334,A,2026-07-27 00:00:00+00:00
GBPUSD,CLOSE_SESSION_FADE,0.55,0.2,0,0,24,33,0.05422501605275189,0.15000000000000002,0.6363636363636364,0.8187056060272433,-0.0027823250732527394,0.14410852178270683,7,0.5142951251645326,0.7500000000002407,0.7142857142857143,A,2026-07-27 00:00:00+00:00
GBPUSD,CLOSE_SESSION_FADE,0.55,0.2,0,19,24,33,0.05422501605275189,0.15000000000000002,0.6363636363636364,0.8187056060272433,-0.0027823250732527394,0.14410852178270683,7,0.5142951251645326,0.7500000000002407,0.7142857142857143,A,2026-07-27 00:00:00+00:00
GBPUSD,SUPPLY_DEMAND_SWEEP_BOS,0.55,0.2,-1,19,24,8,0.31135554297152035,0.0,0.375,1.106814503528362,0.154828334779415,0.24377282632613936,2,1.0499589827729607,1.0499589827729607,0.5,A,2026-07-27 00:00:00+00:00
USDJPY,SESSION_OPEN_RANGE_BREAKOUT,0.55,0.2,-1,7,10,17,0.022370502729599142,0.0,0.35294117647058826,1.3193849910620565,-0.10562864265871785,-0.00546826632432397,3,0.5000000000000764,0.5000000000000904,1.0,A,2026-07-27 00:00:00+00:00
USDJPY,MEAN_REVERSION_EXTREME,0.55,0.2,1,3,7,12,0.3933199030216949,0.4499999999998752,0.75,1.038053947879926,0.2734557577733291,0.4147547449225598,2,0.15000000000000002,0.15000000000000002,1.0,A,2026-07-27 00:00:00+00:00
USDJPY,CLOSE_SESSION_FADE,0.55,0.2,0,0,24,31,0.184984639078422,0.15000000000000002,0.7741935483870968,0.7893446320508224,0.12827644666134141,0.29049439052378756,7,0.1553677672441747,0.15000000000000002,0.7142857142857143,A,2026-07-27 00:00:00+00:00
USDJPY,CLOSE_SESSION_FADE,0.55,0.2,0,19,24,31,0.184984639078422,0.15000000000000002,0.7741935483870968,0.7893446320508224,0.12827644666134141,0.29049439052378756,7,0.1553677672441747,0.15000000000000002,0.7142857142857143,A,2026-07-27 00:00:00+00:00
AUDUSD,MEAN_REVERSION_EXTREME,0.6,0.2,0,16,19,13,0.5386710818166944,0.15000000000000002,0.6923076923076923,2.2695065579858826,0.2868919352068517,0.42275000487607994,3,0.27400825134878765,0.7500000000000581,0.6666666666666666,A,2026-07-27 00:00:00+00:00
AUDUSD,WINNER_ONLY_ADDON,0.64,0.2,1,10,13,11,0.5593366008776375,0.0,0.45454545454545453,1.6303777500959085,0.3627056458372029,0.4669492333784174,2,0.2500000000000379,0.2500000000000379,0.5,A,2026-07-27 00:00:00+00:00
AUDUSD,CLOSE_SESSION_FADE,0.55,0.2,1,0,24,25,0.4878803240407779,0.15000000000000002,0.84,0.8600221863126409,0.41907854913576664,0.5850404798961962,6,0.1456682769726558,0.4500000000000148,0.6666666666666666,A,2026-07-27 00:00:00+00:00
AUDUSD,CLOSE_SESSION_FADE,0.55,0.2,1,19,24,25,0.4878803240407779,0.15000000000000002,0.84,0.8600221863126409,0.41907854913576664,0.5850404798961962,6,0.1456682769726558,0.4500000000000148,0.6666666666666666,A,2026-07-27 00:00:00+00:00
USDCAD,CLOSE_SESSION_FADE,0.55,0.2,1,0,24,32,0.4386945126251632,0.15000000000000002,0.875,0.8310758192853394,0.3799285778754803,0.5548587291048099,7,0.18719868797544795,0.15000000000000002,0.7142857142857143,A,2026-07-27 00:00:00+00:00
USDCAD,CLOSE_SESSION_FADE,0.55,0.2,1,19,24,32,0.4386945126251632,0.15000000000000002,0.875,0.8310758192853394,0.3799285778754803,0.5548587291048099,7,0.18719868797544795,0.15000000000000002,0.7142857142857143,A,2026-07-27 00:00:00+00:00
USDCHF,MEAN_REVERSION_EXTREME,0.64,0.2,1,19,24,11,0.5097459026529202,0.7499999999999776,0.8181818181818182,0.881371785845282,0.4034484657636739,0.551328416941252,3,0.342474985417413,0.15000000000000002,0.6666666666666666,A,2026-07-27 00:00:00+00:00
USDCHF,WINNER_ONLY_ADDON,0.76,0.2,1,19,24,9,0.6570120412430905,0.0,0.4444444444444444,0.8264750258876992,0.5468153711247307,0.646200406317945,2,0.41191432396231253,0.41191432396231253,0.5,A,2026-07-27 00:00:00+00:00
USDCHF,WINNER_ONLY_ADDON,0.76,0.2,0,19,24,10,0.491310837118777,0.0,0.4,0.9283678543598398,0.3738805600683541,0.46983846552432146,2,0.41191432396231253,0.41191432396231253,0.5,A,2026-07-27 00:00:00+00:00
NZDUSD,MEAN_REVERSION_EXTREME,0.64,0.2,1,19,24,13,0.4100459866220575,0.15000000000000002,0.8461538461538461,0.8507445309956781,0.31566435496588885,0.4699839630966556,4,0.7110284280935544,0.4499999999999677,0.75,A,2026-07-27 00:00:00+00:00
NZDUSD,CLOSE_SESSION_FADE,0.55,0.2,0,0,24,38,0.7045166179744973,0.7499999999998257,0.8421052631578947,1.2135165606226255,0.6257732655625303,0.8000971300640707,7,0.4092843640291237,0.15000000000000002,0.8571428571428571,A,2026-07-27 00:00:00+00:00
NZDUSD,CLOSE_SESSION_FADE,0.55,0.2,0,19,24,38,0.7045166179744973,0.7499999999998257,0.8421052631578947,1.2135165606226255,0.6257732655625303,0.8000971300640707,7,0.4092843640291237,0.15000000000000002,0.8571428571428571,A,2026-07-27 00:00:00+00:00
EURJPY,MEAN_REVERSION_EXTREME,0.64,0.2,0,16,19,6,1.8713536698961557,0.15000000000000002,0.8333333333333334,3.851993759301595,1.2423257230512177,1.3812439260323242,2,0.15000000000000002,0.15000000000000002,1.0,A,2026-07-27 00:00:00+00:00
GBPJPY,WINNER_ONLY_ADDON,0.72,0.2,-1,19,24,6,0.44823512734890175,0.5000000000000124,0.6666666666666666,0.8079220105673623,0.31630201549200065,0.4352202184731069,4,0.8982838367603725,1.0823119083211545,0.5,A,2026-07-27 00:00:00+00:00
GBPJPY,CLOSE_SESSION_FADE,0.55,0.2,1,0,24,37,0.20652486261346456,0.15000000000000002,0.7567567567567568,0.8252716200066961,0.15225533518108356,0.3158178691864221,8,0.7625138654507575,0.7500000000001125,0.875,A,2026-07-27 00:00:00+00:00
GBPJPY,CLOSE_SESSION_FADE,0.55,0.2,1,19,24,37,0.20652486261346456,0.15000000000000002,0.7567567567567568,0.8252716200066961,0.15225533518108356,0.3158178691864221,8,0.7625138654507575,0.7500000000001125,0.875,A,2026-07-27 00:00:00+00:00
EURGBP,MEAN_REVERSION_EXTREME,0.72,0.2,1,19,24,8,0.9779160735593347,0.7500000000001081,0.875,1.137983252926164,0.8169809385551714,0.9659254301018958,3,0.5957836198180309,0.15000000000000002,1.0,A,2026-07-27 00:00:00+00:00
EURGBP,MEAN_REVERSION_EXTREME,0.72,0.2,0,19,24,10,0.9357012799001694,0.7500000000001081,0.9,1.0579375685418577,0.8018815863460586,0.957839491802026,4,0.6343377148635082,0.44999999999997015,1.0,A,2026-07-27 00:00:00+00:00
AUDJPY,BREAKOUT_RETEST,0.55,0.2,-1,16,19,10,0.3322074181046134,0.24999999999998784,0.5,1.0313240212548511,0.20175410159224402,0.3097120070482114,6,0.24461494742828896,0.25000000000005157,0.5,A,2026-07-27 00:00:00+00:00
GBPCHF,MEAN_REVERSION_EXTREME,0.76,0.2,1,19,24,12,0.7721051274597448,0.7499999999999925,0.75,1.2191347666735546,0.6313315703162631,0.7726305574654938,5,1.6274294642904408,1.2990235210265015,1.0,A,2026-07-27 00:00:00+00:00
GBPCHF,MEAN_REVERSION_EXTREME,0.76,0.2,0,19,24,13,0.7242508868859182,0.7499999999999705,0.7692307692307693,1.1829792693718502,0.5930111203157296,0.738099959215727,5,1.6274294642904408,1.2990235210265015,1.0,A,2026-07-27 00:00:00+00:00
GBPCHF,HTF_TREND_BREAKOUT,0.55,0.2,-1,19,24,36,0.1135821703876718,0.0,0.3611111111111111,1.1461736520730013,0.03717059358280504,0.15272228516902286,5,1.8139353132777274,2.672558802565741,0.6,A,2026-07-27 00:00:00+00:00
GBPCHF,CLOSE_SESSION_CONTINUATION,0.76,0.2,0,0,24,42,0.37191429627695644,0.0,0.40476190476190477,1.5351763046580003,0.27716115764049465,0.4009565885257945,9,3.131950082559504,2.204625346901577,0.6666666666666666,A,2026-07-27 00:00:00+00:00
GBPCHF,CLOSE_SESSION_CONTINUATION,0.76,0.2,0,19,24,42,0.37191429627695644,0.0,0.40476190476190477,1.5351763046580003,0.27716115764049465,0.4009565885257945,9,3.131950082559504,2.204625346901577,0.6666666666666666,A,2026-07-27 00:00:00+00:00
GBPCHF,CLOSE_SESSION_FADE,0.55,0.2,1,0,24,40,0.6381838314732017,0.44999999999994705,0.7,1.394590496393151,0.5499821840366579,0.708253625370744,9,0.4934592926612309,0.15000000000000002,0.5555555555555556,A,2026-07-27 00:00:00+00:00
GBPCHF,CLOSE_SESSION_FADE,0.55,0.2,1,19,24,40,0.6381838314732017,0.44999999999994705,0.7,1.394590496393151,0.5499821840366579,0.708253625370744,9,0.4934592926612309,0.15000000000000002,0.5555555555555556,A,2026-07-27 00:00:00+00:00
XAUUSD,MEAN_REVERSION_EXTREME,0.6,0.2,1,7,10,15,0.4844561082397397,0.15000000000000002,0.9333333333333333,0.6711695557211314,0.4151380145920231,0.5825897890368188,2,0.15000000000000002,0.15000000000000002,1.0,A,2026-07-27 00:00:00+00:00
XAUUSD,CLOSE_SESSION_FADE,0.55,0.2,0,0,24,20,0.17292112680170288,0.15000000000000002,0.6,1.2758169810689766,0.05880858694095113,0.19169903569541957,4,0.36270966911589025,0.15000000000000002,0.75,A,2026-07-27 00:00:00+00:00
XAUUSD,CLOSE_SESSION_FADE,0.55,0.2,0,19,24,20,0.17292112680170288,0.15000000000000002,0.6,1.2758169810689766,0.05880858694095113,0.19169903569541957,4,0.36270966911589025,0.15000000000000002,0.75,A,2026-07-27 00:00:00+00:00
XAGUSD,DAY_OPEN_DRIVE_FADE,0.55,0.2,-1,0,3,14,0.21292152651440094,0.0,0.35714285714285715,0.9061519637706293,0.11604980683491269,0.21306795371409976,2,0.4939973778391754,0.4939973778391754,0.5,A,2026-07-27 00:00:00+00:00
BTCUSD,MEAN_REVERSION_EXTREME,0.64,0.2,0,16,19,16,0.16781577711012813,0.15000000000000002,0.8125,0.7025270766183839,0.09756306944828974,0.2517273363294141,3,0.15000000000000002,0.15000000000000002,1.0,A,2026-07-27 00:00:00+00:00
BNBUSD,CLOSE_SESSION_FADE,0.55,0.2,1,0,24,24,0.17611998648354374,0.15000000000000002,0.75,0.8198789734085774,0.10917714862727998,0.263554665124644,3,0.21235836627153312,0.15000000000000002,0.6666666666666666,A,2026-07-27 00:00:00+00:00
BNBUSD,CLOSE_SESSION_FADE,0.55,0.2,1,19,24,24,0.17611998648354374,0.15000000000000002,0.75,0.8198789734085774,0.10917714862727998,0.263554665124644,3,0.21235836627153312,0.15000000000000002,0.6666666666666666,A,2026-07-27 00:00:00+00:00
XRPUSD,MEAN_REVERSION_EXTREME,0.72,0.2,1,19,24,14,0.04546244373476032,0.15000000000000002,0.7857142857142857,0.6599143522326602,-0.025085367998653206,0.12336135030910528,2,0.15000000000000002,0.15000000000000002,1.0,A,2026-07-27 00:00:00+00:00
XRPUSD,VOLATILITY_REVERSAL,0.55,0.2,0,0,24,25,0.08275176328869752,0.0,0.36,1.0164116623455912,0.0014388303010502146,0.10980076106147985,2,0.14450733213276223,0.14450733213276223,0.5,A,2026-07-27 00:00:00+00:00
US100,WINNER_ONLY_ADDON,0.64,0.2,-1,0,3,20,0.2465271038284751,0.2500000000000057,0.5,0.9395624634423347,0.16249008233390622,0.2833805310883747,4,1.5931700403370996e-14,0.25000000000002653,0.5,A,2026-07-27 00:00:00+00:00
US100,CLOSE_SESSION_FADE,0.55,0.2,1,0,24,10,0.6212792163152308,0.4499999999999896,0.8,1.2297521508126283,0.46572650615287914,0.6096844116088466,2,0.15000000000000002,0.15000000000000002,1.0,A,2026-07-27 00:00:00+00:00
US100,CLOSE_SESSION_FADE,0.55,0.2,1,19,24,10,0.6212792163152308,0.4499999999999896,0.8,1.2297521508126283,0.46572650615287914,0.6096844116088466,2,0.15000000000000002,0.15000000000000002,1.0,A,2026-07-27 00:00:00+00:00
US500,SUPPLY_DEMAND_SWEEP_BOS,0.55,0.2,0,10,13,10,0.9896693802501186,1.0849249501111662,0.7,1.114769902906363,0.848660901842564,0.9806188072985315,3,0.8022941410157521,1.6741827713515072,0.6666666666666666,A,2026-07-27 00:00:00+00:00
US500,SUPPLY_DEMAND_SWEEP_BOS,0.55,0.2,1,0,24,19,0.35314133092109484,0.0,0.3684210526315789,0.938456074746632,0.2670226952837807,0.37114786707065,5,0.2348365542703034,0.0,0.4,A,2026-07-27 00:00:00+00:00
GER40,WINNER_ONLY_ADDON,0.72,0.2,1,19,24,14,0.8850697815791485,0.0,0.42857142857142855,2.1708993325168766,0.652990880909023,0.7585804563596386,3,1.019321697638135,1.5289825464572024,0.6666666666666666,A,2026-07-27 00:00:00+00:00
GER40,WINNER_ONLY_ADDON,0.72,0.2,0,19,24,17,0.6112339377710615,0.0,0.35294117647058826,2.0664663824851583,0.41075725149401837,0.5109176278284122,5,0.5115930185828834,0.5000000000000143,0.6,A,2026-07-27 00:00:00+00:00
UK100,MEAN_REVERSION_EXTREME,0.55,0.2,1,13,16,16,0.07019702807500178,0.15000000000000002,0.6875,0.8353901592471151,-0.013341987849709747,0.12582227903141457,6,0.05945669158184399,0.15000000000000002,0.6666666666666666,A,2026-07-27 00:00:00+00:00
JP225,MEAN_REVERSION_EXTREME,0.55,0.2,-1,19,24,6,0.42643651583774217,0.15000000000000002,0.8333333333333334,1.0084638006380946,0.2617550667956653,0.40067326977677153,2,0.07882901004100418,0.07882901004100418,0.5,A,2026-07-27 00:00:00+00:00
WTI,HTF_TREND_BREAKOUT,0.72,0.2,1,19,24,6,0.6896112390340855,0.7336738507537302,0.5,1.0995760941860968,0.5100512147595232,0.6089694177406294,12,0.8465953516246635,0.0,0.4166666666666667,A,2026-07-27 00:00:00+00:00
NATGAS,MEAN_REVERSION_EXTREME,0.6,0.2,-1,19,24,9,0.7132584637296367,0.15000000000000002,0.7777777777777778,1.562971298409318,0.5048622906083944,0.6442473258016087,2,0.15000000000000002,0.15000000000000002,1.0,A,2026-07-27 00:00:00+00:00
NATGAS,COMPRESSION_EXPANSION,0.55,0.2,0,10,13,8,0.21223094242762597,0.24999999999998548,0.5,1.1536465179239155,0.04908068724437625,0.15302517879110064,2,0.24999999999998684,0.24999999999998684,0.5,A,2026-07-27 00:00:00+00:00
V50,CLOSE_SESSION_FADE,0.55,0.2,1,0,24,14,0.05901004120100038,0.15000000000000002,0.7142857142857143,0.7689502612757235,-0.023194199517972858,0.11668109021835707,3,0.15000000000000002,0.15000000000000002,1.0,A,2026-07-27 00:00:00+00:00
V50,CLOSE_SESSION_FADE,0.55,0.2,1,19,24,14,0.05901004120100038,0.15000000000000002,0.7142857142857143,0.7689502612757235,-0.023194199517972858,0.11668109021835707,3,0.15000000000000002,0.15000000000000002,1.0,A,2026-07-27 00:00:00+00:00
V100,MEAN_REVERSION_EXTREME,0.64,0.2,1,13,16,8,0.19897036013765343,0.15000000000000002,0.75,0.8345037240821231,0.08095371169287405,0.21489820323959843,2,0.14378718535468926,0.14378718535468926,0.5,A,2026-07-27 00:00:00+00:00
V100,CLOSE_SESSION_FADE,0.55,0.2,1,0,24,13,0.06309115135402962,0.15000000000000002,0.6923076923076923,0.8659566294799134,-0.032978111104979585,0.10287995856424867,3,0.9206115736458003,0.7499999999999972,1.0,A,2026-07-27 00:00:00+00:00
V100,CLOSE_SESSION_FADE,0.55,0.2,1,19,24,13,0.06309115135402962,0.15000000000000002,0.6923076923076923,0.8659566294799134,-0.032978111104979585,0.10287995856424867,3,0.9206115736458003,0.7499999999999972,1.0,A,2026-07-27 00:00:00+00:00
V10,MEAN_REVERSION_EXTREME,0.64,0.2,0,16,19,6,0.4188120613902048,0.15000000000000002,0.8333333333333334,0.8972750650307855,0.27228765684033696,0.4112058598214432,4,0.012500000000020522,0.15000000000000002,0.75,A,2026-07-27 00:00:00+00:00
GBPJPY,RELATIVE_VALUE_ROTATION,0.55,0.2,-1,19,24,9,1.1526677896752018,1.3619190404796035,0.5555555555555556,1.1791626334376932,0.9954461052168426,1.1081644737433902,2,1.1567663738461782,1.1567663738461782,0.5,A,2026-07-27 00:00:00+00:00
GBPJPY,RELATIVE_VALUE_ROTATION,0.72,0.2,0,19,24,24,0.5840795581688146,0.0,0.375,0.9847883803111427,0.5036719236226745,0.6130494401200386,4,0.8496486683884199,0.5425309629306616,0.75,A,2026-07-27 00:00:00+00:00
NZDUSD,RELATIVE_VALUE_ROTATION,0.76,0.2,-1,19,24,40,0.8249612518074109,0.4999999999999656,0.525,1.7389251837978246,0.7149819665788498,0.852253407912936,7,0.4730017392377882,0.0,0.42857142857142855,A,2026-07-27 00:00:00+00:00
NZDUSD,RELATIVE_VALUE_ROTATION,0.76,0.2,0,19,24,71,0.7344907327662089,0.49999999999990796,0.5070422535211268,1.5631275713837411,0.6602870875207958,0.806665480323652,14,0.7894711666710826,0.4124854923666208,0.5714285714285714,A,2026-07-27 00:00:00+00:00
GBPUSD,RELATIVE_VALUE_ROTATION,0.72,0.2,0,16,19,13,0.825055853597049,1.31720226843058,0.6153846153846154,1.1361372052477359,0.6990127474591086,0.8256400478975676,5,0.7074363520578919,0.49999999999995043,0.6,A,2026-07-27 00:00:00+00:00
GBPCHF,RELATIVE_VALUE_ROTATION,0.76,0.2,0,16,19,10,1.1305001145089588,1.4017363352328231,0.8,0.6596850198566016,1.0470558264673482,1.1910137319233156,4,0.5069817364044725,0.2499999999999878,0.5,A,2026-07-27 00:00:00+00:00
USDCAD,RELATIVE_VALUE_ROTATION,0.76,0.2,1,10,13,17,0.8904436260718954,0.4999999999996323,0.5294117647058824,1.3223464711606585,0.7621571749128796,0.8834940218355087,3,0.7793025362319548,0.5000000000001595,0.6666666666666666,A,2026-07-27 00:00:00+00:00
USDCAD,RELATIVE_VALUE_ROTATION,0.76,0.2,0,10,13,25,0.7118998350652589,0.0,0.4,1.2265504937300564,0.6137757955668544,0.726937726327284,4,0.5844769021739661,0.25000000000007977,0.5,A,2026-07-27 00:00:00+00:00
ETHUSD,RELATIVE_VALUE_ROTATION,0.76,0.2,1,13,16,9,1.406039478830982,1.4385498340406317,0.6666666666666666,1.4389373588587069,1.2141811643164877,1.3402328661763687,2,2.8907507536482226,2.8907507536482226,1.0,A,2026-07-27 00:00:00+00:00
ETHUSD,RELATIVE_VALUE_ROTATION,0.76,0.2,0,13,16,15,0.8275637952563475,0.5000000000000084,0.5333333333333333,1.4139731022514679,0.6815292812028763,0.8009810556476719,3,1.927167169098815,1.9929078311109159,0.6666666666666666,A,2026-07-27 00:00:00+00:00
SOLUSD,RELATIVE_VALUE_ROTATION,0.76,0.2,-1,13,16,10,0.7695238030521356,0.8774990709773351,0.7,0.8690599535120859,0.659595447998606,0.7915533534545734,2,0.2500000000000093,0.2500000000000093,0.5,A,2026-07-27 00:00:00+00:00
JP225,RELATIVE_VALUE_ROTATION,0.76,0.2,0,0,3,98,0.520639331628572,0.0,0.45918367346938777,1.1737687326530253,0.47321191274836094,0.6202163505673792,21,0.4343551011607986,0.0,0.47619047619047616,A,2026-07-27 00:00:00+00:00
GER40,RELATIVE_VALUE_ROTATION,0.76,0.2,1,10,13,12,1.0018663203481426,1.2857027075992176,0.75,0.9983251425207398,0.8865896623935184,1.027888649542749,2,0.8752718527597795,0.8752718527597795,0.5,A,2026-07-27 00:00:00+00:00
GER40,RELATIVE_VALUE_ROTATION,0.76,0.2,1,7,10,20,0.6850870346154393,0.49999999999999833,0.6,1.084332648571652,0.5881013741182951,0.7209918228727635,5,0.8999494715818466,1.4420450142466528,0.6,A,2026-07-27 00:00:00+00:00
UK100,RELATIVE_VALUE_ROTATION,0.55,0.2,-1,0,3,17,0.49356859049405033,0.0,0.4117647058823529,1.2375406191458287,0.3735095154650967,0.4807287153289024,3,1.9319552516739595,1.6044460003871461,0.6666666666666666,A,2026-07-27 00:00:00+00:00
NATGAS,RELATIVE_VALUE_ROTATION,0.72,0.2,-1,19,24,23,0.566202128758061,0.49999999999999384,0.6086956521739131,0.7115967740812259,0.5068508550010804,0.6434554098689089,6,0.24444848705352148,0.249999999999976,0.5,A,2026-07-27 00:00:00+00:00
BRENT,RELATIVE_VALUE_ROTATION,0.55,0.2,-1,7,10,7,0.028904764189815104,0.0,0.42857142857142855,0.9951661017590221,-0.1215502082933832,-0.028532806031215066,2,0.2500000000000074,0.2500000000000074,0.5,A,2026-07-27 00:00:00+00:00
WTI,RELATIVE_VALUE_ROTATION,0.72,0.2,-1,0,24,16,0.21744844935134855,0.24999999999997877,0.5,0.7406520956222561,0.14338323978912293,0.26004750667024723,3,0.5250074575725299,1.282572159298433,0.6666666666666666,A,2026-07-27 00:00:00+00:00
US30,INTERMARKET_LEAD_LAG,0.55,0.2,-1,16,19,11,0.3577285437833169,0.0,0.36363636363636365,0.7631833961725667,0.2656851630075511,0.35901965963967475,2,1.5794826060733103,1.5794826060733103,1.0,A,2026-07-27 00:00:00+00:00
GER40,INTERMARKET_LEAD_LAG,0.55,0.2,1,16,19,12,0.5397161766000477,0.49999999999995437,0.5833333333333334,0.7634396458130271,0.4515617595960109,0.5728607467452417,2,0.8046034605521419,0.8046034605521419,0.5,A,2026-07-27 00:00:00+00:00
GER40,INTERMARKET_LEAD_LAG,0.55,0.2,0,16,19,21,0.5105073525508529,0.0,0.47619047619047616,1.139108066554312,0.41107784893713994,0.5300415551471634,5,1.1154412088057757,1.6092069211042839,0.8,A,2026-07-27 00:00:00+00:00
UK100,INTERMARKET_LEAD_LAG,0.55,0.2,1,19,24,8,0.9029741908961583,0.6400081490961258,0.5,0.9630751094071164,0.7667748027654087,0.8707192943121331,2,0.9512094547269372,0.9512094547269372,0.5,A,2026-07-27 00:00:00+00:00
UK100,INTERMARKET_LEAD_LAG,0.55,0.2,1,16,19,20,0.2457896576689146,0.0,0.4,0.9688139017714069,0.1591363079926078,0.26802675674707627,2,0.7964252364346771,0.7964252364346771,0.5,A,2026-07-27 00:00:00+00:00
AUDUSD,ENSEMBLE_CONFLUENCE,0.76,0.2,0,13,16,26,0.5425808213603779,0.0,0.46153846153846156,1.0791516042860199,0.4579252046160798,0.5792265573207818,2,1.1413998427141752,1.1413998427141752,0.5,A,2026-07-27 00:00:00+00:00
BTCUSD,ENSEMBLE_CONFLUENCE,0.55,0.2,1,7,10,90,0.40131490124948904,0.0,0.37777777777777777,1.1845551549664233,0.3513696705323209,0.4869201939959912,11,0.861030646266272,0.5000000000000459,0.5454545454545454,A,2026-07-27 00:00:00+00:00
ETHUSD,ENSEMBLE_CONFLUENCE,0.68,0.2,1,13,16,43,0.7122383624466868,0.0,0.46511627906976744,1.5245171863913747,0.619243685897819,0.7507414320645563,11,0.6369507221008313,0.49999999999999506,0.5454545454545454,A,2026-07-27 00:00:00+00:00
EURJPY,ENSEMBLE_CONFLUENCE,0.76,0.2,1,0,3,20,0.9121010756052392,0.24999999999988048,0.5,2.7076923339142684,0.6699177107737447,0.7908081595282132,7,0.6779355340117315,0.0,0.42857142857142855,A,2026-07-27 00:00:00+00:00
GBPCHF,ENSEMBLE_CONFLUENCE,0.76,0.2,-1,19,24,37,0.7637762460464922,0.0,0.43243243243243246,1.7822077583443294,0.6465789857906687,0.7712226008770884,11,3.917393707809137,2.5029996629597724,0.8181818181818182,A,2026-07-27 00:00:00+00:00
GBPCHF,ENSEMBLE_CONFLUENCE,0.64,0.2,0,19,24,157,0.50565105144443,0.0,0.36942675159235666,1.6005589636663278,0.45455564677566257,0.6001387576272847,33,1.4361078906145723,0.06365444728622506,0.5151515151515151,A,2026-07-27 00:00:00+00:00
JP225,ENSEMBLE_CONFLUENCE,0.76,0.2,1,19,24,50,0.5757234187395006,0.0,0.4,1.1468586534968164,0.5108472962634949,0.6374838089179815,2,0.872858604683846,0.872858604683846,0.5,A,2026-07-27 00:00:00+00:00
NATGAS,ENSEMBLE_CONFLUENCE,0.68,0.2,1,0,3,40,0.43911772220753953,0.0,0.475,1.2457583351740562,0.3603290471417501,0.49160048847583626,5,1.3996400639138298,2.3452358926917287,0.6,A,2026-07-27 00:00:00+00:00
NZDUSD,ENSEMBLE_CONFLUENCE,0.72,0.2,1,3,7,35,0.4831743565390492,0.0,0.42857142857142855,1.125838581132075,0.4070537751805461,0.5301527253782398,7,0.49204612243163065,0.499999999999818,0.5714285714285714,A,2026-07-27 00:00:00+00:00
SOLUSD,ENSEMBLE_CONFLUENCE,0.76,0.2,-1,7,10,38,0.5404026931467202,0.0,0.42105263157894735,1.609840848040497,0.43594242508132763,0.5597399737933942,7,0.5192546583850997,0.499999999999914,0.5714285714285714,A,2026-07-27 00:00:00+00:00
SOLUSD,ENSEMBLE_CONFLUENCE,0.72,0.2,-1,3,7,44,0.4695768390250285,0.0,0.4318181818181818,1.151125869864272,0.4001613372648236,0.5281127688784119,10,0.44355443379062115,0.4999999999999558,0.6,A,2026-07-27 00:00:00+00:00
US100,ENSEMBLE_CONFLUENCE,0.72,0.2,-1,10,13,18,0.6010054814325999,0.24999999999997305,0.5,1.1341446435951348,0.4940772989882639,0.6129660785715927,5,0.3000000000000189,0.4999999999999712,0.6,A,2026-07-27 00:00:00+00:00
US500,ENSEMBLE_CONFLUENCE,0.68,0.2,0,7,10,25,0.5832836144181387,0.0,0.4,1.5266492729653063,0.46115167258091416,0.5743136033413438,3,0.609453561234743,0.4999999999999796,0.6666666666666666,A,2026-07-27 00:00:00+00:00
USDJPY,ENSEMBLE_CONFLUENCE,0.72,0.2,-1,3,7,10,3.0890822196827337,0.24999999999996333,0.5,7.112810766689462,2.1893749161424454,2.297332821598413,2,0.2084872899013066,0.2084872899013066,0.5,A,2026-07-27 00:00:00+00:00
V25,ENSEMBLE_CONFLUENCE,0.68,0.2,1,10,13,26,0.2635963159293528,0.0,0.4230769230769231,0.8018338717659859,0.2006952919479002,0.31738126003721756,6,0.22150694703833496,0.24999999999997535,0.5,A,2026-07-27 00:00:00+00:00
V75,ENSEMBLE_CONFLUENCE,0.76,0.2,-1,10,13,18,0.4330066960222724,0.0,0.3888888888888889,0.8160545241554813,0.3560683376424988,0.46162378389249425,5,0.43789899263653737,0.0,0.4,A,2026-07-27 00:00:00+00:00
WTI,ENSEMBLE_CONFLUENCE,0.72,0.2,1,10,13,11,0.8388134491527013,0.0,0.36363636363636365,2.103595699684017,0.5851102620088096,0.6784447586409331,4,1.197727272727238,0.2500000000000046,0.5,A,2026-07-27 00:00:00+00:00
EURUSD,HTF_TREND_BREAKOUT,0.68,0.2,-1,3,7,33,0.2189561412241249,0.0,0.45454545454545453,1.0195623982849857,0.14796292826651694,0.2730355933042947,4,0.4604137447406734,0.24999999999980374,0.5,A,2026-08-03 00:00:00+00:00
EURUSD,CLOSE_SESSION_FADE,0.55,0.2,1,0,24,26,0.09282605282151477,0.15000000000000002,0.6538461538461539,1.0434971566006457,0.010967401069433558,0.1553456768510586,8,0.29885252496105985,0.15000000000000002,0.875,A,2026-08-03 00:00:00+00:00
EURUSD,CLOSE_SESSION_FADE,0.55,0.2,1,19,24,26,0.09282605282151477,0.15000000000000002,0.6538461538461539,1.0434971566006457,0.010967401069433558,0.1553456768510586,8,0.29885252496105985,0.15000000000000002,0.875,A,2026-08-03 00:00:00+00:00
EURUSD,BREAKOUT_RETEST,0.55,0.2,1,10,13,11,0.10554741700986807,0.0,0.36363636363636365,0.8764252431859023,-0.00015344438808188865,0.09318105224404175,2,0.8580355291351409,0.8580355291351409,0.5,A,2026-08-03 00:00:00+00:00
GBPUSD,CLOSE_SESSION_FADE,0.55,0.2,0,0,24,37,0.05766171623660383,0.15000000000000002,0.6216216216216216,0.8573487544664029,0.0012828094358893968,0.1486291272250117,4,0.5640019762845487,0.9691304347827077,0.75,A,2026-08-03 00:00:00+00:00
GBPUSD,CLOSE_SESSION_FADE,0.55,0.2,0,19,24,37,0.05766171623660383,0.15000000000000002,0.6216216216216216,0.8573487544664029,0.0012828094358893968,0.1486291272250117,4,0.5640019762845487,0.9691304347827077,0.75,A,2026-08-03 00:00:00+00:00
GBPUSD,SUPPLY_DEMAND_SWEEP_BOS,0.55,0.2,-1,19,24,8,0.31135554297152035,0.0,0.375,1.106814503528362,0.154828334779415,0.24377282632613936,2,1.0499589827729607,1.0499589827729607,0.5,A,2026-08-03 00:00:00+00:00
USDJPY,SESSION_OPEN_RANGE_BREAKOUT,0.55,0.2,-1,7,10,18,0.0489054748001912,0.0,0.3888888888888889,1.2868709008929335,-0.07242187727088012,0.03313356897911535,2,0.49999999999998646,0.49999999999998646,1.0,A,2026-08-03 00:00:00+00:00
USDJPY,MEAN_REVERSION_EXTREME,0.55,0.2,1,16,19,7,0.7867875852459868,1.1273913043478427,0.8571428571428571,1.0036039565131223,0.6350569290326038,0.7795029027233433,3,0.7569565217392404,0.7499999999999942,1.0,A,2026-08-03 00:00:00+00:00
USDJPY,MEAN_REVERSION_EXTREME,0.64,0.2,0,16,19,13,0.3967691561711765,0.15000000000000002,0.9230769230769231,0.7613810678226682,0.31230151062649475,0.4758518879880307,2,0.7604347826088635,0.7604347826088635,1.0,A,2026-08-03 00:00:00+00:00
USDJPY,CLOSE_SESSION_FADE,0.55,0.2,0,0,24,34,0.2171918768068022,0.15000000000000002,0.7941176470588235,0.7654190244985404,0.1646845649097386,0.33108564378658567,8,0.0029915978115497704,0.15000000000000002,0.625,A,2026-08-03 00:00:00+00:00
USDJPY,CLOSE_SESSION_FADE,0.55,0.2,0,19,24,34,0.2171918768068022,0.15000000000000002,0.7941176470588235,0.7654190244985404,0.1646845649097386,0.33108564378658567,8,0.0029915978115497704,0.15000000000000002,0.625,A,2026-08-03 00:00:00+00:00
AUDUSD,CLOSE_SESSION_FADE,0.55,0.2,1,0,24,28,0.43203600360783556,0.15000000000000002,0.8214285714285714,0.8618976416859593,0.3668826660222897,0.5328000111934477,7,0.3849296149401925,0.7500000000001987,0.7142857142857143,A,2026-08-03 00:00:00+00:00
AUDUSD,CLOSE_SESSION_FADE,0.55,0.2,1,19,24,28,0.43203600360783556,0.15000000000000002,0.8214285714285714,0.8618976416859593,0.3668826660222897,0.5328000111934477,7,0.3849296149401925,0.7500000000001987,0.7142857142857143,A,2026-08-03 00:00:00+00:00
USDCAD,CLOSE_SESSION_FADE,0.55,0.2,1,0,24,36,0.429128200550933,0.15000000000000002,0.8611111111111112,0.841581192625423,0.37302278770923814,0.548574479295456,6,0.2979008134926506,0.45000000000004187,0.6666666666666666,A,2026-08-03 00:00:00+00:00
USDCAD,CLOSE_SESSION_FADE,0.55,0.2,1,19,24,36,0.429128200550933,0.15000000000000002,0.8611111111111112,0.841581192625423,0.37302278770923814,0.548574479295456,6,0.2979008134926506,0.45000000000004187,0.6666666666666666,A,2026-08-03 00:00:00+00:00
USDCHF,CLOSE_SESSION_FADE,0.55,0.2,0,0,24,35,0.19887421291657056,0.15000000000000002,0.6571428571428571,1.0447029290345837,0.1282394028844968,0.27876692451076185,4,0.5547714236548625,0.45000000000002177,0.75,A,2026-08-03 00:00:00+00:00
USDCHF,CLOSE_SESSION_FADE,0.55,0.2,0,19,24,35,0.19887421291657056,0.15000000000000002,0.6571428571428571,1.0447029290345837,0.1282394028844968,0.27876692451076185,4,0.5547714236548625,0.45000000000002177,0.75,A,2026-08-03 00:00:00+00:00
NZDUSD,CLOSE_SESSION_FADE,0.55,0.2,0,0,24,42,0.7223005245532088,0.749999999999881,0.8571428571428571,1.1662799700837685,0.6503161620021632,0.8283973071731774,7,0.2772853581452174,0.15000000000000002,0.5714285714285714,A,2026-08-03 00:00:00+00:00
NZDUSD,CLOSE_SESSION_FADE,0.55,0.2,0,19,24,42,0.7223005245532088,0.749999999999881,0.8571428571428571,1.1662799700837685,0.6503161620021632,0.8283973071731774,7,0.2772853581452174,0.15000000000000002,0.5714285714285714,A,2026-08-03 00:00:00+00:00
EURJPY,HTF_TREND_BREAKOUT,0.76,0.2,-1,7,10,10,0.6579328955725156,0.0,0.4,1.8278533800990038,0.4267256991745019,0.5226836046304694,2,0.9168875260102733,0.9168875260102733,0.5,A,2026-08-03 00:00:00+00:00
EURJPY,CLOSE_SESSION_FADE,0.55,0.2,0,0,24,40,0.0712656395319435,0.15000000000000002,0.625,0.9420603273010342,0.01168451298084406,0.1609559543149302,6,0.2500000000000111,0.15000000000000002,1.0,A,2026-08-03 00:00:00+00:00
EURJPY,CLOSE_SESSION_FADE,0.55,0.2,0,19,24,40,0.0712656395319435,0.15000000000000002,0.625,0.9420603273010342,0.01168451298084406,0.1609559543149302,6,0.2500000000000111,0.15000000000000002,1.0,A,2026-08-03 00:00:00+00:00
GBPJPY,CLOSE_SESSION_FADE,0.55,0.2,1,0,24,41,0.21590862795997262,0.15000000000000002,0.7560975609756098,0.8288967204177842,0.16412786034206323,0.3296129600248038,7,0.9341824419921455,0.749999999999954,1.0,A,2026-08-03 00:00:00+00:00
GBPJPY,CLOSE_SESSION_FADE,0.55,0.2,1,19,24,41,0.21590862795997262,0.15000000000000002,0.7560975609756098,0.8288967204177842,0.16412786034206323,0.3296129600248038,7,0.9341824419921455,0.749999999999954,1.0,A,2026-08-03 00:00:00+00:00
EURGBP,MEAN_REVERSION_EXTREME,0.72,0.2,0,19,24,11,0.8642738908183358,0.750000000000099,0.9090909090909091,1.0336838315434498,0.7396069300515518,0.8983959721382209,4,0.7843377148635332,0.75000000000002,1.0,A,2026-08-03 00:00:00+00:00
EURGBP,MEAN_REVERSION_EXTREME,0.72,0.2,1,19,24,9,0.8859253987194087,0.750000000000099,0.8888888888888888,1.1039993728894992,0.7387254823341421,0.8914438508606898,3,0.7957836198180641,0.7500000000000998,1.0,A,2026-08-03 00:00:00+00:00
AUDJPY,WINNER_ONLY_ADDON,0.68,0.2,-1,19,24,11,0.2587969244686026,0.4999999999999784,0.6363636363636364,0.7491699014894124,0.16844363474249718,0.2945054041018935,2,0.5859038142617143,0.5859038142617143,0.5,A,2026-08-03 00:00:00+00:00
AUDJPY,HTF_TREND_BREAKOUT,0.6,0.2,-1,10,13,11,0.5766432624644241,0.0,0.36363636363636365,1.579090879124529,0.38619773679429625,0.47953223342641993,2,1.0866220735788041,1.0866220735788041,0.5,A,2026-08-03 00:00:00+00:00
AUDJPY,BREAKOUT_RETEST,0.55,0.2,-1,7,10,6,0.930172722729413,0.9955158029839601,0.6666666666666666,0.7886840131333682,0.8013811626982623,0.9202993656793685,2,1.3789830408144519,1.3789830408144519,0.5,A,2026-08-03 00:00:00+00:00
AUDJPY,CLOSE_SESSION_FADE,0.55,0.2,1,0,24,43,0.38723744530832016,0.15000000000000002,0.7674418604651163,0.9865357216179739,0.32705933045680596,0.49483614639098517,5,0.2719999999999659,0.15000000000000002,0.8,A,2026-08-03 00:00:00+00:00
AUDJPY,CLOSE_SESSION_FADE,0.55,0.2,1,19,24,43,0.38723744530832016,0.15000000000000002,0.7674418604651163,0.9865357216179739,0.32705933045680596,0.49483614639098517,5,0.2719999999999659,0.15000000000000002,0.8,A,2026-08-03 00:00:00+00:00
CADJPY,WINNER_ONLY_ADDON,0.55,0.2,-1,3,7,24,1.1425924042793518,0.0,0.4583333333333333,2.8447614257036933,0.910318606515137,1.029696123012501,3,0.4999999999995924,0.4999999999995924,1.0,A,2026-08-03 00:00:00+00:00
CADJPY,CLOSE_SESSION_FADE,0.55,0.2,1,0,24,40,0.03883909552879333,0.15000000000000002,0.625,0.9220757180224416,-0.019478093352928362,0.1297933479811578,8,0.5141018437248875,0.15000000000000002,0.875,A,2026-08-03 00:00:00+00:00
CADJPY,CLOSE_SESSION_FADE,0.55,0.2,1,19,24,40,0.03883909552879333,0.15000000000000002,0.625,0.9220757180224416,-0.019478093352928362,0.1297933479811578,8,0.5141018437248875,0.15000000000000002,0.875,A,2026-08-03 00:00:00+00:00
GBPCHF,MEAN_REVERSION_EXTREME,0.76,0.2,1,19,24,13,1.010708183565931,0.7500000000000144,0.7692307692307693,1.4335747738682227,0.8516673418922827,0.9967561807922801,8,0.3204003080764419,0.15000000000000002,0.75,A,2026-08-03 00:00:00+00:00
GBPCHF,MEAN_REVERSION_EXTREME,0.76,0.2,0,19,24,14,0.9492290275969358,0.7499999999999925,0.7857142857142857,1.3990986686364335,0.7996590885018188,0.9481058068095772,8,0.3204003080764419,0.15000000000000002,0.75,A,2026-08-03 00:00:00+00:00
GBPCHF,INTRADAY_SWING_CONTINUATION,0.55,0.2,-1,19,24,58,0.5554424301273073,0.0,0.3620689655172414,2.415960088204629,0.4285499896818631,0.5535490144220464,6,0.8323458279266557,0.4999999999999895,0.6666666666666666,A,2026-08-03 00:00:00+00:00
GBPCHF,CLOSE_SESSION_CONTINUATION,0.76,0.2,0,0,24,47,0.5055645018165906,0.0,0.425531914893617,1.6728490470566761,0.4079604570061174,0.5364483070115093,9,3.2050554452075812,2.204625346901577,0.6666666666666666,A,2026-08-03 00:00:00+00:00
GBPCHF,CLOSE_SESSION_CONTINUATION,0.76,0.2,0,19,24,47,0.5055645018165906,0.0,0.425531914893617,1.6728490470566761,0.4079604570061174,0.5364483070115093,9,3.2050554452075812,2.204625346901577,0.6666666666666666,A,2026-08-03 00:00:00+00:00
GBPCHF,CLOSE_SESSION_FADE,0.55,0.2,1,0,24,45,0.6192880534794375,0.15000000000000002,0.6666666666666666,1.468080431628796,0.531748649704525,0.6883214776343068,9,0.05009038594972201,0.15000000000000002,0.5555555555555556,A,2026-08-03 00:00:00+00:00
GBPCHF,CLOSE_SESSION_FADE,0.55,0.2,1,19,24,45,0.6192880534794375,0.15000000000000002,0.6666666666666666,1.468080431628796,0.531748649704525,0.6883214776343068,9,0.05009038594972201,0.15000000000000002,0.5555555555555556,A,2026-08-03 00:00:00+00:00
XAUUSD,CLOSE_SESSION_FADE,0.55,0.2,0,0,24,22,0.11856466072881776,0.15000000000000002,0.5909090909090909,1.2407008095233998,0.012757340179467919,0.14637631540714183,7,0.08478052770732769,0.15000000000000002,0.5714285714285714,A,2026-08-03 00:00:00+00:00
XAUUSD,CLOSE_SESSION_FADE,0.55,0.2,0,19,24,22,0.11856466072881776,0.15000000000000002,0.5909090909090909,1.2407008095233998,0.012757340179467919,0.14637631540714183,7,0.08478052770732769,0.15000000000000002,0.5714285714285714,A,2026-08-03 00:00:00+00:00
XAUUSD,CLOSE_SESSION_CONTINUATION,0.55,0.2,1,0,24,14,0.10228457157041804,0.0,0.35714285714285715,0.7572980961144902,0.021325999704228757,0.11834414658341583,2,0.6679933665008521,0.6679933665008521,0.5,A,2026-08-03 00:00:00+00:00
XAUUSD,CLOSE_SESSION_CONTINUATION,0.55,0.2,1,19,24,14,0.10228457157041804,0.0,0.35714285714285715,0.7572980961144902,0.021325999704228757,0.11834414658341583,2,0.6679933665008521,0.6679933665008521,0.5,A,2026-08-03 00:00:00+00:00
XAGUSD,MEAN_REVERSION_EXTREME,0.55,0.2,-1,13,16,14,0.29933856443640805,0.4499999999999957,0.7142857142857143,0.930727294005391,0.19983963144533967,0.3397149211816696,2,0.15000000000000002,0.15000000000000002,1.0,A,2026-08-03 00:00:00+00:00
XAGUSD,SUPPLY_DEMAND_SWEEP_BOS,0.55,0.2,0,19,24,7,0.4282464354300342,0.0,0.42857142857142855,1.3748784939760645,0.2203843452590809,0.31340174752124905,2,0.9665006387529288,0.9665006387529288,0.5,A,2026-08-03 00:00:00+00:00
BTCUSD,MEAN_REVERSION_EXTREME,0.64,0.2,0,16,19,16,0.16781577711012813,0.15000000000000002,0.8125,0.7025270766183839,0.09756306944828974,0.2517273363294141,5,0.15000000000000002,0.15000000000000002,1.0,A,2026-08-03 00:00:00+00:00
ETHUSD,HTF_TREND_BREAKOUT,0.64,0.2,1,7,10,28,0.4519051957434402,0.0,0.39285714285714285,1.5193780231737406,0.33705101297730733,0.451539786719894,5,2.4424906541753444e-15,0.0,0.4,A,2026-08-03 00:00:00+00:00
SOLUSD,WINNER_ONLY_ADDON,0.72,0.2,0,19,24,15,0.38373973890014884,0.0,0.4,1.377760178022922,0.24144527957880102,0.3448970540235966,2,0.24999999999997025,0.24999999999997025,0.5,A,2026-08-03 00:00:00+00:00
BNBUSD,CLOSE_SESSION_FADE,0.55,0.2,1,0,24,25,0.129075187024201,0.15000000000000002,0.72,0.8357215957147912,0.06221745936701771,0.21377939012744734,3,0.5956916996048743,0.15000000000000002,1.0,A,2026-08-03 00:00:00+00:00
BNBUSD,CLOSE_SESSION_FADE,0.55,0.2,1,19,24,25,0.129075187024201,0.15000000000000002,0.72,0.8357215957147912,0.06221745936701771,0.21377939012744734,3,0.5956916996048743,0.15000000000000002,1.0,A,2026-08-03 00:00:00+00:00
XRPUSD,WINNER_ONLY_ADDON,0.55,0.2,1,13,16,28,0.34958958869340856,0.0,0.35714285714285715,1.3650330534106023,0.24640278895890566,0.356605848415778,5,1.4602261803788574,2.089454339835968,0.8,A,2026-08-03 00:00:00+00:00
XRPUSD,MEAN_REVERSION_EXTREME,0.6,0.2,-1,7,10,20,0.09562926720813039,0.15000000000000002,0.65,0.958502333539097,0.009898212232706496,0.14878866098717497,3,0.49898550724637963,0.15000000000000002,1.0,A,2026-08-03 00:00:00+00:00
US100,MEAN_REVERSION_EXTREME,0.76,0.2,-1,0,24,6,0.2583333333333397,0.44999999999999857,0.8333333333333334,0.6234425038089302,0.15652559878033723,0.29544380176144347,2,0.9920617382592966,0.9920617382592966,1.0,A,2026-08-03 00:00:00+00:00
US100,WINNER_ONLY_ADDON,0.64,0.2,-1,0,3,22,0.17866100348042996,0.0,0.45454545454545453,0.9334401212965797,0.09905696246623047,0.21631230133026802,2,0.5000000000000531,0.5000000000000531,1.0,A,2026-08-03 00:00:00+00:00
US100,CLOSE_SESSION_FADE,0.55,0.2,1,0,24,11,0.5784356511956644,0.15000000000000002,0.8181818181818182,1.1803241597205347,0.43608320142168144,0.5839631525992596,4,0.6138536874490486,0.586171324340456,1.0,A,2026-08-03 00:00:00+00:00
US100,CLOSE_SESSION_FADE,0.55,0.2,1,19,24,11,0.5784356511956644,0.15000000000000002,0.8181818181818182,1.1803241597205347,0.43608320142168144,0.5839631525992596,4,0.6138536874490486,0.586171324340456,1.0,A,2026-08-03 00:00:00+00:00
US500,SUPPLY_DEMAND_SWEEP_BOS,0.55,0.2,0,10,13,11,1.0518978703502448,1.6698499002222462,0.7272727272727273,1.0809541959883988,0.9215298891264698,1.058500749394957,2,0.3663498258478747,0.3663498258478747,0.5,A,2026-08-03 00:00:00+00:00
US500,CLOSE_SESSION_FADE,0.55,0.2,1,0,24,16,0.0218207078187328,0.15000000000000002,0.5625,1.0208123104322735,-0.08026052322449456,0.043903743656629766,3,0.8659068450405331,1.174795759633687,1.0,A,2026-08-03 00:00:00+00:00
US500,CLOSE_SESSION_FADE,0.55,0.2,1,19,24,16,0.0218207078187328,0.15000000000000002,0.5625,1.0208123104322735,-0.08026052322449456,0.043903743656629766,3,0.8659068450405331,1.174795759633687,1.0,A,2026-08-03 00:00:00+00:00
GER40,MEAN_REVERSION_EXTREME,0.68,0.2,0,0,3,7,0.2580168296852233,0.15000000000000002,0.8571428571428571,0.6873105223963192,0.15410524592873476,0.29855121961947434,2,0.3991154681101936,0.3991154681101936,0.5,A,2026-08-03 00:00:00+00:00
GER40,DAY_OPEN_DRIVE_CONTINUATION,0.72,0.2,1,0,24,12,0.28157508017998945,0.0,0.4166666666666667,1.0105185827369076,0.16489044502713487,0.26618943217636565,3,1.0976778208541031,0.5000000000000023,0.6666666666666666,A,2026-08-03 00:00:00+00:00
GER40,DAY_OPEN_DRIVE_CONTINUATION,0.72,0.2,0,0,24,24,0.08740621089527116,0.0,0.375,0.9628924639898225,0.008786370430394777,0.11816388692775878,5,1.5587553866225468,0.5000000000000023,0.8,A,2026-08-03 00:00:00+00:00
JP225,MEAN_REVERSION_EXTREME,0.55,0.2,-1,19,24,8,0.33953463938855766,0.15000000000000002,0.75,1.0374840936206144,0.19281223179409457,0.32675672334081896,2,0.15000000000000002,0.15000000000000002,1.0,A,2026-08-03 00:00:00+00:00
BRENT,WINNER_ONLY_ADDON,0.72,0.2,-1,0,3,13,0.3618077139053702,0.0,0.46153846153846156,1.0024663739385853,0.25059405503878474,0.35875981701570525,2,4.1653403549835195,4.1653403549835195,0.5,A,2026-08-03 00:00:00+00:00
NATGAS,COMPRESSION_EXPANSION,0.55,0.2,0,7,10,8,0.17344848860714834,0.0,0.375,0.8798408015172744,0.04902020918365396,0.13796470073037836,2,0.4999999999999746,0.4999999999999746,1.0,A,2026-08-03 00:00:00+00:00
V50,CLOSE_SESSION_FADE,0.55,0.2,1,0,24,16,0.07038378605087539,0.15000000000000002,0.75,0.7199162977595892,-0.0016078437250835326,0.14505642315604078,2,0.4500000000000018,0.4500000000000018,1.0,A,2026-08-03 00:00:00+00:00
V50,CLOSE_SESSION_FADE,0.55,0.2,1,19,24,16,0.07038378605087539,0.15000000000000002,0.75,0.7199162977595892,-0.0016078437250835326,0.14505642315604078,2,0.4500000000000018,0.4500000000000018,1.0,A,2026-08-03 00:00:00+00:00
V100,CLOSE_SESSION_FADE,0.55,0.2,1,0,24,15,0.18880131256931923,0.15000000000000002,0.7333333333333333,0.87255317837164,0.09868440780895359,0.2421361822537492,3,0.34999999999999903,0.15000000000000002,1.0,A,2026-08-03 00:00:00+00:00
V100,CLOSE_SESSION_FADE,0.55,0.2,1,19,24,15,0.18880131256931923,0.15000000000000002,0.7333333333333333,0.87255317837164,0.09868440780895359,0.2421361822537492,3,0.34999999999999903,0.15000000000000002,1.0,A,2026-08-03 00:00:00+00:00
USDJPY,RELATIVE_VALUE_ROTATION,0.55,0.2,-1,3,7,8,5.057439960457369,0.9923699914750205,0.75,7.814554690366413,3.952295037755123,4.086239529301847,2,0.2500000000000366,0.2500000000000366,0.5,A,2026-08-03 00:00:00+00:00
GBPJPY,RELATIVE_VALUE_ROTATION,0.72,0.2,0,19,24,26,0.5617544439606933,0.0,0.38461538461538464,0.9528015189930571,0.4870105433772095,0.5990811268511422,2,1.4054442633136035,1.4054442633136035,1.0,A,2026-08-03 00:00:00+00:00
USDCHF,RELATIVE_VALUE_ROTATION,0.76,0.2,-1,19,24,30,0.7571064991337388,0.0,0.4666666666666667,1.9019074206735274,0.618210819588491,0.742890563678194,8,1.0696446087892078,0.9362992922143722,0.5,A,2026-08-03 00:00:00+00:00
USDCHF,RELATIVE_VALUE_ROTATION,0.76,0.2,1,16,19,31,0.6698223769026421,0.0,0.4838709677419355,0.91870939547566,0.6038203455229454,0.7311995797079722,6,1.0945850050168795,1.449975750836395,0.6666666666666666,A,2026-08-03 00:00:00+00:00
NZDUSD,RELATIVE_VALUE_ROTATION,0.76,0.2,-1,19,24,43,0.7557779086580504,0.49999999999983713,0.5116279069767442,1.704066707961991,0.6518308139718136,0.7889099554873882,10,0.5344134037858097,0.0,0.4,A,2026-08-03 00:00:00+00:00
GBPUSD,RELATIVE_VALUE_ROTATION,0.72,0.2,0,16,19,14,0.7661232926258312,0.9086011342153655,0.5714285714285714,1.1152384513150975,0.6468992872150465,0.7696317198085192,6,0.25619696004825515,0.24999999999997521,0.5,A,2026-08-03 00:00:00+00:00
GBPUSD,RELATIVE_VALUE_ROTATION,0.72,0.2,-1,10,13,6,0.7997635349039034,0.8219169225798129,0.5,1.1919670032223528,0.6051161383619597,0.704034341343066,4,0.30634479271992365,0.2500000000000157,0.5,A,2026-08-03 00:00:00+00:00
AUDJPY,RELATIVE_VALUE_ROTATION,0.55,0.2,0,16,19,12,0.8559597482516473,0.49999999999998307,0.5833333333333334,0.9175855928127131,0.7500060904486588,0.8713050775978896,2,0.6594768796938246,0.6594768796938246,0.5,A,2026-08-03 00:00:00+00:00
GBPCHF,RELATIVE_VALUE_ROTATION,0.76,0.2,0,16,19,13,0.9080770111607356,1.3842058562555333,0.6923076923076923,0.7158802105798321,0.8286572325042574,0.9645153021734856,2,2.2110399345778395,2.2110399345778395,1.0,A,2026-08-03 00:00:00+00:00
EURJPY,RELATIVE_VALUE_ROTATION,0.76,0.2,1,0,24,8,1.0892702666245009,0.9988992345931511,0.875,0.7517985195201171,0.9829499003767646,1.131894391923489,2,0.9501976284586159,0.9501976284586159,0.5,A,2026-08-03 00:00:00+00:00
ETHUSD,RELATIVE_VALUE_ROTATION,0.76,0.2,1,13,16,9,1.406039478830982,1.4385498340406317,0.6666666666666666,1.4389373588587069,1.2141811643164877,1.3402328661763687,2,2.8907507536482226,2.8907507536482226,1.0,A,2026-08-03 00:00:00+00:00
ETHUSD,RELATIVE_VALUE_ROTATION,0.76,0.2,1,19,24,16,1.0137889449309652,0.2499999999999769,0.5,2.9452591601868403,0.7192630289122811,0.8359272957934054,4,0.9794788835376302,0.9464875316047713,0.5,A,2026-08-03 00:00:00+00:00
XRPUSD,RELATIVE_VALUE_ROTATION,0.76,0.2,1,0,3,10,0.6099387203139169,0.5000000000000304,0.7,1.0157354526812807,0.48145721908771577,0.6134151245436832,2,0.9787349510323464,0.9787349510323464,1.0,A,2026-08-03 00:00:00+00:00
BTCUSD,RELATIVE_VALUE_ROTATION,0.55,0.2,1,10,13,29,0.15593659583968056,0.0,0.4482758620689655,0.9660061528283124,0.08418346014745402,0.206000511228973,2,0.2499999999999834,0.2499999999999834,0.5,A,2026-08-03 00:00:00+00:00
SOLUSD,RELATIVE_VALUE_ROTATION,0.76,0.2,-1,13,16,11,0.6995670936837597,0.5000000000000038,0.6363636363636364,0.8576387011284342,0.5961319745080953,0.7221937438674917,2,0.8505955926146489,0.8505955926146489,1.0,A,2026-08-03 00:00:00+00:00
JP225,RELATIVE_VALUE_ROTATION,0.76,0.2,-1,0,3,54,0.5641057620464355,0.015586573920057502,0.5,1.1118083723776713,0.5035865797335562,0.6437332434382056,12,0.43554857784482554,0.25000000000000855,0.5,A,2026-08-03 00:00:00+00:00
JP225,RELATIVE_VALUE_ROTATION,0.76,0.2,0,0,3,109,0.47010645132157275,0.0,0.44036697247706424,1.151163564203385,0.426001862506258,0.572855506519354,19,0.5319694210051353,0.49999999999998146,0.5263157894736842,A,2026-08-03 00:00:00+00:00
US100,RELATIVE_VALUE_ROTATION,0.72,0.2,1,7,10,15,0.624689153494508,0.49999999999997186,0.5333333333333333,0.7038965845713525,0.5519910268412512,0.6714428012860468,2,0.664266316998916,0.664266316998916,0.5,A,2026-08-03 00:00:00+00:00
UK100,RELATIVE_VALUE_ROTATION,0.72,0.2,0,0,3,24,0.601846584185347,0.0,0.4166666666666667,1.5082066025156062,0.4787020307566855,0.5930795472540495,2,1.7167747514701686,1.7167747514701686,1.0,A,2026-08-03 00:00:00+00:00
WTI,RELATIVE_VALUE_ROTATION,0.72,0.2,-1,0,24,17,0.2806838472376911,0.49999999999995753,0.5294117647058824,0.7617587643644849,0.20678239202087306,0.32811923894350226,3,0.6241978904885485,1.282572159298433,0.6666666666666666,A,2026-08-03 00:00:00+00:00
US30,INTERMARKET_LEAD_LAG,0.55,0.2,-1,16,19,12,0.48228032358287853,0.0,0.4166666666666667,0.8393783965179185,0.3853572549465632,0.48665624209579394,2,0.903307655384278,0.903307655384278,1.0,A,2026-08-03 00:00:00+00:00
AUDJPY,ENSEMBLE_CONFLUENCE,0.76,0.2,1,13,16,17,0.48903034178117827,0.0,0.4117647058823529,0.9799414442918775,0.3939620575050433,0.501181257368849,4,0.19912150089328592,0.2500000000000054,0.5,A,2026-08-03 00:00:00+00:00
AUDJPY,ENSEMBLE_CONFLUENCE,0.76,0.2,0,13,16,26,0.4631168045787052,0.0,0.38461538461538464,1.042961944996671,0.381300138279125,0.49337072175305774,7,0.18521228622473568,0.0,0.42857142857142855,A,2026-08-03 00:00:00+00:00
BTCUSD,ENSEMBLE_CONFLUENCE,0.72,0.2,1,7,10,48,0.4673612923546821,0.0,0.4166666666666667,1.1790352750826836,0.3992896590093769,0.5271260649715894,3,1.2012141252179636,0.5000000000000459,0.6666666666666666,A,2026-08-03 00:00:00+00:00
ETHUSD,ENSEMBLE_CONFLUENCE,0.68,0.2,1,13,16,48,0.7102427968082717,0.0,0.4791666666666667,1.4593256520749656,0.625988591002191,0.7613249969644035,8,0.48706748287005713,-0.24999999999999403,0.5,A,2026-08-03 00:00:00+00:00
ETHUSD,ENSEMBLE_CONFLUENCE,0.76,0.2,1,3,7,25,0.7100843742995651,0.5000000000000078,0.56,1.2260790398672485,0.6119980511101851,0.7443599818706148,7,0.18641487084718292,0.0,0.42857142857142855,A,2026-08-03 00:00:00+00:00
EURJPY,ENSEMBLE_CONFLUENCE,0.76,0.2,1,0,3,24,0.8786322913862361,0.2499999999997541,0.5,2.5040999290512644,0.6741733883490642,0.7985509048464282,5,0.6369525005148021,0.0,0.4,A,2026-08-03 00:00:00+00:00
GBPCHF,ENSEMBLE_CONFLUENCE,0.76,0.2,-1,19,24,42,1.435065282782284,0.24999999999980635,0.5,3.108894219473701,1.2431801656852541,1.3784041679991255,8,1.4472887515956063,0.4999999999997289,0.625,A,2026-08-03 00:00:00+00:00
GBPCHF,ENSEMBLE_CONFLUENCE,0.76,0.2,0,19,24,77,0.8967068700145775,0.0,0.42857142857142855,2.520546857116721,0.7818096808823574,0.9203724288447206,16,0.9453249273240183,0.24999999999969882,0.5,A,2026-08-03 00:00:00+00:00
GBPUSD,ENSEMBLE_CONFLUENCE,0.76,0.2,1,3,7,23,0.6678115812650653,0.0,0.4782608695652174,0.9612899704154304,0.5876344552970189,0.708586836251804,3,0.3333333333332655,0.49999999999977984,0.6666666666666666,A,2026-08-03 00:00:00+00:00
JP225,ENSEMBLE_CONFLUENCE,0.76,0.2,1,19,24,51,0.5644347242544123,0.0,0.39215686274509803,1.1383613682776021,0.5006737341573723,0.6267574320584125,5,1.094030128496619,0.5000000000000283,0.6,A,2026-08-03 00:00:00+00:00
JP225,ENSEMBLE_CONFLUENCE,0.76,0.2,0,19,24,82,0.5236808491078002,0.0,0.4024390243902439,1.1477706189410766,0.4729808246943865,0.6096503197771478,11,0.7693420604228614,0.0,0.45454545454545453,A,2026-08-03 00:00:00+00:00
NATGAS,ENSEMBLE_CONFLUENCE,0.68,0.2,1,0,3,40,0.43911772220753953,0.0,0.475,1.2457583351740562,0.3603290471417501,0.49160048847583626,7,0.8568857599384597,0.0,0.42857142857142855,A,2026-08-03 00:00:00+00:00
NZDUSD,ENSEMBLE_CONFLUENCE,0.76,0.2,-1,13,16,23,0.5662931252957757,0.0,0.43478260869565216,1.0904405292504946,0.47534409808747435,0.5910790877379115,2,0.8540965698054444,0.8540965698054444,0.5,A,2026-08-03 00:00:00+00:00
SOLUSD,ENSEMBLE_CONFLUENCE,0.76,0.2,-1,7,10,40,0.525882558489382,0.0,0.425,1.5713494296679003,0.42650169453423953,0.5517731358683257,8,0.7166666666666879,0.5000000000000088,0.625,A,2026-08-03 00:00:00+00:00
UK100,ENSEMBLE_CONFLUENCE,0.76,0.2,-1,0,3,25,0.8941352214696597,0.0,0.4,2.1967794543550436,0.7183928651212562,0.8315547958816859,2,0.8022230001935731,0.8022230001935731,0.5,A,2026-08-03 00:00:00+00:00
US100,ENSEMBLE_CONFLUENCE,0.72,0.2,-1,10,13,20,0.5909049332893409,0.49999999999995864,0.55,1.0763706866090001,0.494631412319507,0.6215218610739756,10,0.07159303688378084,0.0,0.4,A,2026-08-03 00:00:00+00:00
USDCHF,ENSEMBLE_CONFLUENCE,0.76,0.2,-1,19,24,58,0.7407295665640499,0.0,0.39655172413793105,1.8524443245468567,0.6434344240330555,0.7725713798077216,10,0.48985142708556273,0.0,0.4,A,2026-08-03 00:00:00+00:00
V75,ENSEMBLE_CONFLUENCE,0.76,0.2,-1,10,13,21,0.451600737694457,0.0,0.38095238095238093,0.8145551404094177,0.3805005360060467,0.48803567078749877,3,0.6562352242235201,0.49999999999999184,0.6666666666666666,A,2026-08-03 00:00:00+00:00
WTI,ENSEMBLE_CONFLUENCE,0.72,0.2,1,10,13,14,1.0012755022563333,0.0,0.42857142857142855,2.088097486073961,0.7780484913113981,0.8836380667620136,2,0.7451703425957893,0.7451703425957893,0.5,A,2026-08-03 00:00:00+00:00
WTI,ENSEMBLE_CONFLUENCE,0.72,0.2,0,10,13,27,0.7330726915946544,0.0,0.4074074074074074,1.712946938697017,0.601209974772752,0.7167429538651449,2,0.7451703425957893,0.7451703425957893,0.5,A,2026-08-03 00:00:00+00:00
EURUSD,CLOSE_SESSION_FADE,0.55,0.2,1,0,24,31,0.09892230909052654,0.15000000000000002,0.6774193548387096,0.9959062539777909,0.027374291676112494,0.17797933231275218,6,0.3421063327674007,0.450000000000186,0.8333333333333334,A,2026-08-10 00:00:00+00:00
EURUSD,CLOSE_SESSION_FADE,0.55,0.2,1,19,24,31,0.09892230909052654,0.15000000000000002,0.6774193548387096,0.9959062539777909,0.027374291676112494,0.17797933231275218,6,0.3421063327674007,0.450000000000186,0.8333333333333334,A,2026-08-10 00:00:00+00:00
GBPUSD,CLOSE_SESSION_FADE,0.55,0.2,0,0,24,40,0.13473728514731348,0.15000000000000002,0.65,0.870409542037695,0.07968775214764962,0.23195919348173577,6,0.5273256934792813,0.7581592848435819,0.6666666666666666,A,2026-08-10 00:00:00+00:00
GBPUSD,CLOSE_SESSION_FADE,0.55,0.2,0,19,24,40,0.13473728514731348,0.15000000000000002,0.65,0.870409542037695,0.07968775214764962,0.23195919348173577,6,0.5273256934792813,0.7581592848435819,0.6666666666666666,A,2026-08-10 00:00:00+00:00
USDJPY,MEAN_REVERSION_EXTREME,0.55,0.2,1,16,19,7,0.7867875852459868,1.1273913043478427,0.8571428571428571,1.0036039565131223,0.6350569290326038,0.7795029027233433,4,0.9448676748582673,1.0604347826088607,1.0,A,2026-08-10 00:00:00+00:00
USDJPY,MEAN_REVERSION_EXTREME,0.64,0.2,0,16,19,13,0.3967691561711765,0.15000000000000002,0.9230769230769231,0.7613810678226682,0.31230151062649475,0.4758518879880307,2,0.7604347826088635,0.7604347826088635,1.0,A,2026-08-10 00:00:00+00:00
USDJPY,CLOSE_SESSION_FADE,0.55,0.2,0,0,24,38,0.17952889953000803,0.15000000000000002,0.7631578947368421,0.7943699289224465,0.12798337202067117,0.2928335523116851,6,0.14450133397527845,0.17814777582306257,0.6666666666666666,A,2026-08-10 00:00:00+00:00
USDJPY,CLOSE_SESSION_FADE,0.55,0.2,0,19,24,38,0.17952889953000803,0.15000000000000002,0.7631578947368421,0.7943699289224465,0.12798337202067117,0.2928335523116851,6,0.14450133397527845,0.17814777582306257,0.6666666666666666,A,2026-08-10 00:00:00+00:00
AUDUSD,CLOSE_SESSION_FADE,0.55,0.2,1,0,24,31,0.42164573428565755,0.15000000000000002,0.8064516129032258,0.8720756673701118,0.35899396883437346,0.5250828804387551,8,0.6359702632874763,0.6900314300683237,0.875,A,2026-08-10 00:00:00+00:00
AUDUSD,CLOSE_SESSION_FADE,0.55,0.2,1,19,24,31,0.42164573428565755,0.15000000000000002,0.8064516129032258,0.8720756673701118,0.35899396883437346,0.5250828804387551,8,0.6359702632874763,0.6900314300683237,0.875,A,2026-08-10 00:00:00+00:00
USDCAD,CLOSE_SESSION_FADE,0.55,0.2,1,0,24,39,0.3935542364059836,0.15000000000000002,0.8461538461538461,0.8423295603855125,0.3396019654459905,0.5149180160667307,6,0.18624462351557694,0.08469899665553382,0.5,A,2026-08-10 00:00:00+00:00
USDCAD,CLOSE_SESSION_FADE,0.55,0.2,1,19,24,39,0.3935542364059836,0.15000000000000002,0.8461538461538461,0.8423295603855125,0.3396019654459905,0.5149180160667307,6,0.18624462351557694,0.08469899665553382,0.5,A,2026-08-10 00:00:00+00:00
USDCHF,HTF_PULLBACK_CONTINUATION,0.55,0.2,1,16,19,72,0.21515304443750322,0.0,0.3472222222222222,0.9128990251687916,0.17211857168847378,0.29959442717810825,4,0.22483958402475293,0.25000000000001665,0.5,A,2026-08-10 00:00:00+00:00
USDCHF,CLOSE_SESSION_FADE,0.55,0.2,0,0,24,36,0.1655721514466576,0.15000000000000002,0.6388888888888888,1.0487627862196875,0.09565463236534509,0.24453965728489624,7,0.8227113699244717,0.7500000000000435,0.8571428571428571,A,2026-08-10 00:00:00+00:00
USDCHF,CLOSE_SESSION_FADE,0.55,0.2,0,19,24,36,0.1655721514466576,0.15000000000000002,0.6388888888888888,1.0487627862196875,0.09565463236534509,0.24453965728489624,7,0.8227113699244717,0.7500000000000435,0.8571428571428571,A,2026-08-10 00:00:00+00:00
NZDUSD,MEAN_REVERSION_EXTREME,0.64,0.2,1,19,24,17,0.4808653846153509,0.15000000000000002,0.8235294117647058,1.0266055239150282,0.3812700196519575,0.5379009842216455,2,0.4866875460572312,0.4866875460572312,0.5,A,2026-08-10 00:00:00+00:00
NZDUSD,CLOSE_SESSION_FADE,0.55,0.2,0,0,24,45,0.6585916006941057,0.7499999999998164,0.8444444444444444,1.160148499552222,0.5894137097876216,0.767319871050737,8,0.5679236014205454,0.44999999999996404,0.625,A,2026-08-10 00:00:00+00:00
NZDUSD,CLOSE_SESSION_FADE,0.55,0.2,0,19,24,45,0.6585916006941057,0.7499999999998164,0.8444444444444444,1.160148499552222,0.5894137097876216,0.767319871050737,8,0.5679236014205454,0.44999999999996404,0.625,A,2026-08-10 00:00:00+00:00
EURJPY,BREAKOUT_RETEST,0.55,0.2,1,16,19,14,0.11092885450278234,0.0,0.35714285714285715,1.1132712871439512,-0.008084852212231916,0.08893329466695515,3,1.0271460970871273,1.3581027667984835,0.6666666666666666,A,2026-08-10 00:00:00+00:00
EURJPY,HTF_TREND_BREAKOUT,0.76,0.2,-1,7,10,10,0.6579328955725156,0.0,0.4,1.8278533800990038,0.4267256991745019,0.5226836046304694,2,0.9168875260102733,0.9168875260102733,0.5,A,2026-08-10 00:00:00+00:00
EURJPY,VOLATILITY_REVERSAL,0.55,0.2,0,19,24,8,0.15540009151464715,0.0,0.375,0.9331897917047121,0.023427125544954408,0.1123716170916788,2,0.7796466280680161,0.7796466280680161,0.5,A,2026-08-10 00:00:00+00:00
GBPJPY,WINNER_ONLY_ADDON,0.76,0.2,0,19,24,9,0.4988941690193954,0.0,0.4444444444444444,1.180610464320406,0.3414794404433412,0.4408644756365555,2,1.258822265205374,1.258822265205374,0.5,A,2026-08-10 00:00:00+00:00
GBPJPY,CLOSE_SESSION_FADE,0.55,0.2,1,0,24,45,0.305367352006761,0.15000000000000002,0.7777777777777778,0.8558119094643364,0.25433658919299695,0.42424275045611215,4,0.5999999999999502,0.7499999999998246,1.0,A,2026-08-10 00:00:00+00:00
GBPJPY,CLOSE_SESSION_FADE,0.55,0.2,1,19,24,45,0.305367352006761,0.15000000000000002,0.7777777777777778,0.8558119094643364,0.25433658919299695,0.42424275045611215,4,0.5999999999999502,0.7499999999998246,1.0,A,2026-08-10 00:00:00+00:00
EURGBP,CLOSE_SESSION_FADE,0.55,0.2,0,0,24,40,0.46666486354363756,0.15000000000000002,0.775,1.0740561427527016,0.3987355886237678,0.5660070299578539,8,0.5259175191816393,0.4499999999999889,0.875,A,2026-08-10 00:00:00+00:00
EURGBP,CLOSE_SESSION_FADE,0.55,0.2,0,19,24,40,0.46666486354363756,0.15000000000000002,0.775,1.0740561427527016,0.3987355886237678,0.5660070299578539,8,0.5259175191816393,0.4499999999999889,0.875,A,2026-08-10 00:00:00+00:00
AUDJPY,HTF_TREND_BREAKOUT,0.6,0.2,-1,10,13,11,0.5766432624644241,0.0,0.36363636363636365,1.579090879124529,0.38619773679429625,0.47953223342641993,5,1.1994806561080797,1.6156755702866021,0.6,A,2026-08-10 00:00:00+00:00
AUDJPY,BREAKOUT_RETEST,0.55,0.2,-1,7,10,6,0.930172722729413,0.9955158029839601,0.6666666666666666,0.7886840131333682,0.8013811626982623,0.9202993656793685,2,1.3789830408144519,1.3789830408144519,0.5,A,2026-08-10 00:00:00+00:00
CADJPY,WINNER_ONLY_ADDON,0.55,0.2,-1,3,7,24,1.1425924042793518,0.0,0.4583333333333333,2.8447614257036933,0.910318606515137,1.029696123012501,6,0.1666666666664726,0.4999999999995924,0.6666666666666666,A,2026-08-10 00:00:00+00:00
CADJPY,CLOSE_SESSION_FADE,0.55,0.2,1,0,24,44,0.057981973676064766,0.15000000000000002,0.6363636363636364,0.9274641872742798,0.0020537788455065875,0.15455066500454934,5,0.42303434584077754,0.15000000000000002,0.8,A,2026-08-10 00:00:00+00:00
CADJPY,CLOSE_SESSION_FADE,0.55,0.2,1,19,24,44,0.057981973676064766,0.15000000000000002,0.6363636363636364,0.9274641872742798,0.0020537788455065875,0.15455066500454934,5,0.42303434584077754,0.15000000000000002,0.8,A,2026-08-10 00:00:00+00:00
GBPCHF,INTRADAY_SWING_CONTINUATION,0.55,0.2,-1,19,24,61,0.5637413073762209,0.0,0.3770491803278688,2.3796904267945465,0.44186605239503873,0.5696546417352848,8,1.2886405058059516,0.2500000000000301,0.5,A,2026-08-10 00:00:00+00:00
GBPCHF,CLOSE_SESSION_CONTINUATION,0.76,0.2,0,0,24,51,0.8589794350327001,0.0,0.45098039215686275,2.3208288334819804,0.7289870192741892,0.8621295407046412,9,1.4268942026279587,0.5000000000000602,0.5555555555555556,A,2026-08-10 00:00:00+00:00
GBPCHF,CLOSE_SESSION_CONTINUATION,0.76,0.2,0,19,24,51,0.8589794350327001,0.0,0.45098039215686275,2.3208288334819804,0.7289870192741892,0.8621295407046412,9,1.4268942026279587,0.5000000000000602,0.5555555555555556,A,2026-08-10 00:00:00+00:00
XAUUSD,MEAN_REVERSION_EXTREME,0.6,0.2,1,7,10,17,0.44510833079977036,0.15000000000000002,0.9411764705882353,0.6395968470823378,0.3830583223684173,0.5538069339969288,2,0.6319450605698738,0.6319450605698738,1.0,A,2026-08-10 00:00:00+00:00
XAUUSD,MEAN_REVERSION_EXTREME,0.6,0.2,0,7,10,24,0.2337257969917684,0.15000000000000002,0.75,0.8826091715200187,0.1616610599076136,0.31603857640497757,5,0.0027780242279454638,0.15000000000000002,0.6,A,2026-08-10 00:00:00+00:00
XAUUSD,CLOSE_SESSION_FADE,0.55,0.2,1,0,24,15,0.2761967663379196,0.15000000000000002,0.6666666666666666,1.2843391516512936,0.14355078913184968,0.2790025635766453,4,0.11065625437191326,0.15000000000000002,0.75,A,2026-08-10 00:00:00+00:00
XAUUSD,CLOSE_SESSION_FADE,0.55,0.2,1,19,24,15,0.2761967663379196,0.15000000000000002,0.6666666666666666,1.2843391516512936,0.14355078913184968,0.2790025635766453,4,0.11065625437191326,0.15000000000000002,0.75,A,2026-08-10 00:00:00+00:00
XAUUSD,CLOSE_SESSION_CONTINUATION,0.55,0.2,1,0,24,14,0.10228457157041804,0.0,0.35714285714285715,0.7572980961144902,0.021325999704228757,0.11834414658341583,3,0.8867208114513869,1.3241757013524567,0.6666666666666666,A,2026-08-10 00:00:00+00:00
XAUUSD,CLOSE_SESSION_CONTINUATION,0.55,0.2,1,19,24,14,0.10228457157041804,0.0,0.35714285714285715,0.7572980961144902,0.021325999704228757,0.11834414658341583,3,0.8867208114513869,1.3241757013524567,0.6666666666666666,A,2026-08-10 00:00:00+00:00
XAGUSD,SUPPLY_DEMAND_SWEEP_BOS,0.55,0.2,0,19,24,7,0.4282464354300342,0.0,0.42857142857142855,1.3748784939760645,0.2203843452590809,0.31340174752124905,2,0.9665006387529288,0.9665006387529288,0.5,A,2026-08-10 00:00:00+00:00
BTCUSD,MEAN_REVERSION_EXTREME,0.72,0.2,0,16,19,6,0.5574506728589005,0.44999999999998,1.0,0.46065023521593595,0.4822268044474276,0.6411450074285339,2,0.15000000000000002,0.15000000000000002,1.0,A,2026-08-10 00:00:00+00:00
BTCUSD,VOLATILITY_REVERSAL,0.55,0.2,0,3,7,8,0.2870843526369304,0.24999999999997732,0.5,1.1400212260202007,0.12586100471383324,0.22980549626055763,2,0.49013867269399325,0.49013867269399325,0.5,A,2026-08-10 00:00:00+00:00
ETHUSD,WINNER_ONLY_ADDON,0.68,0.2,-1,16,19,10,0.7606269456055228,0.2500000000000089,0.5,1.7120958895573433,0.544062042260991,0.6520199477169585,2,1.6555555555556076,1.6555555555556076,0.5,A,2026-08-10 00:00:00+00:00
ETHUSD,HTF_TREND_BREAKOUT,0.64,0.2,1,7,10,33,0.383434711539889,0.0,0.3939393939393939,1.4249364563861004,0.28421487225448466,0.4020148100195352,5,0.8341176470588223,0.0,0.4,A,2026-08-10 00:00:00+00:00
BNBUSD,CLOSE_SESSION_FADE,0.55,0.2,1,0,24,27,0.18014647312665363,0.15000000000000002,0.7407407407407407,0.8440410466517502,0.11517216306112278,0.27070514215351577,2,0.15000000000000002,0.15000000000000002,1.0,A,2026-08-10 00:00:00+00:00
BNBUSD,CLOSE_SESSION_FADE,0.55,0.2,1,19,24,27,0.18014647312665363,0.15000000000000002,0.7407407407407407,0.8440410466517502,0.11517216306112278,0.27070514215351577,2,0.15000000000000002,0.15000000000000002,1.0,A,2026-08-10 00:00:00+00:00
XRPUSD,SESSION_OPEN_RANGE_BREAKOUT,0.55,0.2,1,13,16,44,0.1452812919724224,0.0,0.3409090909090909,1.2077772939251727,0.07244958080404806,0.18949192150854535,9,0.15495642532739298,0.0,0.4444444444444444,A,2026-08-10 00:00:00+00:00
XRPUSD,WINNER_ONLY_ADDON,0.55,0.2,1,13,16,31,0.4505618439705605,0.0,0.3870967741935484,1.368225138660612,0.3522656482626544,0.4680319792218747,4,0.5305555555555977,0.2500000000000039,0.5,A,2026-08-10 00:00:00+00:00
US100,CLOSE_SESSION_FADE,0.55,0.2,1,0,24,12,0.5427326802626924,0.15000000000000002,0.8333333333333334,1.136261304448131,0.4115285262641156,0.5628275134133464,4,0.6138536874490486,0.586171324340456,1.0,A,2026-08-10 00:00:00+00:00
US100,CLOSE_SESSION_FADE,0.55,0.2,1,19,24,12,0.5427326802626924,0.15000000000000002,0.8333333333333334,1.136261304448131,0.4115285262641156,0.5628275134133464,4,0.6138536874490486,0.586171324340456,1.0,A,2026-08-10 00:00:00+00:00
US500,CLOSE_SESSION_FADE,0.55,0.2,1,0,24,17,0.029360666182336754,0.15000000000000002,0.5882352941176471,0.9907925477200559,-0.06676032975471306,0.06163534069732787,4,1.3200776479685188,1.298865062188368,1.0,A,2026-08-10 00:00:00+00:00
US500,CLOSE_SESSION_FADE,0.55,0.2,1,19,24,17,0.029360666182336754,0.15000000000000002,0.5882352941176471,0.9907925477200559,-0.06676032975471306,0.06163534069732787,4,1.3200776479685188,1.298865062188368,1.0,A,2026-08-10 00:00:00+00:00
US30,SESSION_OPEN_SWEEP_RECLAIM,0.55,0.2,1,0,24,11,0.19414981269092266,0.0,0.36363636363636365,1.1658877797133893,0.05353845585565567,0.14687295248777932,2,1.1950281564572118,1.1950281564572118,0.5,A,2026-08-10 00:00:00+00:00
US30,SESSION_OPEN_SWEEP_RECLAIM,0.55,0.2,1,13,16,11,0.19414981269092266,0.0,0.36363636363636365,1.1658877797133893,0.05353845585565567,0.14687295248777932,2,1.1950281564572118,1.1950281564572118,0.5,A,2026-08-10 00:00:00+00:00
US30,VOLATILITY_REVERSAL,0.55,0.2,1,13,16,6,0.3813107542991518,0.2499999999999968,0.5,0.4629988640619176,0.30570335640315643,0.4046215593842627,2,0.25000000000003275,0.25000000000003275,0.5,A,2026-08-10 00:00:00+00:00
GER40,MEAN_REVERSION_EXTREME,0.68,0.2,0,0,3,7,0.2580168296852233,0.15000000000000002,0.8571428571428571,0.6873105223963192,0.15410524592873476,0.29855121961947434,4,0.2745577340550968,0.15000000000000002,0.75,A,2026-08-10 00:00:00+00:00
GER40,DAY_OPEN_DRIVE_CONTINUATION,0.72,0.2,0,0,24,26,0.18810702015572364,0.0,0.38461538461538464,1.061861341557277,0.1048077632121795,0.21687834668611222,6,0.6667905784250839,0.249999999999995,0.5,A,2026-08-10 00:00:00+00:00
NATGAS,COMPRESSION_EXPANSION,0.55,0.2,0,7,10,9,0.2097319898730213,0.0,0.4444444444444444,0.8358459550746871,0.09828586252972968,0.1976708977229439,3,0.6844764968350895,0.4999999999999442,0.6666666666666666,A,2026-08-10 00:00:00+00:00
V50,MEAN_REVERSION_EXTREME,0.68,0.2,1,3,7,7,0.4894400312610709,0.15000000000000002,0.8571428571428571,0.8210868588690607,0.3653033664981724,0.5097493401889119,2,0.15000000000000002,0.15000000000000002,1.0,A,2026-08-10 00:00:00+00:00
USDJPY,RELATIVE_VALUE_ROTATION,0.55,0.2,-1,3,7,8,5.057439960457369,0.9923699914750205,0.75,7.814554690366413,3.952295037755123,4.086239529301847,2,0.2500000000000366,0.2500000000000366,0.5,A,2026-08-10 00:00:00+00:00
USDJPY,RELATIVE_VALUE_ROTATION,0.72,0.2,-1,0,24,30,2.45254730396923,0.49999999999987355,0.5333333333333333,5.23783052363505,2.0700302466113616,2.2027099907010648,16,0.44139470053921886,0.24999999999993258,0.5,A,2026-08-10 00:00:00+00:00
AUDUSD,RELATIVE_VALUE_ROTATION,0.55,0.2,1,19,24,15,1.244604662767442,0.0,0.4666666666666667,2.1743866942463823,1.0200349706332759,1.1314867450780715,6,0.8492036160139792,0.5000000000000695,0.6666666666666666,A,2026-08-10 00:00:00+00:00
GBPJPY,RELATIVE_VALUE_ROTATION,0.72,0.2,0,19,24,28,0.6220180024859011,0.0,0.42857142857142855,0.9742173784148319,0.5483740908801026,0.6671485789084034,2,1.5395130771173486,1.5395130771173486,1.0,A,2026-08-10 00:00:00+00:00
USDCHF,RELATIVE_VALUE_ROTATION,0.76,0.2,1,16,19,35,0.6868826559948019,0.0,0.4857142857142857,0.910257085102857,0.6253380441250853,0.7552941371799218,2,1.6455553771325577,1.6455553771325577,1.0,A,2026-08-10 00:00:00+00:00
USDCHF,RELATIVE_VALUE_ROTATION,0.76,0.2,-1,19,24,33,0.6882786355761261,0.0,0.42424242424242425,1.8264127432642852,0.5611035759141011,0.6825398773155152,6,1.2595261450523059,1.877493102089054,0.6666666666666666,A,2026-08-10 00:00:00+00:00
NZDUSD,RELATIVE_VALUE_ROTATION,0.76,0.2,-1,19,24,47,0.7725417499353396,0.3249709847334045,0.5106382978723404,1.7418898435283696,0.6709094510487258,0.8096100670115645,12,0.3694197176417786,0.0,0.4166666666666667,A,2026-08-10 00:00:00+00:00
AUDJPY,RELATIVE_VALUE_ROTATION,0.55,0.2,-1,7,10,10,0.9378693297941083,0.0,0.4,1.5593995361922188,0.7406191571310049,0.8365770625869724,2,0.2500000000000203,0.2500000000000203,0.5,A,2026-08-10 00:00:00+00:00
EURJPY,RELATIVE_VALUE_ROTATION,0.76,0.2,1,0,24,9,1.1793952655459154,1.4977984691860264,0.8888888888888888,0.7532469878704562,1.0789623338298546,1.2316807023564023,2,0.25000000000007927,0.25000000000007927,0.5,A,2026-08-10 00:00:00+00:00
XRPUSD,RELATIVE_VALUE_ROTATION,0.76,0.2,1,0,3,10,0.6099387203139169,0.5000000000000304,0.7,1.0157354526812807,0.48145721908771577,0.6134151245436832,4,0.6143674755161579,0.5098091198303094,0.75,A,2026-08-10 00:00:00+00:00
GER40,RELATIVE_VALUE_ROTATION,0.76,0.2,1,7,10,25,0.7280595220087207,0.5000000000000019,0.6,1.117690545668544,0.6386442783552372,0.7758062091156668,3,1.0214925397873957,1.2715910338923724,0.6666666666666666,A,2026-08-10 00:00:00+00:00
WTI,RELATIVE_VALUE_ROTATION,0.55,0.2,-1,16,19,7,0.6770792566111352,1.228985507246369,0.7142857142857143,0.8380468210016645,0.5503784865883543,0.6776816031362367,3,1.0648753253265912,1.5075625104966421,1.0,A,2026-08-10 00:00:00+00:00
ETHUSD,INTERMARKET_LEAD_LAG,0.55,0.2,1,13,16,9,0.36358688049664223,0.0,0.4444444444444444,0.7933579363134027,0.2578058223215219,0.3571908575147361,2,0.6506829439134689,0.6506829439134689,0.5,A,2026-08-10 00:00:00+00:00
US30,INTERMARKET_LEAD_LAG,0.55,0.2,-1,16,19,13,0.5456907072125466,0.0,0.46153846153846156,0.8358289245189944,0.45296381352426496,0.5611295755011855,2,0.2499999999999964,0.2499999999999964,0.5,A,2026-08-10 00:00:00+00:00
US30,INTERMARKET_LEAD_LAG,0.55,0.2,0,16,19,28,0.2715009755714083,0.0,0.35714285714285715,0.9982583309024898,0.19603973877808223,0.3062427982349546,6,0.43536902279394907,0.2499999999999964,0.5,A,2026-08-10 00:00:00+00:00
GER40,INTERMARKET_LEAD_LAG,0.55,0.2,0,16,19,26,0.6268407864460305,0.49999999999995437,0.5384615384615384,1.098310762280098,0.5406822016944122,0.6712143236298834,7,0.6015452965933527,0.0,0.42857142857142855,A,2026-08-10 00:00:00+00:00
GER40,INTERMARKET_LEAD_LAG,0.55,0.2,-1,16,19,12,0.6843382839409947,0.2500000000000113,0.5,1.3808402082329694,0.5248925907547619,0.6361915779039927,2,0.25000000000001854,0.25000000000001854,0.5,A,2026-08-10 00:00:00+00:00
AUDJPY,ENSEMBLE_CONFLUENCE,0.76,0.2,0,13,16,29,0.42543182491791265,0.0,0.3793103448275862,1.0387412424425286,0.3482760624003861,0.46181725141293956,7,0.4491570541259979,0.0,0.42857142857142855,A,2026-08-10 00:00:00+00:00
BRENT,ENSEMBLE_CONFLUENCE,0.76,0.2,-1,10,13,13,0.7581000881337997,0.49999999999999906,0.5384615384615384,1.104091109029359,0.6356121771679765,0.7530087083756662,4,0.24999999999999012,0.24999999999998415,0.5,A,2026-08-10 00:00:00+00:00
BTCUSD,ENSEMBLE_CONFLUENCE,0.72,0.2,1,7,10,51,0.5105291060525222,0.0,0.43137254901960786,1.2029407918258077,0.4431509447301797,0.5739405249841611,5,3.4324419838603264,0.0,0.4,A,2026-08-10 00:00:00+00:00
BTCUSD,ENSEMBLE_CONFLUENCE,0.76,0.2,1,3,7,29,0.4774873205951498,0.0,0.3448275862068966,1.1376925472042785,0.3929816396773058,0.5023848976553765,9,0.16285799655666233,0.0,0.4444444444444444,A,2026-08-10 00:00:00+00:00
CADJPY,ENSEMBLE_CONFLUENCE,0.76,0.2,1,13,16,23,0.46677955246175956,0.0,0.4782608695652174,0.7196400635507411,0.406757421988448,0.527709802943233,4,1.9339559093691092,1.5,0.5,A,2026-08-10 00:00:00+00:00
ETHUSD,ENSEMBLE_CONFLUENCE,0.68,0.2,1,13,16,54,0.6969019912651236,0.0,0.48148148148148145,1.5085335323638456,0.6147878265057967,0.7527122679882239,9,0.35205443089807115,0.0,0.4444444444444444,A,2026-08-10 00:00:00+00:00
ETHUSD,ENSEMBLE_CONFLUENCE,0.76,0.2,1,7,10,31,0.5738234931094542,0.49999999999999056,0.5806451612903226,0.8486082451707104,0.5128576770389355,0.6518498144497687,6,0.1566301201281103,0.5000000000000081,0.6666666666666666,A,2026-08-10 00:00:00+00:00
GBPCHF,ENSEMBLE_CONFLUENCE,0.76,0.2,-1,19,24,48,1.4864802477004317,0.4999999999995052,0.5208333333333334,3.0389787953273433,1.3110247251460512,1.4513611311082637,5,1.8494685920302256,2.0730434782612996,0.8,A,2026-08-10 00:00:00+00:00
GBPCHF,ENSEMBLE_CONFLUENCE,0.76,0.2,0,19,24,87,0.9534782309100712,0.0,0.4482758620689655,2.4750684784449515,0.8473361532971616,0.9906759930350015,10,0.9966364699281629,0.2500000000000301,0.5,A,2026-08-10 00:00:00+00:00
GBPUSD,ENSEMBLE_CONFLUENCE,0.76,0.2,1,3,7,23,0.6678115812650653,0.0,0.4782608695652174,0.9612899704154304,0.5876344552970189,0.708586836251804,5,0.09999999999999518,0.49999999999977984,0.6,A,2026-08-10 00:00:00+00:00
JP225,ENSEMBLE_CONFLUENCE,0.76,0.2,1,19,24,52,0.5871516951219754,0.0,0.40384615384615385,1.1389755011375884,0.5239727017243005,0.6518400784568814,8,0.972328800935371,0.5000000000000596,0.625,A,2026-08-10 00:00:00+00:00
JP225,ENSEMBLE_CONFLUENCE,0.76,0.2,0,19,24,83,0.5384041787494855,0.0,0.40963855421686746,1.148599601533649,0.48797410463476787,0.6257470671176583,15,0.7180828286434232,0.0,0.4666666666666667,A,2026-08-10 00:00:00+00:00
NATGAS,ENSEMBLE_CONFLUENCE,0.76,0.2,1,0,3,26,0.5950797804610575,0.2499999999999704,0.5,1.5141661684526877,0.476298813695484,0.6022155510155707,3,0.758181181312639,0.5000000000000054,0.6666666666666666,A,2026-08-10 00:00:00+00:00
SOLUSD,ENSEMBLE_CONFLUENCE,0.76,0.2,-1,7,10,45,0.5371129988504681,0.0,0.4444444444444444,1.5048284493957917,0.44738236665514564,0.5772885279182609,4,0.3996376811594442,0.2500000000000148,0.5,A,2026-08-10 00:00:00+00:00
SOLUSD,ENSEMBLE_CONFLUENCE,0.76,0.2,0,7,10,74,0.46937773666861754,0.0,0.4189189189189189,1.2461379020233425,0.4114335012048614,0.5480535337458579,5,0.31971014492755534,0.0,0.4,A,2026-08-10 00:00:00+00:00
US100,ENSEMBLE_CONFLUENCE,0.72,0.2,-1,10,13,23,0.5355695072081259,0.4999999999999461,0.5217391304347826,1.0174061621372121,0.4507119673056867,0.5768817395648196,7,0.03084719554824752,0.0,0.42857142857142855,A,2026-08-10 00:00:00+00:00
US100,ENSEMBLE_CONFLUENCE,0.76,0.2,1,13,16,44,0.4186520997827392,0.0,0.36363636363636365,1.1679559645135456,0.34822170512911965,0.4679913185608897,12,0.5578901982538621,0.0,0.4166666666666667,A,2026-08-10 00:00:00+00:00
US30,ENSEMBLE_CONFLUENCE,0.72,0.2,0,10,13,55,0.44537721872938907,0.0,0.34545454545454546,1.8167430343763276,0.3473893864167832,0.46935096568603163,13,0.4965000324164741,0.0,0.46153846153846156,A,2026-08-10 00:00:00+00:00
USDCHF,ENSEMBLE_CONFLUENCE,0.76,0.2,-1,19,24,61,0.687906800995328,0.0,0.3770491803278688,1.8241871923143755,0.5944815063883351,0.7222700957285813,11,1.5532364855863143,1.2139559849705175,0.5454545454545454,A,2026-08-10 00:00:00+00:00
USDCHF,ENSEMBLE_CONFLUENCE,0.76,0.2,0,19,24,127,0.5865765711906763,0.0,0.4015748031496063,1.4573229005513337,0.5348499727056604,0.6800795543620054,17,1.1429564996091464,0.5000000000002434,0.5294117647058824,A,2026-08-10 00:00:00+00:00
USDJPY,ENSEMBLE_CONFLUENCE,0.72,0.2,-1,3,7,12,2.6089830647191623,0.24999999999996333,0.5,6.5996929537343245,1.8469161640376845,1.9582151511869152,6,0.2162812995537362,0.2500000000000058,0.5,A,2026-08-10 00:00:00+00:00
XAGUSD,ENSEMBLE_CONFLUENCE,0.72,0.2,1,16,19,16,0.36274348236257636,0.25000000000000694,0.5,1.0202719661693898,0.2607162857456374,0.3773805526267617,9,0.500000000000001,0.0,0.4444444444444444,A,2026-08-10 00:00:00+00:00
XRPUSD,ENSEMBLE_CONFLUENCE,0.76,0.2,-1,7,10,40,0.6538306243544831,0.0,0.425,2.119933993395751,0.5197542261875446,0.6450256675216308,8,0.5063272836058903,0.24999999999996464,0.5,A,2026-08-10 00:00:00+00:00
XRPUSD,ENSEMBLE_CONFLUENCE,0.72,0.2,0,7,10,99,0.37899349889489775,0.0,0.36363636363636365,1.5278462689728893,0.3175717678460797,0.4533115352022052,14,0.33777041695880466,0.0,0.42857142857142855,A,2026-08-10 00:00:00+00:00
