target,rule_type,field1,dir1,threshold1,quantile1,field2,dir2,threshold2,quantile2,disc_excluded,disc_excluded_pct,disc_target_removed,disc_wins_removed,disc_losses_removed,disc_flats_removed,disc_selection_frozen_delta_usd,disc_winner_pnl_removed,disc_loss_pnl_removed,disc_target_precision,hold_excluded,hold_excluded_pct,hold_target_removed,hold_wins_removed,hold_losses_removed,hold_flats_removed,hold_selection_frozen_delta_usd,hold_winner_pnl_removed,hold_loss_pnl_removed,hold_target_precision,discovery_pass,repair_score
all_loss,1D,rank_score,le,0.3572763578368383,0.2,,,,,165,0.20048602673147023,44,44,44,77,-5.614936728645105,27.24362299828857,-21.62868626964346,0.26666666666666666,45,0.16129032258064516,16,9,16,20,-0.2602068214285245,7.836007307143131,-7.575800485714606,0.35555555555555557,False,-72.5
all_loss,1D,rank_score,le,0.3262616466952146,0.1,,,,,83,0.10085054678007291,17,28,17,38,-10.32792579878549,16.992199989857284,-6.664274191071793,0.20481927710843373,11,0.03942652329749104,3,3,3,5,-2.304643271428512,3.2983254142857312,-0.9936821428572191,0.2727272727272727,False,-90.5
all_loss,1D,expected_r,le,0.036071880864820556,0.1,,,,,84,0.10206561360874848,15,31,15,38,-12.979402183070528,19.999105559856563,-7.019703376786035,0.17857142857142858,5,0.017921146953405017,3,1,3,1,-3.0559178571429504,4.0496000000001695,-0.9936821428572191,0.6,False,-91.25
all_loss,1D,stability,le,0.04290265346146096,0.1,,,,,86,0.10449574726609964,14,32,14,40,-13.68691494157087,20.504969703714053,-6.818054762143177,0.16279069767441862,5,0.017921146953405017,3,1,3,1,-3.0559178571429504,4.0496000000001695,-0.9936821428572191,0.6,False,-98.75
all_loss,1D,reliability_asset_strategy_win,le,0.25269263106155654,0.1,,,,,90,0.10935601458080195,19,28,19,43,-16.01851389735901,26.863716917000858,-10.845203019641849,0.2111111111111111,31,0.1111111111111111,4,5,4,22,-5.698503874856851,8.104993217714195,-2.406489342857345,0.12903225806451613,False,-101.25
low_mfe_loss,1D,expected_r,le,0.036071880864820556,0.1,,,,,84,0.10206561360874848,12,31,15,38,-12.979402183070528,19.999105559856563,-7.019703376786035,0.14285714285714285,5,0.017921146953405017,2,1,3,1,-3.0559178571429504,4.0496000000001695,-0.9936821428572191,0.4,False,-106.25
all_loss,1D,reliability_expected_r,le,0.031401115543752356,0.1,,,,,86,0.10449574726609964,17,31,17,38,-10.42118257592895,17.92992345271466,-7.508740876785712,0.19767441860465115,11,0.03942652329749104,1,2,1,8,-2.4217375714284968,2.743112628571345,-0.3213750571428482,0.09090909090909091,False,-107.25
low_mfe_loss,1D,rank_score,le,0.3262616466952146,0.1,,,,,83,0.10085054678007291,13,28,17,38,-10.32792579878549,16.992199989857284,-6.664274191071793,0.1566265060240964,11,0.03942652329749104,2,3,3,5,-2.304643271428512,3.2983254142857312,-0.9936821428572191,0.18181818181818182,False,-108.5
all_loss,1D,reliability_asset_strategy_mean_r,le,0.031966292844013824,0.1,,,,,83,0.10085054678007291,15,29,15,39,-10.503713790214341,18.251572524143242,-7.747858733928899,0.18072289156626506,3,0.010752688172043012,0,2,0,1,-2.743112628571345,2.743112628571345,0.0,0.0,False,-108.5
low_mfe_loss,1D,stability,le,0.04290265346146096,0.1,,,,,86,0.10449574726609964,12,32,14,40,-13.68691494157087,20.504969703714053,-6.818054762143177,0.13953488372093023,5,0.017921146953405017,2,1,3,1,-3.0559178571429504,4.0496000000001695,-0.9936821428572191,0.4,False,-110.75
all_loss,1D,reliability_strategy_mean_r,ge,0.16677690115788216,0.9,,,,,94,0.11421628189550426,17,36,17,41,-12.271202510714872,20.12750943928621,-7.856306928571335,0.18085106382978725,0,0.0,0,0,0,0,0.0,0.0,0.0,0.0,False,-116.5
all_loss,1D,trailing_win_rate,le,0.24832869080779946,0.1,,,,,83,0.10085054678007291,15,26,15,42,-9.588368540214137,17.695585845571184,-8.107217305357045,0.18072289156626506,29,0.1039426523297491,3,6,3,20,-6.096108389141894,7.944683446285076,-1.8485750571431827,0.10344827586206896,False,-117.0
low_mfe_loss,1D,reliability_asset_strategy_mean_r,le,0.031966292844013824,0.1,,,,,83,0.10085054678007291,12,29,15,39,-10.503713790214341,18.251572524143242,-7.747858733928899,0.14457831325301204,3,0.010752688172043012,0,2,0,1,-2.743112628571345,2.743112628571345,0.0,0.0,False,-117.5
low_mfe_loss,1D,reliability_asset_strategy_win,le,0.25269263106155654,0.1,,,,,90,0.10935601458080195,13,28,19,43,-16.01851389735901,26.863716917000858,-10.845203019641849,0.14444444444444443,31,0.1111111111111111,4,5,4,22,-5.698503874856851,8.104993217714195,-2.406489342857345,0.12903225806451613,False,-119.25
low_mfe_loss,1D,rank_score,le,0.3572763578368383,0.2,,,,,165,0.20048602673147023,32,44,44,77,-5.614936728645105,27.24362299828857,-21.62868626964346,0.19393939393939394,45,0.16129032258064516,14,9,16,20,-0.2602068214285245,7.836007307143131,-7.575800485714606,0.3111111111111111,False,-120.5
all_loss,1D,reliability_win,le,0.2572510157730984,0.1,,,,,83,0.10085054678007291,18,26,18,39,-7.863681754501667,18.370538345572783,-10.506856591071115,0.21686746987951808,45,0.16129032258064516,8,11,8,26,-8.883839817714602,13.432779160572458,-4.548939342857855,0.17777777777777778,False,-122.0
low_mfe_loss,1D,reliability_expected_r,le,0.031401115543752356,0.1,,,,,86,0.10449574726609964,12,31,17,38,-10.42118257592895,17.92992345271466,-7.508740876785712,0.13953488372093023,11,0.03942652329749104,1,2,1,8,-2.4217375714284968,2.743112628571345,-0.3213750571428482,0.09090909090909091,False,-122.25
low_mfe_loss,1D,trailing_win_rate,le,0.24832869080779946,0.1,,,,,83,0.10085054678007291,10,26,15,42,-9.588368540214137,17.695585845571184,-8.107217305357045,0.12048192771084337,29,0.1039426523297491,3,6,3,20,-6.096108389141894,7.944683446285076,-1.8485750571431827,0.10344827586206896,False,-132.0
low_mfe_loss,1D,reliability_strategy_mean_r,ge,0.16677690115788216,0.9,,,,,94,0.11421628189550426,11,36,17,41,-12.271202510714872,20.12750943928621,-7.856306928571335,0.11702127659574468,0,0.0,0,0,0,0,0.0,0.0,0.0,0.0,False,-134.5
all_loss,1D,quality,ge,0.9188283664440076,0.9,,,,,84,0.10206561360874848,18,27,18,39,-18.638340743712703,29.101965672284237,-10.463624928571532,0.21428571428571427,22,0.07885304659498207,3,9,3,10,-9.679154392857955,13.8289047500016,-4.149750357143645,0.13636363636363635,False,-134.5
all_loss,1D,reliability_score,le,-0.1170286712992689,0.1,,,,,83,0.10085054678007291,14,30,14,39,-12.328308361642893,19.94597066700031,-7.617662305357417,0.1686746987951807,26,0.0931899641577061,3,6,3,17,-6.509646731999734,8.649993217714197,-2.1403464857144634,0.11538461538461539,False,-135.25
low_mfe_loss,1D,reliability_win,le,0.2572510157730984,0.1,,,,,83,0.10085054678007291,13,26,18,39,-7.863681754501667,18.370538345572783,-10.506856591071115,0.1566265060240964,45,0.16129032258064516,8,11,8,26,-8.883839817714602,13.432779160572458,-4.548939342857855,0.17777777777777778,False,-137.0
low_mfe_loss,1D,reliability_score,le,-0.1170286712992689,0.1,,,,,83,0.10085054678007291,11,30,14,39,-12.328308361642893,19.94597066700031,-7.617662305357417,0.13253012048192772,26,0.0931899641577061,3,6,3,17,-6.509646731999734,8.649993217714197,-2.1403464857144634,0.11538461538461539,False,-144.25
severe_mae_loss,1D,reliability_asset_strategy_mean_r,le,0.031966292844013824,0.1,,,,,83,0.10085054678007291,0,29,15,39,-10.503713790214341,18.251572524143242,-7.747858733928899,0.0,3,0.010752688172043012,0,2,0,1,-2.743112628571345,2.743112628571345,0.0,0.0,False,-153.5
severe_mae_loss,1D,expected_r,le,0.036071880864820556,0.1,,,,,84,0.10206561360874848,0,31,15,38,-12.979402183070528,19.999105559856563,-7.019703376786035,0.0,5,0.017921146953405017,0,1,3,1,-3.0559178571429504,4.0496000000001695,-0.9936821428572191,0.0,False,-154.25
severe_mae_loss,1D,stability,le,0.04290265346146096,0.1,,,,,86,0.10449574726609964,0,32,14,40,-13.68691494157087,20.504969703714053,-6.818054762143177,0.0,5,0.017921146953405017,0,1,3,1,-3.0559178571429504,4.0496000000001695,-0.9936821428572191,0.0,False,-158.75
severe_mae_loss,1D,rank_score,le,0.3262616466952146,0.1,,,,,83,0.10085054678007291,0,28,17,38,-10.32792579878549,16.992199989857284,-6.664274191071793,0.0,11,0.03942652329749104,0,3,3,5,-2.304643271428512,3.2983254142857312,-0.9936821428572191,0.0,False,-159.5
low_mfe_loss,1D,quality,ge,0.9188283664440076,0.9,,,,,84,0.10206561360874848,11,27,18,39,-18.638340743712703,29.101965672284237,-10.463624928571532,0.13095238095238096,22,0.07885304659498207,2,9,3,10,-9.679154392857955,13.8289047500016,-4.149750357143645,0.09090909090909091,False,-161.5
severe_mae_loss,1D,reliability_expected_r,le,0.031401115543752356,0.1,,,,,86,0.10449574726609964,0,31,17,38,-10.42118257592895,17.92992345271466,-7.508740876785712,0.0,11,0.03942652329749104,0,2,1,8,-2.4217375714284968,2.743112628571345,-0.3213750571428482,0.0,False,-164.25
all_loss,1D,trailing_giveback,le,0.7836478161220687,0.1,,,,,87,0.10571081409477522,23,39,23,25,-11.165580342857515,19.6288400214285,-8.463259678570981,0.26436781609195403,35,0.12544802867383512,12,15,12,8,-22.192411765359083,27.76056637250205,-5.568154607142966,0.34285714285714286,False,-165.5
severe_mae_loss,1D,reliability_strategy_mean_r,ge,0.16677690115788216,0.9,,,,,94,0.11421628189550426,0,36,17,41,-12.271202510714872,20.12750943928621,-7.856306928571335,0.0,0,0.0,0,0,0,0,0.0,0.0,0.0,0.0,False,-167.5
all_loss,1D,reliability_score,le,-0.08565533530457692,0.2,,,,,165,0.20048602673147023,33,48,33,84,-13.529755711642991,31.115060266999627,-17.585304555356636,0.2,38,0.13620071684587814,5,8,5,25,-7.051463874855894,10.687796074856422,-3.6363322000005276,0.13157894736842105,False,-177.75
severe_mae_loss,1D,trailing_win_rate,le,0.24832869080779946,0.1,,,,,83,0.10085054678007291,0,26,15,42,-9.588368540214137,17.695585845571184,-8.107217305357045,0.0,29,0.1039426523297491,0,6,3,20,-6.096108389141894,7.944683446285076,-1.8485750571431827,0.0,False,-180.0
all_loss,1D,stability,le,0.08985034339192623,0.2,,,,,165,0.20048602673147023,37,54,37,74,-20.234049247356403,38.611305195571,-18.37725594821459,0.22424242424242424,45,0.16129032258064516,12,12,12,21,-5.988816624855961,12.923365253427967,-6.934548628572006,0.26666666666666666,False,-181.5
all_loss,1D,expected_r,le,0.07848740026365177,0.2,,,,,165,0.20048602673147023,34,54,34,77,-21.10751472592787,38.36623138842813,-17.25871666250026,0.20606060606060606,34,0.12186379928315412,9,9,9,16,-6.881049481999927,10.758733824857167,-3.877684342857239,0.2647058823529412,False,-181.75
severe_mae_loss,1D,reliability_asset_strategy_win,le,0.25269263106155654,0.1,,,,,90,0.10935601458080195,0,28,19,43,-16.01851389735901,26.863716917000858,-10.845203019641849,0.0,31,0.1111111111111111,0,5,4,22,-5.698503874856851,8.104993217714195,-2.406489342857345,0.0,False,-182.25
all_loss,1D,reliability_asset_strategy_mean_r,le,0.0818494506114442,0.2,,,,,166,0.20170109356014582,37,55,37,74,-15.75671156878517,33.94805030271375,-18.19133873392858,0.22289156626506024,46,0.16487455197132617,11,11,11,24,-6.167395196284505,12.796536681999392,-6.629141485714885,0.2391304347826087,False,-184.0
all_loss,1D,decision_hour,le,3.0,0.1,,,,,93,0.11300121506682867,17,31,17,45,-9.122286278571645,19.895538028571465,-10.773251749999826,0.1827956989247312,24,0.08602150537634409,1,11,1,12,-14.004222610713338,14.32461261071332,-0.32038999999998197,0.041666666666666664,False,-184.25
low_mfe_loss,1D,trailing_giveback,le,0.7836478161220687,0.1,,,,,87,0.10571081409477522,17,39,23,25,-11.165580342857515,19.6288400214285,-8.463259678570981,0.19540229885057472,35,0.12544802867383512,11,15,12,8,-22.192411765359083,27.76056637250205,-5.568154607142966,0.3142857142857143,False,-189.5
all_loss,1D,reliability_expected_r,le,0.055337280360104116,0.2,,,,,167,0.20291616038882138,38,56,38,73,-14.841607997357022,34.20732201699959,-19.365714019642567,0.2275449101796407,41,0.14695340501792115,8,10,8,23,-7.392023839141946,11.206762110570715,-3.8147382714287676,0.1951219512195122,False,-194.0
severe_mae_loss,1D,reliability_score,le,-0.1170286712992689,0.1,,,,,83,0.10085054678007291,0,30,14,39,-12.328308361642893,19.94597066700031,-7.617662305357417,0.0,26,0.0931899641577061,0,6,3,17,-6.509646731999734,8.649993217714197,-2.1403464857144634,0.0,False,-195.25
all_loss,1D,trailing_giveback,ge,0.9101692267290301,0.9,,,,,85,0.10328068043742406,19,46,19,20,-18.941440771429672,26.777746128571856,-7.836305357142182,0.2235294117647059,19,0.06810035842293907,6,10,6,3,-3.7826531785723994,6.741521035714555,-2.9588678571421556,0.3157894736842105,False,-197.0
low_mfe_loss,1D,decision_hour,le,3.0,0.1,,,,,93,0.11300121506682867,12,31,17,45,-9.122286278571645,19.895538028571465,-10.773251749999826,0.12903225806451613,24,0.08602150537634409,1,11,1,12,-14.004222610713338,14.32461261071332,-0.32038999999998197,0.041666666666666664,False,-199.25
low_mfe_loss,1D,reliability_score,le,-0.08565533530457692,0.2,,,,,165,0.20048602673147023,24,48,33,84,-13.529755711642991,31.115060266999627,-17.585304555356636,0.14545454545454545,38,0.13620071684587814,5,8,5,25,-7.051463874855894,10.687796074856422,-3.6363322000005276,0.13157894736842105,False,-204.75
all_loss,1D,reliability_win,le,0.2655132009803008,0.2,,,,,165,0.20048602673147023,31,46,31,88,-23.386196297357838,40.4314707098573,-17.045274412499474,0.18787878787878787,62,0.2222222222222222,13,17,13,32,-14.19934587485831,22.50234850343129,-8.30300262857298,0.20967741935483872,False,-205.75
severe_mae_loss,1D,quality,ge,0.9188283664440076,0.9,,,,,84,0.10206561360874848,0,27,18,39,-18.638340743712703,29.101965672284237,-10.463624928571532,0.0,22,0.07885304659498207,0,9,3,10,-9.679154392857955,13.8289047500016,-4.149750357143645,0.0,False,-206.5
all_loss,1D,trailing_win_rate,le,0.272264631043257,0.2,,,,,170,0.2065613608748481,35,47,35,88,-24.309751918786276,44.3204352241429,-20.010683305356626,0.20588235294117646,67,0.24014336917562723,14,19,14,34,-11.90398614628606,20.203861596286885,-8.299875450000822,0.208955223880597,False,-210.25
low_mfe_loss,1D,expected_r,le,0.07848740026365177,0.2,,,,,165,0.20048602673147023,25,54,34,77,-21.10751472592787,38.36623138842813,-17.25871666250026,0.15151515151515152,34,0.12186379928315412,8,9,9,16,-6.881049481999927,10.758733824857167,-3.877684342857239,0.23529411764705882,False,-214.75
low_mfe_loss,1D,trailing_giveback,ge,0.9101692267290301,0.9,,,,,85,0.10328068043742406,15,46,19,20,-18.941440771429672,26.777746128571856,-7.836305357142182,0.17647058823529413,19,0.06810035842293907,5,10,6,3,-3.7826531785723994,6.741521035714555,-2.9588678571421556,0.2631578947368421,False,-215.0
all_loss,1D,expected_r,ge,0.5863367022891707,0.9,,,,,85,0.10328068043742406,21,43,21,21,-19.536584342857193,29.712400414284886,-10.175816071427692,0.24705882352941178,29,0.1039426523297491,7,15,7,7,-27.316244714288366,30.519651857145483,-3.2034071428571145,0.2413793103448276,False,-215.5
low_mfe_loss,1D,reliability_asset_strategy_mean_r,le,0.0818494506114442,0.2,,,,,166,0.20170109356014582,28,55,37,74,-15.75671156878517,33.94805030271375,-18.19133873392858,0.1686746987951807,46,0.16487455197132617,10,11,11,24,-6.167395196284505,12.796536681999392,-6.629141485714885,0.21739130434782608,False,-217.0
low_mfe_loss,1D,stability,le,0.08985034339192623,0.2,,,,,165,0.20048602673147023,27,54,37,74,-20.234049247356403,38.611305195571,-18.37725594821459,0.16363636363636364,45,0.16129032258064516,11,12,12,21,-5.988816624855961,12.923365253427967,-6.934548628572006,0.24444444444444444,False,-217.5
severe_mae_loss,1D,reliability_win,le,0.2572510157730984,0.1,,,,,83,0.10085054678007291,0,26,18,39,-7.863681754501667,18.370538345572783,-10.506856591071115,0.0,45,0.16129032258064516,0,11,8,26,-8.883839817714602,13.432779160572458,-4.548939342857855,0.0,False,-224.0
low_mfe_loss,1D,reliability_expected_r,le,0.055337280360104116,0.2,,,,,167,0.20291616038882138,28,56,38,73,-14.841607997357022,34.20732201699959,-19.365714019642567,0.16766467065868262,41,0.14695340501792115,7,10,8,23,-7.392023839141946,11.206762110570715,-3.8147382714287676,0.17073170731707318,False,-230.0
all_loss,1D,reliability_expected_r,ge,0.27551975578017085,0.9,,,,,83,0.10085054678007291,17,41,17,25,-12.858175071428834,22.32456435714298,-9.466389285714143,0.20481927710843373,39,0.13978494623655913,9,18,9,12,-27.68858603571715,31.65329317857418,-3.9647071428570277,0.23076923076923078,False,-233.5
all_loss,1D,reliability_expected_r,le,0.07339858947124882,0.3,,,,,248,0.30133657351154314,57,76,57,115,-20.474130140214818,48.862741481285774,-28.388611341070956,0.22983870967741934,60,0.21505376344086022,16,15,16,29,-8.806307839141912,16.91849789628518,-8.11219005714327,0.26666666666666666,False,-234.0
all_loss,1D,reliability_asset_strategy_mean_r,le,0.11457466774677837,0.3,,,,,250,0.3037667071688943,54,76,54,120,-17.476397461645764,44.2567904812884,-26.780393019642634,0.216,62,0.2222222222222222,17,15,17,30,-7.972367839141967,17.848712110571025,-9.876344271429055,0.27419354838709675,False,-238.0
all_loss,1D,reliability_score,le,-0.05612360587640852,0.3,,,,,248,0.30133657351154314,52,71,52,125,-22.474957479503118,50.10134739200268,-27.626389912499558,0.20967741935483872,65,0.23297491039426524,16,16,16,33,-8.610684839142154,17.982989039142495,-9.37230420000034,0.24615384615384617,False,-238.25
low_mfe_loss,1D,expected_r,ge,0.5863367022891707,0.9,,,,,85,0.10328068043742406,17,43,21,21,-19.536584342857193,29.712400414284886,-10.175816071427692,0.2,29,0.1039426523297491,5,15,7,7,-27.316244714288366,30.519651857145483,-3.2034071428571145,0.1724137931034483,False,-239.5
all_loss,1D,reliability_asset_strategy_mean_r,ge,0.4610616472145215,0.9,,,,,84,0.10206561360874848,16,44,16,24,-18.759827535714205,26.649156107142588,-7.889328571428388,0.19047619047619047,38,0.13620071684587814,9,17,9,12,-27.046208892860307,31.010916035717337,-3.9647071428570277,0.23684210526315788,False,-240.5
severe_mae_loss,1D,decision_hour,le,3.0,0.1,,,,,93,0.11300121506682867,0,31,17,45,-9.122286278571645,19.895538028571465,-10.773251749999826,0.0,24,0.08602150537634409,0,11,1,12,-14.004222610713338,14.32461261071332,-0.32038999999998197,0.0,False,-241.25
low_mfe_loss,1D,reliability_win,le,0.2655132009803008,0.2,,,,,165,0.20048602673147023,19,46,31,88,-23.386196297357838,40.4314707098573,-17.045274412499474,0.11515151515151516,62,0.2222222222222222,13,17,13,32,-14.19934587485831,22.50234850343129,-8.30300262857298,0.20967741935483872,False,-241.75
all_loss,1D,stability,le,0.11245498270748465,0.3,,,,,249,0.3025516403402187,59,72,59,118,-18.270112450928504,48.08437797057072,-29.81426551964222,0.23694779116465864,64,0.22939068100358423,16,19,16,29,-11.35738237485635,19.58453100342821,-8.227148628571861,0.25,False,-245.25
all_loss,1D,rank_score,le,0.3845722601648459,0.3,,,,,249,0.3025516403402187,53,78,53,118,-19.523336458074176,45.91762272771749,-26.394286269643317,0.21285140562248997,74,0.26523297491039427,22,18,22,34,-9.743757428429085,20.86263891414427,-11.118881485715185,0.2972972972972973,False,-245.75
low_mfe_loss,1D,trailing_win_rate,le,0.272264631043257,0.2,,,,,170,0.2065613608748481,23,47,35,88,-24.309751918786276,44.3204352241429,-20.010683305356626,0.13529411764705881,67,0.24014336917562723,14,19,14,34,-11.90398614628606,20.203861596286885,-8.299875450000822,0.208955223880597,False,-246.25
low_mfe_loss,1D,reliability_expected_r,ge,0.27551975578017085,0.9,,,,,83,0.10085054678007291,15,41,17,25,-12.858175071428834,22.32456435714298,-9.466389285714143,0.18072289156626506,39,0.13978494623655913,7,18,9,12,-27.68858603571715,31.65329317857418,-3.9647071428570277,0.1794871794871795,False,-251.5
all_loss,1D,reliability_asset_strategy_win,le,0.2711849864472477,0.2,,,,,168,0.20413122721749696,35,48,35,85,-22.866840190214905,41.20150117414301,-18.334660983928103,0.20833333333333334,65,0.23297491039426524,12,23,12,30,-19.91128516057255,27.91983521771694,-8.008550057144387,0.18461538461538463,False,-257.25
low_mfe_loss,1D,reliability_asset_strategy_mean_r,ge,0.4610616472145215,0.9,,,,,84,0.10206561360874848,14,44,16,24,-18.759827535714205,26.649156107142588,-7.889328571428388,0.16666666666666666,38,0.13620071684587814,7,17,9,12,-27.046208892860307,31.010916035717337,-3.9647071428570277,0.18421052631578946,False,-258.5
all_loss,1D,reliability_score,ge,0.27630626870155034,0.9,,,,,84,0.10206561360874848,21,55,21,8,-21.103330821429026,29.891959392856712,-8.788628571427687,0.25,35,0.12544802867383512,12,20,12,3,-25.575403357146136,30.42445692857411,-4.849053571427971,0.34285714285714286,False,-274.75
all_loss,1D,rank_score,ge,0.6081325952642994,0.9,,,,,83,0.10085054678007291,16,50,16,17,-24.99850900000031,31.756648285713755,-6.758139285713444,0.1927710843373494,34,0.12186379928315412,7,17,7,10,-28.861107571430896,32.06451471428801,-3.2034071428571145,0.20588235294117646,False,-275.25
severe_mae_loss,1D,trailing_giveback,ge,0.9101692267290301,0.9,,,,,85,0.10328068043742406,0,46,19,20,-18.941440771429672,26.777746128571856,-7.836305357142182,0.0,19,0.06810035842293907,0,10,6,3,-3.7826531785723994,6.741521035714555,-2.9588678571421556,0.0,False,-290.0
all_loss,1D,trailing_win_rate,le,0.28721174004192873,0.3,,,,,252,0.30619684082624543,50,68,50,134,-28.82466734378751,56.74629429200042,-27.921626948212918,0.1984126984126984,77,0.27598566308243727,15,22,15,40,-15.824609003429446,25.642484453430956,-9.817875450001509,0.19480519480519481,False,-290.25
all_loss,1D,stability,ge,0.5485997582722664,0.9,,,,,84,0.10206561360874848,19,42,19,23,-18.907698442857743,26.226339514285577,-7.318641071427829,0.2261904761904762,44,0.15770609318996415,7,24,7,13,-32.467211857145166,35.67061900000228,-3.2034071428571145,0.1590909090909091,False,-293.0
low_mfe_loss,1D,reliability_asset_strategy_win,le,0.2711849864472477,0.2,,,,,168,0.20413122721749696,23,48,35,85,-22.866840190214905,41.20150117414301,-18.334660983928103,0.13690476190476192,65,0.23297491039426524,12,23,12,30,-19.91128516057255,27.91983521771694,-8.008550057144387,0.18461538461538463,False,-293.25
low_mfe_loss,1D,rank_score,ge,0.6081325952642994,0.9,,,,,83,0.10085054678007291,14,50,16,17,-24.99850900000031,31.756648285713755,-6.758139285713444,0.1686746987951807,34,0.12186379928315412,5,17,7,10,-28.861107571430896,32.06451471428801,-3.2034071428571145,0.14705882352941177,False,-293.25
low_mfe_loss,1D,reliability_score,le,-0.05612360587640852,0.3,,,,,248,0.30133657351154314,37,71,52,125,-22.474957479503118,50.10134739200268,-27.626389912499558,0.14919354838709678,65,0.23297491039426524,14,16,16,33,-8.610684839142154,17.982989039142495,-9.37230420000034,0.2153846153846154,False,-295.25
low_mfe_loss,1D,reliability_score,ge,0.27630626870155034,0.9,,,,,84,0.10206561360874848,17,55,21,8,-21.103330821429026,29.891959392856712,-8.788628571427687,0.20238095238095238,35,0.12544802867383512,10,20,12,3,-25.575403357146136,30.42445692857411,-4.849053571427971,0.2857142857142857,False,-298.75
low_mfe_loss,1D,reliability_expected_r,le,0.07339858947124882,0.3,,,,,248,0.30133657351154314,39,76,57,115,-20.474130140214818,48.862741481285774,-28.388611341070956,0.15725806451612903,60,0.21505376344086022,14,15,16,29,-8.806307839141912,16.91849789628518,-8.11219005714327,0.23333333333333334,False,-300.0
severe_mae_loss,1D,rank_score,le,0.3572763578368383,0.2,,,,,165,0.20048602673147023,0,44,44,77,-5.614936728645105,27.24362299828857,-21.62868626964346,0.0,45,0.16129032258064516,0,9,16,20,-0.2602068214285245,7.836007307143131,-7.575800485714606,0.0,False,-300.5
low_mfe_loss,1D,rank_score,le,0.3845722601648459,0.3,,,,,249,0.3025516403402187,38,78,53,118,-19.523336458074176,45.91762272771749,-26.394286269643317,0.15261044176706828,74,0.26523297491039427,20,18,22,34,-9.743757428429085,20.86263891414427,-11.118881485715185,0.2702702702702703,False,-302.75
all_loss,1D,expected_r,le,0.126843373535016,0.3,,,,,248,0.30133657351154314,56,75,56,117,-22.29903754735733,50.235270924142434,-27.936233376785104,0.22580645161290322,83,0.2974910394265233,20,26,20,37,-12.845665842713858,24.822014899857123,-11.976349057143263,0.24096385542168675,False,-302.75
all_loss,1D,decision_hour,le,7.0,0.2,,,,,185,0.22478736330498178,35,61,35,89,-22.554357742859246,42.887379600002326,-20.333021857143088,0.1891891891891892,45,0.16129032258064516,6,18,6,21,-12.787856182142225,16.721168324999176,-3.933312142856951,0.13333333333333333,False,-304.5
low_mfe_loss,1D,stability,le,0.11245498270748465,0.3,,,,,249,0.3025516403402187,41,72,59,118,-18.270112450928504,48.08437797057072,-29.81426551964222,0.1646586345381526,64,0.22939068100358423,15,19,16,29,-11.35738237485635,19.58453100342821,-8.227148628571861,0.234375,False,-305.25
severe_mae_loss,1D,trailing_giveback,le,0.7836478161220687,0.1,,,,,87,0.10571081409477522,0,39,23,25,-11.165580342857515,19.6288400214285,-8.463259678570981,0.0,35,0.12544802867383512,0,15,12,8,-22.192411765359083,27.76056637250205,-5.568154607142966,0.0,False,-306.5
severe_mae_loss,1D,reliability_score,le,-0.08565533530457692,0.2,,,,,165,0.20048602673147023,0,48,33,84,-13.529755711642991,31.115060266999627,-17.585304555356636,0.0,38,0.13620071684587814,0,8,5,25,-7.051463874855894,10.687796074856422,-3.6363322000005276,0.0,False,-306.75
low_mfe_loss,1D,reliability_asset_strategy_mean_r,le,0.11457466774677837,0.3,,,,,250,0.3037667071688943,37,76,54,120,-17.476397461645764,44.2567904812884,-26.780393019642634,0.148,62,0.2222222222222222,14,15,17,30,-7.972367839141967,17.848712110571025,-9.876344271429055,0.22580645161290322,False,-307.0
all_loss,1D,reliability_win,ge,0.6014302970055891,0.9,,,,,83,0.10085054678007291,25,58,25,0,-13.355478377856961,20.96353682785694,-7.608058449999976,0.30120481927710846,31,0.1111111111111111,9,22,9,0,-8.79043408714342,12.677019801428457,-3.886585714285037,0.2903225806451613,False,-307.5
all_loss,1D,trailing_win_rate,ge,0.6666666666666666,0.9,,,,,86,0.10449574726609964,26,60,26,0,-16.22944523500066,25.444382256428685,-9.214937021428025,0.3023255813953488,31,0.1111111111111111,9,22,9,0,-9.538648295357522,13.425234009642555,-3.886585714285037,0.2903225806451613,False,-313.25
low_mfe_loss,1D,stability,ge,0.5485997582722664,0.9,,,,,84,0.10206561360874848,16,42,19,23,-18.907698442857743,26.226339514285577,-7.318641071427829,0.19047619047619047,44,0.15770609318996415,5,24,7,13,-32.467211857145166,35.67061900000228,-3.2034071428571145,0.11363636363636363,False,-314.0
all_loss,1D,reliability_strategy_mean_r,le,0.07630568207694308,0.1,,,,,96,0.1166464155528554,33,47,33,16,-18.83683203928628,30.614510217856814,-11.777678178570532,0.34375,64,0.22939068100358423,19,38,19,7,-32.2046030096458,40.130812616788155,-7.92620960714236,0.296875,False,-319.0
severe_mae_loss,1D,expected_r,ge,0.5863367022891707,0.9,,,,,85,0.10328068043742406,0,43,21,21,-19.536584342857193,29.712400414284886,-10.175816071427692,0.0,29,0.1039426523297491,0,15,7,7,-27.316244714288366,30.519651857145483,-3.2034071428571145,0.0,False,-320.5
all_loss,1D,reliability_asset_strategy_win,ge,0.6624451987404646,0.9,,,,,83,0.10085054678007291,23,60,23,0,-15.010760663571169,21.267240542142687,-6.256479878571517,0.27710843373493976,31,0.1111111111111111,9,22,9,0,-8.79043408714342,12.677019801428457,-3.886585714285037,0.2903225806451613,False,-321.5
all_loss,1D,reliability_strategy_mean_r,ge,0.1510826192894883,0.8,,,,,176,0.21385176184690158,30,72,30,74,-22.03178441785797,35.57475098928606,-13.542966571428089,0.17045454545454544,38,0.13620071684587814,3,12,3,23,-6.139773928570064,8.51912392857006,-2.379349999999995,0.07894736842105263,False,-329.5
low_mfe_loss,1D,trailing_win_rate,le,0.28721174004192873,0.3,,,,,252,0.30619684082624543,36,68,50,134,-28.82466734378751,56.74629429200042,-27.921626948212918,0.14285714285714285,77,0.27598566308243727,15,22,15,40,-15.824609003429446,25.642484453430956,-9.817875450001509,0.19480519480519481,False,-332.25
severe_mae_loss,1D,expected_r,le,0.07848740026365177,0.2,,,,,165,0.20048602673147023,0,54,34,77,-21.10751472592787,38.36623138842813,-17.25871666250026,0.0,34,0.12186379928315412,0,9,9,16,-6.881049481999927,10.758733824857167,-3.877684342857239,0.0,False,-337.75
severe_mae_loss,1D,reliability_expected_r,ge,0.27551975578017085,0.9,,,,,83,0.10085054678007291,0,41,17,25,-12.858175071428834,22.32456435714298,-9.466389285714143,0.0,39,0.13978494623655913,0,18,9,12,-27.68858603571715,31.65329317857418,-3.9647071428570277,0.0,False,-338.5
low_mfe_loss,1D,reliability_win,ge,0.6014302970055891,0.9,,,,,83,0.10085054678007291,18,58,25,0,-13.355478377856961,20.96353682785694,-7.608058449999976,0.21686746987951808,31,0.1111111111111111,7,22,9,0,-8.79043408714342,12.677019801428457,-3.886585714285037,0.22580645161290322,False,-340.5
all_loss,1D,reliability_asset_strategy_win,le,0.2910004813364106,0.3,,,,,247,0.3001215066828676,51,73,51,123,-27.38130722950071,54.17166192771426,-26.790354698213548,0.20647773279352227,83,0.2974910394265233,16,27,16,40,-18.995508610572518,30.068222167716964,-11.072713557144441,0.1927710843373494,False,-341.5
severe_mae_loss,1D,reliability_asset_strategy_mean_r,ge,0.4610616472145215,0.9,,,,,84,0.10206561360874848,0,44,16,24,-18.759827535714205,26.649156107142588,-7.889328571428388,0.0,38,0.13620071684587814,0,17,9,12,-27.046208892860307,31.010916035717337,-3.9647071428570277,0.0,False,-342.5
low_mfe_loss,1D,decision_hour,le,7.0,0.2,,,,,185,0.22478736330498178,24,61,35,89,-22.554357742859246,42.887379600002326,-20.333021857143088,0.12972972972972974,45,0.16129032258064516,5,18,6,21,-12.787856182142225,16.721168324999176,-3.933312142856951,0.1111111111111111,False,-343.5
low_mfe_loss,1D,trailing_win_rate,ge,0.6666666666666666,0.9,,,,,86,0.10449574726609964,19,60,26,0,-16.22944523500066,25.444382256428685,-9.214937021428025,0.22093023255813954,31,0.1111111111111111,7,22,9,0,-9.538648295357522,13.425234009642555,-3.886585714285037,0.22580645161290322,False,-346.25
all_loss,1D,reliability_strategy_win,ge,0.6332662721893492,0.9,,,,,89,0.10814094775212636,28,61,28,0,-16.011951431429182,25.712681310000043,-9.700729878570861,0.3146067415730337,42,0.15053763440860216,13,29,13,0,-10.806187688214699,16.05199125964263,-5.245803571427931,0.30952380952380953,False,-346.75
all_loss,1D,quality,le,0.58,0.1,,,,,89,0.10814094775212636,28,61,28,0,-16.011951431429182,25.712681310000043,-9.700729878570861,0.3146067415730337,42,0.15053763440860216,13,29,13,0,-10.806187688214699,16.05199125964263,-5.245803571427931,0.30952380952380953,False,-346.75
low_mfe_loss,1D,reliability_strategy_mean_r,ge,0.1510826192894883,0.8,,,,,176,0.21385176184690158,23,72,30,74,-22.03178441785797,35.57475098928606,-13.542966571428089,0.13068181818181818,38,0.13620071684587814,3,12,3,23,-6.139773928570064,8.51912392857006,-2.379349999999995,0.07894736842105263,False,-350.5
all_loss,1D,trailing_giveback,ge,0.8967585507542115,0.8,,,,,167,0.20291616038882138,26,84,26,57,-33.735332032143745,43.92041381785745,-10.185081785713704,0.15568862275449102,29,0.1039426523297491,10,13,10,6,-4.562979428571886,8.683918714285777,-4.120939285713892,0.3448275862068966,False,-351.0
low_mfe_loss,1D,reliability_asset_strategy_win,ge,0.6624451987404646,0.9,,,,,83,0.10085054678007291,17,60,23,0,-15.010760663571169,21.267240542142687,-6.256479878571517,0.20481927710843373,31,0.1111111111111111,7,22,9,0,-8.79043408714342,12.677019801428457,-3.886585714285037,0.22580645161290322,False,-351.5
all_loss,1D,quality,ge,0.8400000000000001,0.8,,,,,166,0.20170109356014582,33,60,33,73,-40.4581411687163,60.455982711572226,-19.99784154285592,0.19879518072289157,55,0.1971326164874552,6,24,6,25,-41.76563116057325,46.85752723200259,-5.091896071429344,0.10909090909090909,False,-352.25
severe_mae_loss,1D,reliability_expected_r,le,0.055337280360104116,0.2,,,,,167,0.20291616038882138,0,56,38,73,-14.841607997357022,34.20732201699959,-19.365714019642567,0.0,41,0.14695340501792115,0,10,8,23,-7.392023839141946,11.206762110570715,-3.8147382714287676,0.0,False,-356.0
severe_mae_loss,1D,reliability_asset_strategy_mean_r,le,0.0818494506114442,0.2,,,,,166,0.20170109356014582,0,55,37,74,-15.75671156878517,33.94805030271375,-18.19133873392858,0.0,46,0.16487455197132617,0,11,11,24,-6.167395196284505,12.796536681999392,-6.629141485714885,0.0,False,-361.0
low_mfe_loss,1D,expected_r,le,0.126843373535016,0.3,,,,,248,0.30133657351154314,40,75,56,117,-22.29903754735733,50.235270924142434,-27.936233376785104,0.16129032258064516,83,0.2974910394265233,18,26,20,37,-12.845665842713858,24.822014899857123,-11.976349057143263,0.21686746987951808,False,-362.75
low_mfe_loss,1D,reliability_strategy_mean_r,le,0.07630568207694308,0.1,,,,,96,0.1166464155528554,24,47,33,16,-18.83683203928628,30.614510217856814,-11.777678178570532,0.25,64,0.22939068100358423,16,38,19,7,-32.2046030096458,40.130812616788155,-7.92620960714236,0.25,False,-364.0
severe_mae_loss,1D,stability,le,0.08985034339192623,0.2,,,,,165,0.20048602673147023,0,54,37,74,-20.234049247356403,38.611305195571,-18.37725594821459,0.0,45,0.16129032258064516,0,12,12,21,-5.988816624855961,12.923365253427967,-6.934548628572006,0.0,False,-364.5
severe_mae_loss,1D,rank_score,ge,0.6081325952642994,0.9,,,,,83,0.10085054678007291,0,50,16,17,-24.99850900000031,31.756648285713755,-6.758139285713444,0.0,34,0.12186379928315412,0,17,7,10,-28.861107571430896,32.06451471428801,-3.2034071428571145,0.0,False,-365.25
all_loss,1D,reliability_score,le,-0.019076476753512116,0.4,,,,,329,0.3997569866342649,71,96,71,162,-26.693897393790103,65.16525202057514,-38.47135462678504,0.21580547112462006,102,0.3655913978494624,24,29,24,49,-13.997150985571304,29.936580292715856,-15.939429307144552,0.23529411764705882,False,-366.75
all_loss,1D,reliability_win,le,0.2774425059218657,0.3,,,,,248,0.30133657351154314,54,69,54,125,-26.007931450928844,54.388456863428544,-28.380525412499704,0.21774193548387097,104,0.3727598566308244,20,36,20,48,-22.860896146287104,37.75639534628858,-14.895499200001474,0.19230769230769232,False,-370.0
severe_mae_loss,1D,reliability_win,le,0.2655132009803008,0.2,,,,,165,0.20048602673147023,0,46,31,88,-23.386196297357838,40.4314707098573,-17.045274412499474,0.0,62,0.2222222222222222,0,17,13,32,-14.19934587485831,22.50234850343129,-8.30300262857298,0.0,False,-376.75
low_mfe_loss,1D,trailing_giveback,ge,0.8967585507542115,0.8,,,,,167,0.20291616038882138,21,84,26,57,-33.735332032143745,43.92041381785745,-10.185081785713704,0.12574850299401197,29,0.1039426523297491,7,13,10,6,-4.562979428571886,8.683918714285777,-4.120939285713892,0.2413793103448276,False,-384.0
all_loss,1D,reliability_strategy_win,le,0.2731983805668016,0.1,,,,,122,0.14823815309842042,25,37,25,60,-26.839834760146775,40.452661072288954,-13.612826312142177,0.20491803278688525,147,0.5268817204301075,34,56,34,57,-75.31200692843424,97.8299426998643,-22.51793577143004,0.23129251700680273,False,-384.25
low_mfe_loss,1D,reliability_strategy_win,ge,0.6332662721893492,0.9,,,,,89,0.10814094775212636,21,61,28,0,-16.011951431429182,25.712681310000043,-9.700729878570861,0.23595505617977527,42,0.15053763440860216,10,29,13,0,-10.806187688214699,16.05199125964263,-5.245803571427931,0.23809523809523808,False,-385.75
low_mfe_loss,1D,quality,le,0.58,0.1,,,,,89,0.10814094775212636,21,61,28,0,-16.011951431429182,25.712681310000043,-9.700729878570861,0.23595505617977527,42,0.15053763440860216,10,29,13,0,-10.806187688214699,16.05199125964263,-5.245803571427931,0.23809523809523808,False,-385.75
all_loss,1D,reliability_expected_r,le,0.09587491488518873,0.4,,,,,329,0.3997569866342649,73,102,73,154,-23.542215165217616,61.99870193485979,-38.45648676964217,0.22188449848024316,92,0.32974910394265233,23,29,23,40,-14.66906796164246,28.316432268785764,-13.647364307143302,0.25,False,-388.25
low_mfe_loss,1D,quality,ge,0.8400000000000001,0.8,,,,,166,0.20170109356014582,22,60,33,73,-40.4581411687163,60.455982711572226,-19.99784154285592,0.13253012048192772,55,0.1971326164874552,5,24,6,25,-41.76563116057325,46.85752723200259,-5.091896071429344,0.09090909090909091,False,-391.25
severe_mae_loss,1D,stability,ge,0.5485997582722664,0.9,,,,,84,0.10206561360874848,0,42,19,23,-18.907698442857743,26.226339514285577,-7.318641071427829,0.0,44,0.15770609318996415,0,24,7,13,-32.467211857145166,35.67061900000228,-3.2034071428571145,0.0,False,-392.0
low_mfe_loss,1D,reliability_asset_strategy_win,le,0.2910004813364106,0.3,,,,,247,0.3001215066828676,34,73,51,123,-27.38130722950071,54.17166192771426,-26.790354698213548,0.13765182186234817,83,0.2974910394265233,16,27,16,40,-18.995508610572518,30.068222167716964,-11.072713557144441,0.1927710843373494,False,-392.5
all_loss,1D,stability,le,0.14975745898888393,0.4,,,,,337,0.4094775212636695,76,105,76,156,-25.969228050931047,65.24866467771653,-39.27943662678548,0.22551928783382788,95,0.34050179211469533,23,29,23,43,-13.271681985571009,27.039826328428607,-13.768144342857598,0.24210526315789474,False,-394.0
severe_mae_loss,1D,trailing_win_rate,le,0.272264631043257,0.2,,,,,170,0.2065613608748481,0,47,35,88,-24.309751918786276,44.3204352241429,-20.010683305356626,0.0,67,0.24014336917562723,0,19,14,34,-11.90398614628606,20.203861596286885,-8.299875450000822,0.0,False,-399.25
all_loss,1D,expected_r,le,0.161674278018405,0.4,,,,,330,0.40097205346294046,72,100,72,158,-21.63121435450299,59.512486731288114,-37.88127237678512,0.21818181818181817,101,0.36200716845878134,23,32,23,46,-15.716012108428208,28.4139454512857,-12.697933342857493,0.22772277227722773,False,-409.75
severe_mae_loss,1D,reliability_score,ge,0.27630626870155034,0.9,,,,,84,0.10206561360874848,0,55,21,8,-21.103330821429026,29.891959392856712,-8.788628571427687,0.0,35,0.12544802867383512,0,20,12,3,-25.575403357146136,30.42445692857411,-4.849053571427971,0.0,False,-409.75
low_mfe_loss,1D,reliability_strategy_win,le,0.2731983805668016,0.1,,,,,122,0.14823815309842042,17,37,25,60,-26.839834760146775,40.452661072288954,-13.612826312142177,0.13934426229508196,147,0.5268817204301075,32,56,34,57,-75.31200692843424,97.8299426998643,-22.51793577143004,0.21768707482993196,False,-420.25
all_loss,1D,rank_score,le,0.4137125336302984,0.4,,,,,329,0.3997569866342649,73,104,73,152,-28.112152183075015,65.25888916700266,-37.146736983927646,0.22188449848024316,119,0.4265232974910394,32,38,32,49,-19.180230128429297,37.62636947128735,-18.446139342858054,0.2689075630252101,False,-421.0
all_loss,1D,trailing_win_rate,le,0.30716723549488056,0.4,,,,,332,0.40340218712029163,72,99,72,161,-34.02216831878976,73.2298698027172,-39.20770148392745,0.21686746987951808,106,0.37992831541218636,22,33,22,51,-35.57666482485891,49.87611691771752,-14.299452092858607,0.20754716981132076,False,-421.5
all_loss,1D,reliability_asset_strategy_mean_r,le,0.1569651527438252,0.4,,,,,329,0.3997569866342649,73,106,73,150,-23.823742050217405,61.76328098414529,-37.93953893392789,0.22188449848024316,90,0.3225806451612903,21,31,21,38,-18.12567497949974,30.28665114378583,-12.160976164286089,0.23333333333333334,False,-431.75
severe_mae_loss,1D,reliability_asset_strategy_win,le,0.2711849864472477,0.2,,,,,168,0.20413122721749696,0,48,35,85,-22.866840190214905,41.20150117414301,-18.334660983928103,0.0,65,0.23297491039426524,0,23,12,30,-19.91128516057255,27.91983521771694,-8.008550057144387,0.0,False,-434.25
all_loss,1D,reliability_asset_strategy_mean_r,ge,0.41417781315300256,0.8,,,,,167,0.20291616038882138,30,83,30,54,-40.741037571429544,55.999237571429255,-15.258199999999706,0.17964071856287425,51,0.1827956989247312,9,24,9,18,-31.559607107145293,35.52431425000232,-3.9647071428570277,0.17647058823529413,False,-434.5
low_mfe_loss,1D,reliability_win,le,0.2774425059218657,0.3,,,,,248,0.30133657351154314,36,69,54,125,-26.007931450928844,54.388456863428544,-28.380525412499704,0.14516129032258066,104,0.3727598566308244,18,36,20,48,-22.860896146287104,37.75639534628858,-14.895499200001474,0.17307692307692307,False,-436.0
severe_mae_loss,1D,reliability_win,ge,0.6014302970055891,0.9,,,,,83,0.10085054678007291,0,58,25,0,-13.355478377856961,20.96353682785694,-7.608058449999976,0.0,31,0.1111111111111111,0,22,9,0,-8.79043408714342,12.677019801428457,-3.886585714285037,0.0,False,-436.5
severe_mae_loss,1D,reliability_strategy_mean_r,ge,0.1510826192894883,0.8,,,,,176,0.21385176184690158,0,72,30,74,-22.03178441785797,35.57475098928606,-13.542966571428089,0.0,38,0.13620071684587814,0,12,3,23,-6.139773928570064,8.51912392857006,-2.379349999999995,0.0,False,-437.5
all_loss,1D,reliability_strategy_win,le,0.2739559235358578,0.2,,,,,173,0.21020656136087484,34,54,34,85,-39.53940370164617,60.004649642716984,-20.465245941070815,0.19653179190751446,147,0.5268817204301075,34,56,34,57,-75.31200692843424,97.8299426998643,-22.51793577143004,0.23129251700680273,False,-438.0
all_loss,1D,reliability_expected_r,ge,0.24513895111390224,0.8,,,,,165,0.20048602673147023,27,82,27,56,-37.574425142857095,50.731739428571615,-13.157314285714511,0.16363636363636364,52,0.1863799283154122,9,24,9,19,-31.559607107145293,35.52431425000232,-3.9647071428570277,0.17307692307692307,False,-439.25
low_mfe_loss,1D,reliability_score,le,-0.019076476753512116,0.4,,,,,329,0.3997569866342649,50,96,71,162,-26.693897393790103,65.16525202057514,-38.47135462678504,0.1519756838905775,102,0.3655913978494624,22,29,24,49,-13.997150985571304,29.936580292715856,-15.939429307144552,0.21568627450980393,False,-441.75
severe_mae_loss,1D,reliability_asset_strategy_win,ge,0.6624451987404646,0.9,,,,,83,0.10085054678007291,0,60,23,0,-15.010760663571169,21.267240542142687,-6.256479878571517,0.0,31,0.1111111111111111,0,22,9,0,-8.79043408714342,12.677019801428457,-3.886585714285037,0.0,False,-444.5
severe_mae_loss,1D,trailing_win_rate,ge,0.6666666666666666,0.9,,,,,86,0.10449574726609964,0,60,26,0,-16.22944523500066,25.444382256428685,-9.214937021428025,0.0,31,0.1111111111111111,0,22,9,0,-9.538648295357522,13.425234009642555,-3.886585714285037,0.0,False,-445.25
severe_mae_loss,1D,decision_hour,le,7.0,0.2,,,,,185,0.22478736330498178,0,61,35,89,-22.554357742859246,42.887379600002326,-20.333021857143088,0.0,45,0.16129032258064516,0,18,6,21,-12.787856182142225,16.721168324999176,-3.933312142856951,0.0,False,-445.5
all_loss,1D,quality,le,0.7163555457730956,0.2,,,,,165,0.20048602673147023,47,85,47,33,-21.79776101357149,40.274063020714195,-18.476302007142717,0.28484848484848485,76,0.2724014336917563,22,40,22,14,-21.327457973929498,30.868482331072443,-9.54102435714294,0.2894736842105263,False,-447.25
all_loss,1D,trailing_giveback,le,0.8275796734142848,0.2,,,,,166,0.20170109356014582,38,70,38,58,-22.685662260000257,39.04037324571427,-16.354710985714014,0.2289156626506024,77,0.27598566308243727,17,41,17,19,-49.78774104893243,57.184839227503886,-7.397098178571458,0.22077922077922077,False,-452.75
all_loss,1D,rank_score,ge,0.5719960562151344,0.8,,,,,165,0.20048602673147023,28,85,28,52,-38.237127164286264,50.48499680714279,-12.247869642856525,0.1696969696969697,46,0.16487455197132617,8,25,8,13,-35.27399282143059,38.833571392859156,-3.5595785714285646,0.17391304347826086,False,-460.75
all_loss,1D,reliability_win,ge,0.3761738273374446,0.8,,,,,165,0.20048602673147023,37,92,37,36,-24.19096341714304,36.21188072428515,-12.020917307142117,0.22424242424242424,42,0.15053763440860216,13,29,13,0,-10.806187688214699,16.05199125964263,-5.245803571427931,0.30952380952380953,False,-462.75
low_mfe_loss,1D,reliability_expected_r,ge,0.24513895111390224,0.8,,,,,165,0.20048602673147023,23,82,27,56,-37.574425142857095,50.731739428571615,-13.157314285714511,0.1393939393939394,52,0.1863799283154122,7,24,9,19,-31.559607107145293,35.52431425000232,-3.9647071428570277,0.1346153846153846,False,-463.25
low_mfe_loss,1D,reliability_asset_strategy_mean_r,ge,0.41417781315300256,0.8,,,,,167,0.20291616038882138,24,83,30,54,-40.741037571429544,55.999237571429255,-15.258199999999706,0.1437125748502994,51,0.1827956989247312,7,24,9,18,-31.559607107145293,35.52431425000232,-3.9647071428570277,0.13725490196078433,False,-464.5
all_loss,1D,decision_hour,le,10.0,0.3,,,,,259,0.31470230862697446,42,88,42,129,-39.103320418358855,62.63373308657332,-23.530412668214474,0.16216216216216217,77,0.27598566308243727,11,28,11,38,-19.185919517713984,27.66340753914221,-8.47748802142822,0.14285714285714285,False,-468.0
all_loss,1D,reliability_asset_strategy_win,le,0.30492914979757085,0.4,,,,,331,0.402187120291616,69,96,69,166,-29.099951172361088,68.00775237057456,-38.90780119821348,0.2084592145015106,116,0.4157706093189964,22,39,22,55,-30.57503436057414,46.857729632004116,-16.282695271429976,0.1896551724137931,False,-468.75
low_mfe_loss,1D,reliability_expected_r,le,0.09587491488518873,0.4,,,,,329,0.3997569866342649,51,102,73,154,-23.542215165217616,61.99870193485979,-38.45648676964217,0.15501519756838905,92,0.32974910394265233,20,29,23,40,-14.66906796164246,28.316432268785764,-13.647364307143302,0.21739130434782608,False,-472.25
low_mfe_loss,1D,reliability_strategy_win,le,0.2739559235358578,0.2,,,,,173,0.21020656136087484,25,54,34,85,-39.53940370164617,60.004649642716984,-20.465245941070815,0.14450867052023122,147,0.5268817204301075,32,56,34,57,-75.31200692843424,97.8299426998643,-22.51793577143004,0.21768707482993196,False,-477.0
low_mfe_loss,1D,stability,le,0.14975745898888393,0.4,,,,,337,0.4094775212636695,52,105,76,156,-25.969228050931047,65.24866467771653,-39.27943662678548,0.1543026706231454,95,0.34050179211469533,21,29,23,43,-13.271681985571009,27.039826328428607,-13.768144342857598,0.22105263157894736,False,-478.0
all_loss,1D,expected_r,ge,0.45361065785615307,0.8,,,,,166,0.20170109356014582,31,84,31,51,-37.07127250714359,50.510469864285454,-13.43919735714186,0.18674698795180722,50,0.17921146953405018,8,29,8,13,-33.409599964288105,36.96917853571667,-3.5595785714285646,0.16,False,-481.0
all_loss,1D,reliability_asset_strategy_win,ge,0.459540486044784,0.8,,,,,166,0.20170109356014582,38,90,38,38,-24.575726902857465,37.286879138570896,-12.711152235713431,0.2289156626506024,49,0.17562724014336917,15,34,15,0,-21.790904831073615,27.724819116787415,-5.933914285713804,0.30612244897959184,False,-481.75
all_loss,1D,trailing_giveback,ge,0.874697740561679,0.7,,,,,250,0.3037667071688943,43,109,43,98,-43.50448673735761,60.64861662842864,-17.144129891071024,0.172,56,0.2007168458781362,15,24,15,17,-4.970818374857932,13.691108732000206,-8.720290357142275,0.26785714285714285,False,-485.5
severe_mae_loss,1D,quality,ge,0.8400000000000001,0.8,,,,,166,0.20170109356014582,0,60,33,73,-40.4581411687163,60.455982711572226,-19.99784154285592,0.0,55,0.1971326164874552,0,24,6,25,-41.76563116057325,46.85752723200259,-5.091896071429344,0.0,False,-487.25
severe_mae_loss,1D,trailing_giveback,ge,0.8967585507542115,0.8,,,,,167,0.20291616038882138,0,84,26,57,-33.735332032143745,43.92041381785745,-10.185081785713704,0.0,29,0.1039426523297491,0,13,10,6,-4.562979428571886,8.683918714285777,-4.120939285713892,0.0,False,-489.0
severe_mae_loss,1D,reliability_score,le,-0.05612360587640852,0.3,,,,,248,0.30133657351154314,0,71,52,125,-22.474957479503118,50.10134739200268,-27.626389912499558,0.0,65,0.23297491039426524,0,16,16,33,-8.610684839142154,17.982989039142495,-9.37230420000034,0.0,False,-490.25
low_mfe_loss,1D,rank_score,ge,0.5719960562151344,0.8,,,,,165,0.20048602673147023,22,85,28,52,-38.237127164286264,50.48499680714279,-12.247869642856525,0.13333333333333333,46,0.16487455197132617,6,25,8,13,-35.27399282143059,38.833571392859156,-3.5595785714285646,0.13043478260869565,False,-490.75
low_mfe_loss,1D,trailing_giveback,le,0.8275796734142848,0.2,,,,,166,0.20170109356014582,27,70,38,58,-22.685662260000257,39.04037324571427,-16.354710985714014,0.16265060240963855,77,0.27598566308243727,16,41,17,19,-49.78774104893243,57.184839227503886,-7.397098178571458,0.2077922077922078,False,-491.75
low_mfe_loss,1D,expected_r,le,0.161674278018405,0.4,,,,,330,0.40097205346294046,50,100,72,158,-21.63121435450299,59.512486731288114,-37.88127237678512,0.15151515151515152,101,0.36200716845878134,20,32,23,46,-15.716012108428208,28.4139454512857,-12.697933342857493,0.19801980198019803,False,-493.75
all_loss,1D,stability,ge,0.44472442584298566,0.8,,,,,166,0.20170109356014582,27,82,27,57,-34.38209054285808,44.02333075714308,-9.641240214285002,0.16265060240963855,65,0.23297491039426524,12,33,12,20,-36.203619607145235,40.993858892859215,-4.790239285713979,0.18461538461538463,False,-496.75
severe_mae_loss,1D,reliability_expected_r,le,0.07339858947124882,0.3,,,,,248,0.30133657351154314,0,76,57,115,-20.474130140214818,48.862741481285774,-28.388611341070956,0.0,60,0.21505376344086022,0,15,16,29,-8.806307839141912,16.91849789628518,-8.11219005714327,0.0,False,-501.0
severe_mae_loss,1D,reliability_asset_strategy_mean_r,le,0.11457466774677837,0.3,,,,,250,0.3037667071688943,0,76,54,120,-17.476397461645764,44.2567904812884,-26.780393019642634,0.0,62,0.2222222222222222,0,15,17,30,-7.972367839141967,17.848712110571025,-9.876344271429055,0.0,False,-502.0
low_mfe_loss,1D,trailing_win_rate,le,0.30716723549488056,0.4,,,,,332,0.40340218712029163,49,99,72,161,-34.02216831878976,73.2298698027172,-39.20770148392745,0.14759036144578314,106,0.37992831541218636,20,33,22,51,-35.57666482485891,49.87611691771752,-14.299452092858607,0.18867924528301888,False,-502.5
low_mfe_loss,1D,rank_score,le,0.4137125336302984,0.4,,,,,329,0.3997569866342649,51,104,73,152,-28.112152183075015,65.25888916700266,-37.146736983927646,0.15501519756838905,119,0.4265232974910394,29,38,32,49,-19.180230128429297,37.62636947128735,-18.446139342858054,0.24369747899159663,False,-505.0
low_mfe_loss,1D,quality,le,0.7163555457730956,0.2,,,,,165,0.20048602673147023,35,85,47,33,-21.79776101357149,40.274063020714195,-18.476302007142717,0.21212121212121213,76,0.2724014336917563,18,40,22,14,-21.327457973929498,30.868482331072443,-9.54102435714294,0.23684210526315788,False,-507.25
low_mfe_loss,1D,reliability_win,ge,0.3761738273374446,0.8,,,,,165,0.20048602673147023,28,92,37,36,-24.19096341714304,36.21188072428515,-12.020917307142117,0.1696969696969697,42,0.15053763440860216,10,29,13,0,-10.806187688214699,16.05199125964263,-5.245803571427931,0.23809523809523808,False,-507.75
low_mfe_loss,1D,expected_r,ge,0.45361065785615307,0.8,,,,,166,0.20170109356014582,26,84,31,51,-37.07127250714359,50.510469864285454,-13.43919735714186,0.1566265060240964,50,0.17921146953405018,6,29,8,13,-33.409599964288105,36.96917853571667,-3.5595785714285646,0.12,False,-508.0
severe_mae_loss,1D,reliability_strategy_win,ge,0.6332662721893492,0.9,,,,,89,0.10814094775212636,0,61,28,0,-16.011951431429182,25.712681310000043,-9.700729878570861,0.0,42,0.15053763440860216,0,29,13,0,-10.806187688214699,16.05199125964263,-5.245803571427931,0.0,False,-508.75
severe_mae_loss,1D,quality,le,0.58,0.1,,,,,89,0.10814094775212636,0,61,28,0,-16.011951431429182,25.712681310000043,-9.700729878570861,0.0,42,0.15053763440860216,0,29,13,0,-10.806187688214699,16.05199125964263,-5.245803571427931,0.0,False,-508.75
all_loss,1D,reliability_win,le,0.28630674256749367,0.4,,,,,329,0.3997569866342649,68,100,68,161,-37.50380563664665,74.49504640628852,-36.99124076964188,0.2066869300911854,122,0.43727598566308246,24,44,24,54,-29.272908789144143,46.17213631057414,-16.899227521429996,0.19672131147540983,False,-516.75
severe_mae_loss,1D,stability,le,0.11245498270748465,0.3,,,,,249,0.3025516403402187,0,72,59,118,-18.270112450928504,48.08437797057072,-29.81426551964222,0.0,64,0.22939068100358423,0,19,16,29,-11.35738237485635,19.58453100342821,-8.227148628571861,0.0,False,-518.25
low_mfe_loss,1D,reliability_asset_strategy_mean_r,le,0.1569651527438252,0.4,,,,,329,0.3997569866342649,50,106,73,150,-23.823742050217405,61.76328098414529,-37.93953893392789,0.1519756838905775,90,0.3225806451612903,18,31,21,38,-18.12567497949974,30.28665114378583,-12.160976164286089,0.2,False,-518.75
low_mfe_loss,1D,decision_hour,le,10.0,0.3,,,,,259,0.31470230862697446,28,88,42,129,-39.103320418358855,62.63373308657332,-23.530412668214474,0.10810810810810811,77,0.27598566308243727,9,28,11,38,-19.185919517713984,27.66340753914221,-8.47748802142822,0.11688311688311688,False,-522.0
all_loss,1D,reliability_strategy_mean_r,ge,0.14673061446425303,0.7,,,,,272,0.330498177399757,46,112,46,114,-42.23318316785783,64.52836438214362,-22.295181214285787,0.16911764705882354,56,0.2007168458781362,6,21,6,29,-11.306536914284408,14.749604057141513,-3.4430671428571054,0.10714285714285714,False,-524.0
low_mfe_loss,1D,stability,ge,0.44472442584298566,0.8,,,,,166,0.20170109356014582,23,82,27,57,-34.38209054285808,44.02333075714308,-9.641240214285002,0.13855421686746988,65,0.23297491039426524,9,33,12,20,-36.203619607145235,40.993858892859215,-4.790239285713979,0.13846153846153847,False,-526.75
all_loss,1D,trailing_win_rate,ge,0.4868421052631579,0.8,,,,,169,0.20534629404617255,40,90,40,39,-24.03183868857216,37.18574092428561,-13.15390223571345,0.23668639053254437,67,0.24014336917562723,18,42,18,7,-35.588108402502826,42.47816554535964,-6.890057142856817,0.26865671641791045,False,-527.0
all_loss,1D,quality,le,0.7296018613408477,0.3,,,,,247,0.3001215066828676,67,107,67,73,-24.608658520717363,54.889805599288124,-30.281147078570765,0.27125506072874495,95,0.34050179211469533,28,48,28,19,-23.962598563216314,37.07249677750221,-13.109898214285893,0.29473684210526313,False,-528.5
low_mfe_loss,1D,reliability_asset_strategy_win,ge,0.459540486044784,0.8,,,,,166,0.20170109356014582,28,90,38,38,-24.575726902857465,37.286879138570896,-12.711152235713431,0.1686746987951807,49,0.17562724014336917,12,34,15,0,-21.790904831073615,27.724819116787415,-5.933914285713804,0.24489795918367346,False,-529.75
severe_mae_loss,1D,trailing_win_rate,le,0.28721174004192873,0.3,,,,,252,0.30619684082624543,0,68,50,134,-28.82466734378751,56.74629429200042,-27.921626948212918,0.0,77,0.27598566308243727,0,22,15,40,-15.824609003429446,25.642484453430956,-9.817875450001509,0.0,False,-530.25
severe_mae_loss,1D,reliability_strategy_mean_r,le,0.07630568207694308,0.1,,,,,96,0.1166464155528554,0,47,33,16,-18.83683203928628,30.614510217856814,-11.777678178570532,0.0,64,0.22939068100358423,0,38,19,7,-32.2046030096458,40.130812616788155,-7.92620960714236,0.0,False,-532.0
severe_mae_loss,1D,rank_score,le,0.3845722601648459,0.3,,,,,249,0.3025516403402187,0,78,53,118,-19.523336458074176,45.91762272771749,-26.394286269643317,0.0,74,0.26523297491039427,0,18,22,34,-9.743757428429085,20.86263891414427,-11.118881485715185,0.0,False,-536.75
all_loss,1D,reliability_strategy_mean_r,le,0.10558505613350275,0.2,,,,,199,0.24179829890643986,55,105,55,39,-36.948018838572054,57.10948960999956,-20.161470771427513,0.27638190954773867,72,0.25806451612903225,20,42,20,10,-36.01022072393178,44.01155033107416,-8.001329607142385,0.2777777777777778,False,-538.75
all_loss,1D,reliability_score,ge,0.22156966219986063,0.8,,,,,165,0.20048602673147023,35,93,35,37,-30.437635252857753,45.62632941714271,-15.188694164284968,0.21212121212121213,69,0.24731182795698925,15,38,15,16,-34.25619907143142,40.192166928573805,-5.935967857142385,0.21739130434782608,False,-539.5
all_loss,1D,decision_hour,le,12.0,0.4,,,,,330,0.40097205346294046,56,110,56,164,-42.80563101964535,72.97451742357391,-30.16888640392858,0.1696969696969697,93,0.3333333333333333,14,31,14,48,-18.81677266057087,29.170071681999342,-10.353299021428471,0.15053763440860216,False,-541.75
low_mfe_loss,1D,trailing_giveback,ge,0.874697740561679,0.7,,,,,250,0.3037667071688943,32,109,43,98,-43.50448673735761,60.64861662842864,-17.144129891071024,0.128,56,0.2007168458781362,11,24,15,17,-4.970818374857932,13.691108732000206,-8.720290357142275,0.19642857142857142,False,-542.5
all_loss,1D,quality,ge,0.8148595874560972,0.7,,,,,247,0.3001215066828676,44,93,44,110,-51.1940438935739,75.98796043642996,-24.793916542856074,0.17813765182186234,88,0.3154121863799283,12,37,12,39,-47.20183669985799,58.65115455700193,-11.449317857143937,0.13636363636363635,False,-547.75
low_mfe_loss,1D,reliability_asset_strategy_win,le,0.30492914979757085,0.4,,,,,331,0.402187120291616,48,96,69,166,-29.099951172361088,68.00775237057456,-38.90780119821348,0.14501510574018128,116,0.4157706093189964,19,39,22,55,-30.57503436057414,46.857729632004116,-16.282695271429976,0.16379310344827586,False,-549.75
low_mfe_loss,1D,reliability_strategy_mean_r,ge,0.14673061446425303,0.7,,,,,272,0.330498177399757,34,112,46,114,-42.23318316785783,64.52836438214362,-22.295181214285787,0.125,56,0.2007168458781362,6,21,6,29,-11.306536914284408,14.749604057141513,-3.4430671428571054,0.10714285714285714,False,-560.0
all_loss,1D,reliability_expected_r,le,0.11973611964320728,0.5,,,,,413,0.5018226002430134,96,135,96,182,-33.651044182361645,82.62086397343201,-48.96981979107038,0.2324455205811138,129,0.46236559139784944,29,44,29,56,-25.336427102356666,42.86662430235839,-17.53019720000173,0.2248062015503876,False,-565.5
all_loss,1D,expected_r,le,0.2023301025242247,0.5,,,,,413,0.5018226002430134,96,134,96,183,-41.442821225216775,90.00711158771624,-48.564290362499456,0.2324455205811138,123,0.44086021505376344,28,45,28,50,-47.93039901307288,63.18244128450163,-15.252042271428751,0.22764227642276422,False,-574.0
severe_mae_loss,1D,reliability_expected_r,ge,0.24513895111390224,0.8,,,,,165,0.20048602673147023,0,82,27,56,-37.574425142857095,50.731739428571615,-13.157314285714511,0.0,52,0.1863799283154122,0,24,9,19,-31.559607107145293,35.52431425000232,-3.9647071428570277,0.0,False,-574.25
all_loss,1D,reliability_strategy_win,le,0.27726995734308346,0.3,,,,,277,0.33657351154313486,52,96,52,129,-60.60742943021769,89.38151572843151,-28.774086298213813,0.18772563176895307,148,0.5304659498207885,34,56,34,58,-75.31200692843426,97.8299426998643,-22.51793577143004,0.22972972972972974,False,-578.25
severe_mae_loss,1D,reliability_asset_strategy_mean_r,ge,0.41417781315300256,0.8,,,,,167,0.20291616038882138,0,83,30,54,-40.741037571429544,55.999237571429255,-15.258199999999706,0.0,51,0.1827956989247312,0,24,9,18,-31.559607107145293,35.52431425000232,-3.9647071428570277,0.0,False,-578.5
low_mfe_loss,1D,reliability_score,ge,0.22156966219986063,0.8,,,,,165,0.20048602673147023,28,93,35,37,-30.437635252857753,45.62632941714271,-15.188694164284968,0.1696969696969697,69,0.24731182795698925,12,38,15,16,-34.25619907143142,40.192166928573805,-5.935967857142385,0.17391304347826086,False,-578.5
low_mfe_loss,1D,trailing_win_rate,ge,0.4868421052631579,0.8,,,,,169,0.20534629404617255,30,90,40,39,-24.03183868857216,37.18574092428561,-13.15390223571345,0.17751479289940827,67,0.24014336917562723,14,42,18,7,-35.588108402502826,42.47816554535964,-6.890057142856817,0.208955223880597,False,-581.0
all_loss,1D,trailing_win_rate,le,0.32545931758530183,0.5,,,,,412,0.5006075334143378,87,133,87,192,-56.46892046164716,104.12069880271717,-47.65177834107002,0.2111650485436893,140,0.5017921146953405,32,46,32,62,-48.882490199860165,69.15155204271876,-20.269061842858598,0.22857142857142856,False,-585.0
all_loss,1D,reliability_asset_strategy_mean_r,ge,0.3494376818480413,0.7,,,,,247,0.3001215066828676,44,117,44,86,-49.72358682857197,69.79327347142872,-20.06968664285676,0.17813765182186234,75,0.26881720430107525,13,31,13,31,-36.857810321430854,42.88520317857378,-6.027392857142922,0.17333333333333334,False,-586.5
severe_mae_loss,1D,reliability_asset_strategy_win,le,0.2910004813364106,0.3,,,,,247,0.3001215066828676,0,73,51,123,-27.38130722950071,54.17166192771426,-26.790354698213548,0.0,83,0.2974910394265233,0,27,16,40,-18.995508610572518,30.068222167716964,-11.072713557144441,0.0,False,-590.5
severe_mae_loss,1D,expected_r,le,0.126843373535016,0.3,,,,,248,0.30133657351154314,0,75,56,117,-22.29903754735733,50.235270924142434,-27.936233376785104,0.0,83,0.2974910394265233,0,26,20,37,-12.845665842713858,24.822014899857123,-11.976349057143263,0.0,False,-590.75
severe_mae_loss,1D,rank_score,ge,0.5719960562151344,0.8,,,,,165,0.20048602673147023,0,85,28,52,-38.237127164286264,50.48499680714279,-12.247869642856525,0.0,46,0.16487455197132617,0,25,8,13,-35.27399282143059,38.833571392859156,-3.5595785714285646,0.0,False,-592.75
all_loss,1D,stability,le,0.19671842966445863,0.5,,,,,414,0.503037667071689,94,135,94,185,-50.30045537236089,99.22057692771706,-48.92012155535619,0.22705314009661837,139,0.4982078853046595,32,49,32,58,-50.560146503431625,70.04715906057596,-19.487012557144343,0.2302158273381295,False,-596.25
low_mfe_loss,1D,reliability_win,le,0.28630674256749367,0.4,,,,,329,0.3997569866342649,47,100,68,161,-37.50380563664665,74.49504640628852,-36.99124076964188,0.14285714285714285,122,0.43727598566308246,21,44,24,54,-29.272908789144143,46.17213631057414,-16.899227521429996,0.1721311475409836,False,-597.75
low_mfe_loss,1D,quality,ge,0.8148595874560972,0.7,,,,,247,0.3001215066828676,30,93,44,110,-51.1940438935739,75.98796043642996,-24.793916542856074,0.1214574898785425,88,0.3154121863799283,10,37,12,39,-47.20183669985799,58.65115455700193,-11.449317857143937,0.11363636363636363,False,-601.75
all_loss,1D,reliability_strategy_mean_r,le,0.10821210379473341,0.3,,,,,273,0.33171324422843257,68,126,68,79,-50.51691572292836,79.73953013042735,-29.222614407498988,0.2490842490842491,72,0.25806451612903225,20,42,20,10,-36.01022072393178,44.01155033107416,-8.001329607142385,0.2777777777777778,False,-602.25
all_loss,1D,reliability_score,le,0.017944480852766842,0.5,,,,,412,0.5006075334143378,91,130,91,191,-46.777527579503996,96.58234249200277,-49.80481491249877,0.220873786407767,141,0.5053763440860215,29,49,29,63,-33.26105462843008,52.608473614145865,-19.34741898571579,0.20567375886524822,False,-603.25
all_loss,1D,quality,le,0.76,0.4,,,,,352,0.42770352369380316,87,143,87,122,-38.41508515286176,78.82732519714608,-40.41224004428435,0.2471590909090909,118,0.4229390681003584,40,52,40,26,-21.582227263215874,41.4625122632162,-19.880285000000335,0.3389830508474576,False,-604.5
low_mfe_loss,1D,reliability_strategy_mean_r,le,0.10558505613350275,0.2,,,,,199,0.24179829890643986,41,105,55,39,-36.948018838572054,57.10948960999956,-20.161470771427513,0.20603015075376885,72,0.25806451612903225,16,42,20,10,-36.01022072393178,44.01155033107416,-8.001329607142385,0.2222222222222222,False,-604.75
low_mfe_loss,1D,decision_hour,le,12.0,0.4,,,,,330,0.40097205346294046,38,110,56,164,-42.80563101964535,72.97451742357391,-30.16888640392858,0.11515151515151516,93,0.3333333333333333,12,31,14,48,-18.81677266057087,29.170071681999342,-10.353299021428471,0.12903225806451613,False,-607.75
all_loss,1D,trailing_giveback,le,0.8420790231420375,0.3,,,,,249,0.3025516403402187,61,98,61,90,-28.45642329214226,58.50476913499984,-30.04834584285758,0.24497991967871485,118,0.4229390681003584,26,58,26,34,-78.86499226322024,92.7267875132211,-13.861795250000856,0.22033898305084745,False,-608.75
low_mfe_loss,1D,quality,le,0.7296018613408477,0.3,,,,,247,0.3001215066828676,48,107,67,73,-24.608658520717363,54.889805599288124,-30.281147078570765,0.19433198380566802,95,0.34050179211469533,24,48,28,19,-23.962598563216314,37.07249677750221,-13.109898214285893,0.25263157894736843,False,-609.5
all_loss,1D,reliability_strategy_win,le,0.2792262732483457,0.4,,,,,329,0.3997569866342649,66,112,66,151,-63.01432473307573,99.85866335271729,-36.84433861964154,0.2006079027355623,148,0.5304659498207885,34,56,34,58,-75.31200692843426,97.8299426998643,-22.51793577143004,0.22972972972972974,False,-613.25
all_loss,1D,reliability_expected_r,ge,0.21481947009822153,0.7,,,,,247,0.3001215066828676,43,119,43,85,-50.76079433214443,71.30513361785792,-20.544339285713505,0.17408906882591094,79,0.2831541218637993,14,34,14,31,-36.40554746428795,44.252161750002394,-7.846614285714439,0.17721518987341772,False,-616.5
all_loss,1D,rank_score,le,0.44349626195741826,0.5,,,,,412,0.5006075334143378,89,133,89,190,-41.96174456521803,87.11303683485973,-45.15129226964171,0.21601941747572814,146,0.5232974910394266,36,54,36,56,-33.92886024735807,54.426517447358925,-20.49765720000086,0.2465753424657534,False,-620.5
severe_mae_loss,1D,expected_r,ge,0.45361065785615307,0.8,,,,,166,0.20170109356014582,0,84,31,51,-37.07127250714359,50.510469864285454,-13.43919735714186,0.0,50,0.17921146953405018,0,29,8,13,-33.409599964288105,36.96917853571667,-3.5595785714285646,0.0,False,-622.0
low_mfe_loss,1D,reliability_strategy_win,le,0.27726995734308346,0.3,,,,,277,0.33657351154313486,40,96,52,129,-60.60742943021769,89.38151572843151,-28.774086298213813,0.1444043321299639,148,0.5304659498207885,32,56,34,58,-75.31200692843426,97.8299426998643,-22.51793577143004,0.21621621621621623,False,-626.25
all_loss,1D,rank_score,ge,0.5285471018002386,0.7,,,,,247,0.3001215066828676,44,121,44,82,-47.1904705428577,65.09717147142821,-17.906700928570512,0.17813765182186234,74,0.26523297491039427,14,35,14,25,-37.06545532143126,43.50857317857396,-6.4431178571427,0.1891891891891892,False,-628.25
all_loss,1D,reliability_asset_strategy_win,le,0.3265411458233644,0.5,,,,,419,0.5091130012150669,92,133,92,194,-55.390294618789056,105.18783331700222,-49.79753869821318,0.21957040572792363,150,0.5376344086021505,32,53,32,65,-56.184571771289164,76.45363361414775,-20.269061842858598,0.21333333333333335,False,-630.25
low_mfe_loss,1D,reliability_asset_strategy_mean_r,ge,0.3494376818480413,0.7,,,,,247,0.3001215066828676,36,117,44,86,-49.72358682857197,69.79327347142872,-20.06968664285676,0.145748987854251,75,0.26881720430107525,9,31,13,31,-36.857810321430854,42.88520317857378,-6.027392857142922,0.12,False,-634.5
all_loss,1D,decision_hour,ge,21.0,0.8,,,,,208,0.25273390036452004,55,117,55,36,-46.755588810001456,70.73899340285696,-23.983404592855504,0.2644230769230769,82,0.2939068100358423,23,51,23,8,-62.6600204642911,73.45670975000499,-10.796689285713871,0.2804878048780488,False,-645.5
all_loss,1D,decision_hour,ge,21.0,0.9,,,,,208,0.25273390036452004,55,117,55,36,-46.755588810001456,70.73899340285696,-23.983404592855504,0.2644230769230769,82,0.2939068100358423,23,51,23,8,-62.6600204642911,73.45670975000499,-10.796689285713871,0.2804878048780488,False,-645.5
all_loss,1D,trailing_giveback,ge,0.8646121882926417,0.6,,,,,329,0.3997569866342649,55,145,55,129,-73.15837674450253,97.197213349858,-24.038836605355463,0.16717325227963525,85,0.3046594982078853,21,32,21,32,-11.671749567714706,23.6125567677141,-11.940807199999398,0.24705882352941178,False,-648.5
severe_mae_loss,1D,stability,ge,0.44472442584298566,0.8,,,,,166,0.20170109356014582,0,82,27,57,-34.38209054285808,44.02333075714308,-9.641240214285002,0.0,65,0.23297491039426524,0,33,12,20,-36.203619607145235,40.993858892859215,-4.790239285713979,0.0,False,-649.75
all_loss,1D,expected_r,ge,0.4014021000815497,0.7,,,,,249,0.3025516403402187,43,122,43,84,-50.09223832857161,69.0092963999993,-18.917058071427697,0.17269076305220885,70,0.25089605734767023,10,34,10,26,-37.266976750002144,41.604858892859184,-4.3378821428570316,0.14285714285714285,False,-650.75
severe_mae_loss,1D,reliability_win,ge,0.3761738273374446,0.8,,,,,165,0.20048602673147023,0,92,37,36,-24.19096341714304,36.21188072428515,-12.020917307142117,0.0,42,0.15053763440860216,0,29,13,0,-10.806187688214699,16.05199125964263,-5.245803571427931,0.0,False,-651.75
severe_mae_loss,1D,reliability_win,le,0.2774425059218657,0.3,,,,,248,0.30133657351154314,0,69,54,125,-26.007931450928844,54.388456863428544,-28.380525412499704,0.0,104,0.3727598566308244,0,36,20,48,-22.860896146287104,37.75639534628858,-14.895499200001474,0.0,False,-652.0
all_loss,1D,reliability_strategy_win,ge,0.311195133979944,0.8,,,,,192,0.2332928311057108,44,107,44,41,-37.34423187071589,53.22839817785835,-15.884166307142468,0.22916666666666666,98,0.35125448028673834,19,50,19,29,-22.11272460249911,30.801595316784145,-8.688870714285038,0.19387755102040816,False,-654.5
all_loss,1D,reliability_win,le,0.29776452395286457,0.5,,,,,412,0.5006075334143378,87,132,87,193,-52.02125182950388,99.45514481343116,-47.433892983927294,0.2111650485436893,146,0.5232974910394266,29,53,29,64,-58.04042091414622,76.40077847129047,-18.360357557144248,0.19863013698630136,False,-656.5
severe_mae_loss,1D,decision_hour,le,10.0,0.3,,,,,259,0.31470230862697446,0,88,42,129,-39.103320418358855,62.63373308657332,-23.530412668214474,0.0,77,0.27598566308243727,0,28,11,38,-19.185919517713984,27.66340753914221,-8.47748802142822,0.0,False,-660.0
low_mfe_loss,1D,reliability_expected_r,le,0.11973611964320728,0.5,,,,,413,0.5018226002430134,70,135,96,182,-33.651044182361645,82.62086397343201,-48.96981979107038,0.1694915254237288,129,0.46236559139784944,26,44,29,56,-25.336427102356666,42.86662430235839,-17.53019720000173,0.20155038759689922,False,-661.5
low_mfe_loss,1D,reliability_expected_r,ge,0.21481947009822153,0.7,,,,,247,0.3001215066828676,34,119,43,85,-50.76079433214443,71.30513361785792,-20.544339285713505,0.13765182186234817,79,0.2831541218637993,11,34,14,31,-36.40554746428795,44.252161750002394,-7.846614285714439,0.13924050632911392,False,-661.5
severe_mae_loss,1D,reliability_strategy_win,le,0.2731983805668016,0.1,,,,,122,0.14823815309842042,0,37,25,60,-26.839834760146775,40.452661072288954,-13.612826312142177,0.0,147,0.5268817204301075,0,56,34,57,-75.31200692843424,97.8299426998643,-22.51793577143004,0.0,False,-663.25
severe_mae_loss,1D,trailing_giveback,le,0.8275796734142848,0.2,,,,,166,0.20170109356014582,0,70,38,58,-22.685662260000257,39.04037324571427,-16.354710985714014,0.0,77,0.27598566308243727,0,41,17,19,-49.78774104893243,57.184839227503886,-7.397098178571458,0.0,False,-668.75
low_mfe_loss,1D,rank_score,ge,0.5285471018002386,0.7,,,,,247,0.3001215066828676,35,121,44,82,-47.1904705428577,65.09717147142821,-17.906700928570512,0.1417004048582996,74,0.26523297491039427,11,35,14,25,-37.06545532143126,43.50857317857396,-6.4431178571427,0.14864864864864866,False,-673.25
low_mfe_loss,1D,reliability_strategy_win,le,0.2792262732483457,0.4,,,,,329,0.3997569866342649,50,112,66,151,-63.01432473307573,99.85866335271729,-36.84433861964154,0.1519756838905775,148,0.5304659498207885,32,56,34,58,-75.31200692843426,97.8299426998643,-22.51793577143004,0.21621621621621623,False,-673.25
low_mfe_loss,1D,reliability_strategy_mean_r,le,0.10821210379473341,0.3,,,,,273,0.33171324422843257,51,126,68,79,-50.51691572292836,79.73953013042735,-29.222614407498988,0.18681318681318682,72,0.25806451612903225,16,42,20,10,-36.01022072393178,44.01155033107416,-8.001329607142385,0.2222222222222222,False,-677.25
low_mfe_loss,1D,expected_r,le,0.2023301025242247,0.5,,,,,413,0.5018226002430134,68,134,96,183,-41.442821225216775,90.00711158771624,-48.564290362499456,0.16464891041162227,123,0.44086021505376344,24,45,28,50,-47.93039901307288,63.18244128450163,-15.252042271428751,0.1951219512195122,False,-682.0
low_mfe_loss,1D,expected_r,ge,0.4014021000815497,0.7,,,,,249,0.3025516403402187,36,122,43,84,-50.09223832857161,69.0092963999993,-18.917058071427697,0.14457831325301204,70,0.25089605734767023,8,34,10,26,-37.266976750002144,41.604858892859184,-4.3378821428570316,0.11428571428571428,False,-683.75
severe_mae_loss,1D,reliability_asset_strategy_win,ge,0.459540486044784,0.8,,,,,166,0.20170109356014582,0,90,38,38,-24.575726902857465,37.286879138570896,-12.711152235713431,0.0,49,0.17562724014336917,0,34,15,0,-21.790904831073615,27.724819116787415,-5.933914285713804,0.0,False,-685.75
low_mfe_loss,1D,trailing_giveback,le,0.8420790231420375,0.3,,,,,249,0.3025516403402187,43,98,61,90,-28.45642329214226,58.50476913499984,-30.04834584285758,0.17269076305220885,118,0.4229390681003584,22,58,26,34,-78.86499226322024,92.7267875132211,-13.861795250000856,0.1864406779661017,False,-686.75
low_mfe_loss,1D,trailing_win_rate,le,0.32545931758530183,0.5,,,,,412,0.5006075334143378,61,133,87,192,-56.46892046164716,104.12069880271717,-47.65177834107002,0.14805825242718446,140,0.5017921146953405,28,46,32,62,-48.882490199860165,69.15155204271876,-20.269061842858598,0.2,False,-687.0
all_loss,1D,reliability_strategy_win,ge,0.3100295778435063,0.7,,,,,258,0.3134872417982989,60,124,60,74,-37.63109833500074,63.43569692785771,-25.804598592856962,0.23255813953488372,98,0.35125448028673834,19,50,19,29,-22.11272460249911,30.801595316784145,-8.688870714285038,0.19387755102040816,False,-691.0
all_loss,1D,stability,ge,0.33721788339599695,0.7,,,,,248,0.30133657351154314,39,127,39,82,-50.76489754285782,65.7880556142855,-15.023158071427687,0.15725806451612903,74,0.26523297491039427,13,38,13,23,-38.85836317857351,44.00345960714454,-5.145096428571035,0.17567567567567569,False,-697.5
severe_mae_loss,1D,reliability_strategy_mean_r,ge,0.14673061446425303,0.7,,,,,272,0.330498177399757,0,112,46,114,-42.23318316785783,64.52836438214362,-22.295181214285787,0.0,56,0.2007168458781362,0,21,6,29,-11.306536914284408,14.749604057141513,-3.4430671428571054,0.0,False,-698.0
low_mfe_loss,1D,stability,le,0.19671842966445863,0.5,,,,,414,0.503037667071689,66,135,94,185,-50.30045537236089,99.22057692771706,-48.92012155535619,0.15942028985507245,139,0.4982078853046595,29,49,32,58,-50.560146503431625,70.04715906057596,-19.487012557144343,0.20863309352517986,False,-698.25
low_mfe_loss,1D,reliability_score,le,0.017944480852766842,0.5,,,,,412,0.5006075334143378,65,130,91,191,-46.777527579503996,96.58234249200277,-49.80481491249877,0.15776699029126215,141,0.5053763440860215,26,49,29,63,-33.26105462843008,52.608473614145865,-19.34741898571579,0.18439716312056736,False,-699.25
all_loss,1D,decision_hour,le,15.0,0.5,,,,,449,0.5455650060753341,78,154,78,217,-56.80994412807374,98.60641389771678,-41.79646976964304,0.17371937639198218,125,0.44802867383512546,24,40,24,61,-24.963208253427986,40.54250156057093,-15.579293307142947,0.192,False,-701.5
all_loss,1D,reliability_asset_strategy_mean_r,le,0.1973429665689098,0.5,,,,,414,0.503037667071689,93,135,93,186,-40.19546567164694,87.58589846271718,-47.39043279107025,0.2246376811594203,147,0.5268817204301075,31,61,31,55,-59.99211937021752,79.25908189164764,-19.26696252143011,0.2108843537414966,False,-703.25
severe_mae_loss,1D,trailing_giveback,ge,0.874697740561679,0.7,,,,,250,0.3037667071688943,0,109,43,98,-43.50448673735761,60.64861662842864,-17.144129891071024,0.0,56,0.2007168458781362,0,24,15,17,-4.970818374857932,13.691108732000206,-8.720290357142275,0.0,False,-704.5
all_loss,1D,quality,le,0.7747002262330679,0.5,,,,,412,0.5006075334143378,101,162,101,149,-41.8066602180746,89.79758078771663,-47.990920569642036,0.24514563106796117,140,0.5017921146953405,44,61,44,35,-26.401842191787907,48.590982191788264,-22.189140000000364,0.3142857142857143,False,-707.0
low_mfe_loss,1D,decision_hour,ge,21.0,0.8,,,,,208,0.25273390036452004,42,117,55,36,-46.755588810001456,70.73899340285696,-23.983404592855504,0.20192307692307693,82,0.2939068100358423,19,51,23,8,-62.6600204642911,73.45670975000499,-10.796689285713871,0.23170731707317074,False,-708.5
low_mfe_loss,1D,decision_hour,ge,21.0,0.9,,,,,208,0.25273390036452004,42,117,55,36,-46.755588810001456,70.73899340285696,-23.983404592855504,0.20192307692307693,82,0.2939068100358423,19,51,23,8,-62.6600204642911,73.45670975000499,-10.796689285713871,0.23170731707317074,False,-708.5
low_mfe_loss,1D,quality,le,0.76,0.4,,,,,352,0.42770352369380316,64,143,87,122,-38.41508515286176,78.82732519714608,-40.41224004428435,0.18181818181818182,118,0.4229390681003584,34,52,40,26,-21.582227263215874,41.4625122632162,-19.880285000000335,0.288135593220339,False,-709.5
all_loss,1D,trailing_giveback,le,0.8494403079273415,0.4,,,,,330,0.40097205346294046,76,126,76,128,-37.00874759214259,74.46950172785681,-37.46075413571422,0.23030303030303031,140,0.5017921146953405,35,66,35,39,-81.27767619179195,101.4426707275078,-20.164994535715845,0.25,False,-711.5
all_loss,1D,reliability_win,le,0.3182110471300351,0.6,,,,,494,0.6002430133657352,104,158,104,232,-66.49920184378988,123.2040200420029,-56.70481819821303,0.21052631578947367,162,0.5806451612903226,39,58,39,65,-59.89664850343195,84.6603949891477,-24.763746485715764,0.24074074074074073,False,-714.0
low_mfe_loss,1D,rank_score,le,0.44349626195741826,0.5,,,,,412,0.5006075334143378,65,133,89,190,-41.96174456521803,87.11303683485973,-45.15129226964171,0.15776699029126215,146,0.5232974910394266,32,54,36,56,-33.92886024735807,54.426517447358925,-20.49765720000086,0.2191780821917808,False,-716.5
all_loss,1D,reliability_score,le,0.07922181291414032,0.6,,,,,494,0.6002430133657352,105,160,105,229,-70.08285112236159,125.20651132057459,-55.123660198213,0.2125506072874494,160,0.5734767025089605,38,57,38,65,-60.07889064628907,84.49257713200485,-24.41368648571577,0.2375,False,-716.5
low_mfe_loss,1D,trailing_giveback,ge,0.8646121882926417,0.6,,,,,329,0.3997569866342649,40,145,55,129,-73.15837674450253,97.197213349858,-24.038836605355463,0.12158054711246201,85,0.3046594982078853,17,32,21,32,-11.671749567714706,23.6125567677141,-11.940807199999398,0.2,False,-717.5
low_mfe_loss,1D,reliability_strategy_win,ge,0.311195133979944,0.8,,,,,192,0.2332928311057108,29,107,44,41,-37.34423187071589,53.22839817785835,-15.884166307142468,0.15104166666666666,98,0.35125448028673834,16,50,19,29,-22.11272460249911,30.801595316784145,-8.688870714285038,0.16326530612244897,False,-717.5
all_loss,1D,reliability_score,ge,0.18421042163583867,0.7,,,,,247,0.3001215066828676,47,126,47,74,-47.822608645714936,67.44882423857179,-19.626215592856852,0.1902834008097166,86,0.30824372759856633,16,46,16,24,-38.188674444288196,44.44154944428774,-6.252874999999555,0.18604651162790697,False,-718.25
severe_mae_loss,1D,quality,le,0.7163555457730956,0.2,,,,,165,0.20048602673147023,0,85,47,33,-21.79776101357149,40.274063020714195,-18.476302007142717,0.0,76,0.2724014336917563,0,40,22,14,-21.327457973929498,30.868482331072443,-9.54102435714294,0.0,False,-720.25
severe_mae_loss,1D,reliability_score,le,-0.019076476753512116,0.4,,,,,329,0.3997569866342649,0,96,71,162,-26.693897393790103,65.16525202057514,-38.47135462678504,0.0,102,0.3655913978494624,0,29,24,49,-13.997150985571304,29.936580292715856,-15.939429307144552,0.0,False,-723.75
all_loss,1D,reliability_strategy_win,le,0.30622738525995047,0.5,,,,,436,0.5297691373025516,91,145,91,200,-71.41383155093304,120.06150517771735,-48.647673626784304,0.20871559633027523,156,0.5591397849462365,35,60,35,61,-79.11762464272024,101.71068041415032,-22.593055771430063,0.22435897435897437,False,-725.0
low_mfe_loss,1D,reliability_asset_strategy_win,le,0.3265411458233644,0.5,,,,,419,0.5091130012150669,66,133,92,194,-55.390294618789056,105.18783331700222,-49.79753869821318,0.1575178997613365,150,0.5376344086021505,28,53,32,65,-56.184571771289164,76.45363361414775,-20.269061842858598,0.18666666666666668,False,-732.25
severe_mae_loss,1D,reliability_score,ge,0.22156966219986063,0.8,,,,,165,0.20048602673147023,0,93,35,37,-30.437635252857753,45.62632941714271,-15.188694164284968,0.0,69,0.24731182795698925,0,38,15,16,-34.25619907143142,40.192166928573805,-5.935967857142385,0.0,False,-734.5
all_loss,1D,reliability_asset_strategy_win,le,0.3544731173197028,0.6,,,,,494,0.6002430133657352,102,160,102,232,-69.80892741521836,125.21545147057392,-55.406524055355575,0.20647773279352227,163,0.5842293906810035,39,59,39,65,-60.77285421771772,85.53660070343349,-24.763746485715764,0.2392638036809816,False,-736.25
all_loss,1D,trailing_win_rate,le,0.3626943005181347,0.6,,,,,496,0.6026731470230863,101,166,101,229,-72.54719493307618,127.42094041700348,-54.87374548392731,0.20362903225806453,159,0.5698924731182796,39,56,39,64,-59.18383064628907,83.94757713200484,-24.763746485715764,0.24528301886792453,False,-738.75
low_mfe_loss,1D,stability,ge,0.33721788339599695,0.7,,,,,248,0.30133657351154314,31,127,39,82,-50.76489754285782,65.7880556142855,-15.023158071427687,0.125,74,0.26523297491039427,10,38,13,23,-38.85836317857351,44.00345960714454,-5.145096428571035,0.13513513513513514,False,-739.5
all_loss,1D,stability,le,0.2566054712996296,0.6,,,,,494,0.6002430133657352,107,169,107,218,-68.1682663437906,122.7491725420032,-54.5809061982126,0.2165991902834008,166,0.5949820788530465,42,59,42,65,-56.649200376289,82.59510579057614,-25.94590541428712,0.25301204819277107,False,-740.0
severe_mae_loss,1D,reliability_strategy_win,le,0.2739559235358578,0.2,,,,,173,0.21020656136087484,0,54,34,85,-39.53940370164617,60.004649642716984,-20.465245941070815,0.0,147,0.5268817204301075,0,56,34,57,-75.31200692843424,97.8299426998643,-22.51793577143004,0.0,False,-744.0
severe_mae_loss,1D,reliability_expected_r,le,0.09587491488518873,0.4,,,,,329,0.3997569866342649,0,102,73,154,-23.542215165217616,61.99870193485979,-38.45648676964217,0.0,92,0.32974910394265233,0,29,23,40,-14.66906796164246,28.316432268785764,-13.647364307143302,0.0,False,-745.25
low_mfe_loss,1D,reliability_win,le,0.29776452395286457,0.5,,,,,412,0.5006075334143378,63,132,87,193,-52.02125182950388,99.45514481343116,-47.433892983927294,0.1529126213592233,146,0.5232974910394266,26,53,29,64,-58.04042091414622,76.40077847129047,-18.360357557144248,0.1780821917808219,False,-746.5
all_loss,1D,reliability_win,ge,0.34629591770185414,0.7,,,,,247,0.3001215066828676,49,132,49,66,-44.00692308857223,61.40965475285752,-17.402731664285287,0.19838056680161945,90,0.3225806451612903,19,50,19,21,-42.52945375964486,50.66726090250194,-8.137807142857076,0.2111111111111111,False,-751.25
severe_mae_loss,1D,quality,ge,0.8148595874560972,0.7,,,,,247,0.3001215066828676,0,93,44,110,-51.1940438935739,75.98796043642996,-24.793916542856074,0.0,88,0.3154121863799283,0,37,12,39,-47.20183669985799,58.65115455700193,-11.449317857143937,0.0,False,-751.75
all_loss,1D,decision_hour,ge,20.0,0.7,,,,,260,0.3159173754556501,68,135,68,57,-56.62719824000256,85.9041971900003,-29.276998949997736,0.26153846153846155,100,0.35842293906810035,27,61,27,12,-72.58784047393523,86.84194725964979,-14.254106785714548,0.27,False,-752.0
severe_mae_loss,1D,trailing_win_rate,ge,0.4868421052631579,0.8,,,,,169,0.20534629404617255,0,90,40,39,-24.03183868857216,37.18574092428561,-13.15390223571345,0.0,67,0.24014336917562723,0,42,18,7,-35.588108402502826,42.47816554535964,-6.890057142856817,0.0,False,-755.0
severe_mae_loss,1D,stability,le,0.14975745898888393,0.4,,,,,337,0.4094775212636695,0,105,76,156,-25.969228050931047,65.24866467771653,-39.27943662678548,0.0,95,0.34050179211469533,0,29,23,43,-13.271681985571009,27.039826328428607,-13.768144342857598,0.0,False,-760.0
low_mfe_loss,1D,reliability_strategy_win,ge,0.3100295778435063,0.7,,,,,258,0.3134872417982989,42,124,60,74,-37.63109833500074,63.43569692785771,-25.804598592856962,0.16279069767441862,98,0.35125448028673834,16,50,19,29,-22.11272460249911,30.801595316784145,-8.688870714285038,0.16326530612244897,False,-763.0
severe_mae_loss,1D,expected_r,le,0.161674278018405,0.4,,,,,330,0.40097205346294046,0,100,72,158,-21.63121435450299,59.512486731288114,-37.88127237678512,0.0,101,0.36200716845878134,0,32,23,46,-15.716012108428208,28.4139454512857,-12.697933342857493,0.0,False,-763.75
low_mfe_loss,1D,reliability_score,ge,0.18421042163583867,0.7,,,,,247,0.3001215066828676,37,126,47,74,-47.822608645714936,67.44882423857179,-19.626215592856852,0.14979757085020243,86,0.30824372759856633,13,46,16,24,-38.188674444288196,44.44154944428774,-6.252874999999555,0.1511627906976744,False,-766.25
severe_mae_loss,1D,trailing_win_rate,le,0.30716723549488056,0.4,,,,,332,0.40340218712029163,0,99,72,161,-34.02216831878976,73.2298698027172,-39.20770148392745,0.0,106,0.37992831541218636,0,33,22,51,-35.57666482485891,49.87611691771752,-14.299452092858607,0.0,False,-769.5
all_loss,1D,trailing_win_rate,ge,0.4057971014492754,0.7,,,,,255,0.30984204131227217,49,131,49,75,-41.13433026000066,59.35647306714289,-18.22214280714223,0.19215686274509805,91,0.32616487455197135,18,52,18,21,-44.01021018821639,50.9002673310732,-6.890057142856817,0.1978021978021978,False,-771.5
severe_mae_loss,1D,reliability_asset_strategy_mean_r,le,0.1569651527438252,0.4,,,,,329,0.3997569866342649,0,106,73,150,-23.823742050217405,61.76328098414529,-37.93953893392789,0.0,90,0.3225806451612903,0,31,21,38,-18.12567497949974,30.28665114378583,-12.160976164286089,0.0,False,-776.75
all_loss,1D,reliability_asset_strategy_mean_r,ge,0.23053020459079532,0.6,,,,,337,0.4094775212636695,59,165,59,113,-69.28806094643019,95.28613723214372,-25.998076285713523,0.17507418397626112,109,0.3906810035842294,30,46,30,33,-41.146240142858865,56.38405692857301,-15.237816785714147,0.27522935779816515,False,-782.5
all_loss,1D,reliability_strategy_mean_r,le,0.10973021099308534,0.4,,,,,366,0.44471445929526127,86,158,86,122,-63.383106993643466,103.6292870797133,-40.246180086069806,0.23497267759562843,127,0.4551971326164875,33,61,33,33,-43.19224202378931,59.40499565236107,-16.21275362857176,0.25984251968503935,False,-787.25
all_loss,1D,reliability_strategy_mean_r,ge,0.11197295753630912,0.6,,,,,376,0.456865127582017,66,149,66,161,-51.04475297142978,83.18943447142965,-32.14468149999988,0.17553191489361702,152,0.5448028673835126,31,56,31,65,-63.16593559642987,83.25282131071661,-20.08688571428675,0.20394736842105263,False,-792.0
all_loss,1D,reliability_asset_strategy_win,ge,0.40072083424055294,0.7,,,,,271,0.3292831105710814,51,141,51,79,-51.650832260000826,69.78275592428609,-18.13192366428527,0.1881918819188192,89,0.31899641577060933,18,50,18,21,-42.934809473930855,49.824866616787666,-6.890057142856817,0.20224719101123595,False,-793.0
severe_mae_loss,1D,decision_hour,le,12.0,0.4,,,,,330,0.40097205346294046,0,110,56,164,-42.80563101964535,72.97451742357391,-30.16888640392858,0.0,93,0.3333333333333333,0,31,14,48,-18.81677266057087,29.170071681999342,-10.353299021428471,0.0,False,-793.75
low_mfe_loss,1D,decision_hour,le,15.0,0.5,,,,,449,0.5455650060753341,53,154,78,217,-56.80994412807374,98.60641389771678,-41.79646976964304,0.11804008908685969,125,0.44802867383512546,21,40,24,61,-24.963208253427986,40.54250156057093,-15.579293307142947,0.168,False,-794.5
all_loss,1D,trailing_giveback,le,0.8576054056457244,0.5,,,,,412,0.5006075334143378,94,149,94,169,-40.60154408857212,87.95215923857131,-47.35061514999921,0.22815533980582525,156,0.5591397849462365,38,71,38,47,-85.34250262036343,106.52245429893647,-21.179951678573026,0.24358974358974358,False,-796.0
severe_mae_loss,1D,reliability_asset_strategy_mean_r,ge,0.3494376818480413,0.7,,,,,247,0.3001215066828676,0,117,44,86,-49.72358682857197,69.79327347142872,-20.06968664285676,0.0,75,0.26881720430107525,0,31,13,31,-36.857810321430854,42.88520317857378,-6.027392857142922,0.0,False,-796.5
low_mfe_loss,1D,reliability_asset_strategy_mean_r,le,0.1973429665689098,0.5,,,,,414,0.503037667071689,66,135,93,186,-40.19546567164694,87.58589846271718,-47.39043279107025,0.15942028985507245,147,0.5268817204301075,28,61,31,55,-59.99211937021752,79.25908189164764,-19.26696252143011,0.19047619047619047,False,-802.25
low_mfe_loss,1D,trailing_giveback,le,0.8494403079273415,0.4,,,,,330,0.40097205346294046,53,126,76,128,-37.00874759214259,74.46950172785681,-37.46075413571422,0.1606060606060606,140,0.5017921146953405,31,66,35,39,-81.27767619179195,101.4426707275078,-20.164994535715845,0.22142857142857142,False,-804.5
all_loss,1D,reliability_expected_r,ge,0.1395124803801714,0.6,,,,,330,0.40097205346294046,53,167,53,110,-70.77647466785888,94.36132195357253,-23.58484728571366,0.1606060606060606,110,0.3942652329749104,30,46,30,34,-41.146240142858865,56.38405692857301,-15.237816785714147,0.2727272727272727,False,-807.0
severe_mae_loss,1D,reliability_asset_strategy_win,le,0.30492914979757085,0.4,,,,,331,0.402187120291616,0,96,69,166,-29.099951172361088,68.00775237057456,-38.90780119821348,0.0,116,0.4157706093189964,0,39,22,55,-30.57503436057414,46.857729632004116,-16.282695271429976,0.0,False,-807.75
all_loss,1D,quality,ge,0.7995731733677752,0.6,,,,,329,0.3997569866342649,56,140,56,133,-74.03524295928767,102.66634396642905,-28.631101007141403,0.1702127659574468,113,0.4050179211469534,17,51,17,45,-73.21292278557429,86.25756927128974,-13.04464648571544,0.1504424778761062,False,-808.5
all_loss,1D,decision_hour,ge,18.0,0.6,,,,,330,0.40097205346294046,82,156,82,92,-65.38583855428963,102.0316300757163,-36.64579152142664,0.24848484848484848,130,0.4659498207885305,36,67,36,27,-76.08686379536323,94.93578983107847,-18.848926035715234,0.27692307692307694,False,-813.0
low_mfe_loss,1D,reliability_win,ge,0.34629591770185414,0.7,,,,,247,0.3001215066828676,36,132,49,66,-44.00692308857223,61.40965475285752,-17.402731664285287,0.145748987854251,90,0.3225806451612903,15,50,19,21,-42.52945375964486,50.66726090250194,-8.137807142857076,0.16666666666666666,False,-814.25
low_mfe_loss,1D,quality,le,0.7747002262330679,0.5,,,,,412,0.5006075334143378,77,162,101,149,-41.8066602180746,89.79758078771663,-47.990920569642036,0.18689320388349515,140,0.5017921146953405,38,61,44,35,-26.401842191787907,48.590982191788264,-22.189140000000364,0.2714285714285714,False,-815.0
all_loss,1D,rank_score,le,0.47499746846600327,0.6,,,,,494,0.6002430133657352,109,168,109,217,-63.87093409664678,120.37074360200266,-56.49980950535586,0.22064777327935223,176,0.6308243727598566,42,70,42,64,-64.550275155932,90.41767664164769,-25.8674014857157,0.23863636363636365,False,-820.5
low_mfe_loss,1D,reliability_strategy_win,le,0.30622738525995047,0.5,,,,,436,0.5297691373025516,65,145,91,200,-71.41383155093304,120.06150517771735,-48.647673626784304,0.14908256880733944,156,0.5591397849462365,32,60,35,61,-79.11762464272024,101.71068041415032,-22.593055771430063,0.20512820512820512,False,-821.0
all_loss,1D,rank_score,ge,0.47499746846600327,0.6,,,,,329,0.3997569866342649,58,161,58,110,-66.78314676785911,91.77340412500122,-24.990257357142113,0.1762917933130699,103,0.36917562724014336,22,47,22,34,-41.80790246428719,52.240140321430005,-10.432237857142814,0.21359223300970873,False,-822.0
all_loss,1D,expected_r,ge,0.28996695527258154,0.6,,,,,330,0.40097205346294046,62,158,62,110,-63.97456626785838,92.1109295535719,-28.13636328571353,0.18787878787878787,105,0.3763440860215054,22,50,22,33,-42.54494067857286,52.898674607144244,-10.353733928571387,0.20952380952380953,False,-822.75
severe_mae_loss,1D,reliability_strategy_mean_r,le,0.10558505613350275,0.2,,,,,199,0.24179829890643986,0,105,55,39,-36.948018838572054,57.10948960999956,-20.161470771427513,0.0,72,0.25806451612903225,0,42,20,10,-36.01022072393178,44.01155033107416,-8.001329607142385,0.0,False,-823.75
all_loss,1D,expected_r,le,0.28996695527258154,0.6,,,,,497,0.6038882138517618,105,172,105,220,-66.77397888236182,120.12768245914626,-53.353703576784454,0.2112676056338028,174,0.6236559139784946,42,67,42,65,-63.81323694164632,89.75914235593346,-25.94590541428712,0.2413793103448276,False,-824.75
low_mfe_loss,1D,reliability_score,le,0.07922181291414032,0.6,,,,,494,0.6002430133657352,76,160,105,229,-70.08285112236159,125.20651132057459,-55.123660198213,0.15384615384615385,160,0.5734767025089605,34,57,38,65,-60.07889064628907,84.49257713200485,-24.41368648571577,0.2125,False,-827.5
low_mfe_loss,1D,reliability_win,le,0.3182110471300351,0.6,,,,,494,0.6002430133657352,74,158,104,232,-66.49920184378988,123.2040200420029,-56.70481819821303,0.14979757085020243,162,0.5806451612903226,35,58,39,65,-59.89664850343195,84.6603949891477,-24.763746485715764,0.21604938271604937,False,-828.0
severe_mae_loss,1D,reliability_expected_r,ge,0.21481947009822153,0.7,,,,,247,0.3001215066828676,0,119,43,85,-50.76079433214443,71.30513361785792,-20.544339285713505,0.0,79,0.2831541218637993,0,34,14,31,-36.40554746428795,44.252161750002394,-7.846614285714439,0.0,False,-829.5
low_mfe_loss,1D,decision_hour,ge,20.0,0.7,,,,,260,0.3159173754556501,50,135,68,57,-56.62719824000256,85.9041971900003,-29.276998949997736,0.19230769230769232,100,0.35842293906810035,23,61,27,12,-72.58784047393523,86.84194725964979,-14.254106785714548,0.23,False,-830.0
low_mfe_loss,1D,trailing_win_rate,ge,0.4057971014492754,0.7,,,,,255,0.30984204131227217,37,131,49,75,-41.13433026000066,59.35647306714289,-18.22214280714223,0.1450980392156863,91,0.32616487455197135,14,52,18,21,-44.01021018821639,50.9002673310732,-6.890057142856817,0.15384615384615385,False,-831.5
severe_mae_loss,1D,rank_score,le,0.4137125336302984,0.4,,,,,329,0.3997569866342649,0,104,73,152,-28.112152183075015,65.25888916700266,-37.146736983927646,0.0,119,0.4265232974910394,0,38,32,49,-19.180230128429297,37.62636947128735,-18.446139342858054,0.0,False,-832.0
all_loss,1D,quality,le,0.7995731733677752,0.6,,,,,494,0.6002430133657352,111,189,111,194,-56.61883790521823,109.4778037605748,-52.85896585535658,0.22469635627530365,166,0.5949820788530465,47,66,47,53,-33.145254834644895,56.40024769178796,-23.254992857143073,0.28313253012048195,False,-834.0
all_loss,1D,reliability_strategy_win,ge,0.3073463268365817,0.6,,,,,340,0.4131227217496962,69,162,69,109,-52.62451154214395,83.14678799214346,-30.522276449999513,0.20294117647058824,123,0.44086021505376344,29,57,29,37,-27.240552977498936,40.94713654892739,-13.706583571428448,0.23577235772357724,False,-838.75
severe_mae_loss,1D,expected_r,ge,0.4014021000815497,0.7,,,,,249,0.3025516403402187,0,122,43,84,-50.09223832857161,69.0092963999993,-18.917058071427697,0.0,70,0.25089605734767023,0,34,10,26,-37.266976750002144,41.604858892859184,-4.3378821428570316,0.0,False,-839.75
all_loss,1D,reliability_expected_r,le,0.1395124803801714,0.6,,,,,495,0.6014580801944107,114,163,114,218,-59.940199053789854,117.84541863057417,-57.90521957678431,0.23030303030303031,169,0.6057347670250897,34,71,34,64,-65.21193747736032,86.27376003450469,-21.061822557144364,0.20118343195266272,False,-840.0
severe_mae_loss,1D,rank_score,ge,0.5285471018002386,0.7,,,,,247,0.3001215066828676,0,121,44,82,-47.1904705428577,65.09717147142821,-17.906700928570512,0.0,74,0.26523297491039427,0,35,14,25,-37.06545532143126,43.50857317857396,-6.4431178571427,0.0,False,-844.25
low_mfe_loss,1D,reliability_asset_strategy_win,le,0.3544731173197028,0.6,,,,,494,0.6002430133657352,73,160,102,232,-69.80892741521836,125.21545147057392,-55.406524055355575,0.14777327935222673,163,0.5842293906810035,35,59,39,65,-60.77285421771772,85.53660070343349,-24.763746485715764,0.2147239263803681,False,-847.25
low_mfe_loss,1D,reliability_asset_strategy_mean_r,ge,0.23053020459079532,0.6,,,,,337,0.4094775212636695,47,165,59,113,-69.28806094643019,95.28613723214372,-25.998076285713523,0.1394658753709199,109,0.3906810035842294,25,46,30,33,-41.146240142858865,56.38405692857301,-15.237816785714147,0.22935779816513763,False,-848.5
low_mfe_loss,1D,trailing_win_rate,le,0.3626943005181347,0.6,,,,,496,0.6026731470230863,72,166,101,229,-72.54719493307618,127.42094041700348,-54.87374548392731,0.14516129032258066,159,0.5698924731182796,35,56,39,64,-59.18383064628907,83.94757713200484,-24.763746485715764,0.22012578616352202,False,-849.75
all_loss,1D,reliability_strategy_mean_r,le,0.11093802037669297,0.5,,,,,447,0.543134872417983,101,180,101,166,-79.60932789307611,128.9547132555742,-49.3453853624981,0.22595078299776286,127,0.4551971326164875,33,61,33,33,-43.19224202378931,59.40499565236107,-16.21275362857176,0.25984251968503935,False,-850.5
all_loss,1D,trailing_giveback,ge,0.8576054056457244,0.5,,,,,414,0.503037667071689,74,182,74,158,-90.04155838307656,124.43828152414683,-34.396723141070275,0.178743961352657,123,0.44086021505376344,26,46,26,51,-21.015674999855754,36.13536266414124,-15.119687664285486,0.21138211382113822,False,-852.25
all_loss,1D,reliability_strategy_mean_r,ge,0.11093802037669297,0.5,,,,,457,0.5552855407047388,81,171,81,205,-67.27097387086242,108.51486064729056,-41.24388677642816,0.1772428884026258,152,0.5448028673835126,31,56,31,65,-63.16593559642987,83.25282131071661,-20.08688571428675,0.20394736842105263,False,-855.25
low_mfe_loss,1D,reliability_asset_strategy_win,ge,0.40072083424055294,0.7,,,,,271,0.3292831105710814,38,141,51,79,-51.650832260000826,69.78275592428609,-18.13192366428527,0.14022140221402213,89,0.31899641577060933,14,50,18,21,-42.934809473930855,49.824866616787666,-6.890057142856817,0.15730337078651685,False,-856.0
low_mfe_loss,1D,stability,le,0.2566054712996296,0.6,,,,,494,0.6002430133657352,77,169,107,218,-68.1682663437906,122.7491725420032,-54.5809061982126,0.15587044534412955,166,0.5949820788530465,37,59,42,65,-56.649200376289,82.59510579057614,-25.94590541428712,0.22289156626506024,False,-860.0
all_loss,1D,reliability_asset_strategy_mean_r,le,0.23053020459079532,0.6,,,,,496,0.6026731470230863,112,167,112,217,-62.806207025218576,120.05479795914586,-57.24859093392729,0.22580645161290322,170,0.6093189964157706,34,71,34,65,-65.21193747736032,86.27376003450469,-21.061822557144364,0.2,False,-862.5
low_mfe_loss,1D,reliability_strategy_mean_r,ge,0.11197295753630912,0.6,,,,,376,0.456865127582017,48,149,66,161,-51.04475297142978,83.18943447142965,-32.14468149999988,0.1276595744680851,152,0.5448028673835126,28,56,31,65,-63.16593559642987,83.25282131071661,-20.08688571428675,0.18421052631578946,False,-864.0
severe_mae_loss,1D,reliability_win,le,0.28630674256749367,0.4,,,,,329,0.3997569866342649,0,100,68,161,-37.50380563664665,74.49504640628852,-36.99124076964188,0.0,122,0.43727598566308246,0,44,24,54,-29.272908789144143,46.17213631057414,-16.899227521429996,0.0,False,-864.75
all_loss,1D,reliability_strategy_mean_r,le,0.11197295753630912,0.6,,,,,504,0.6123936816524909,118,193,118,193,-76.57232862521906,134.41607927343128,-57.843750648212236,0.23412698412698413,127,0.4551971326164875,33,61,33,33,-43.19224202378931,59.40499565236107,-16.21275362857176,0.25984251968503935,False,-865.75
low_mfe_loss,1D,reliability_expected_r,ge,0.1395124803801714,0.6,,,,,330,0.40097205346294046,42,167,53,110,-70.77647466785888,94.36132195357253,-23.58484728571366,0.12727272727272726,110,0.3942652329749104,25,46,30,34,-41.146240142858865,56.38405692857301,-15.237816785714147,0.22727272727272727,False,-870.0
all_loss,1D,decision_hour,le,18.0,0.6,,,,,509,0.6184690157958688,85,178,85,246,-69.5025287245023,114.34680406557362,-44.84427534107134,0.16699410609037327,162,0.5806451612903226,31,54,31,77,-35.480407789141665,54.74462098914209,-19.264213200000423,0.19135802469135801,False,-870.75
low_mfe_loss,1D,quality,ge,0.7995731733677752,0.6,,,,,329,0.3997569866342649,37,140,56,133,-74.03524295928767,102.66634396642905,-28.631101007141403,0.11246200607902736,113,0.4050179211469534,15,51,17,45,-73.21292278557429,86.25756927128974,-13.04464648571544,0.13274336283185842,False,-877.5
low_mfe_loss,1D,rank_score,ge,0.47499746846600327,0.6,,,,,329,0.3997569866342649,45,161,58,110,-66.78314676785911,91.77340412500122,-24.990257357142113,0.13677811550151975,103,0.36917562724014336,18,47,22,34,-41.80790246428719,52.240140321430005,-10.432237857142814,0.17475728155339806,False,-885.0
low_mfe_loss,1D,expected_r,ge,0.28996695527258154,0.6,,,,,330,0.40097205346294046,49,158,62,110,-63.97456626785838,92.1109295535719,-28.13636328571353,0.1484848484848485,105,0.3763440860215054,18,50,22,33,-42.54494067857286,52.898674607144244,-10.353733928571387,0.17142857142857143,False,-885.75
low_mfe_loss,1D,reliability_strategy_mean_r,le,0.10973021099308534,0.4,,,,,366,0.44471445929526127,64,158,86,122,-63.383106993643466,103.6292870797133,-40.246180086069806,0.17486338797814208,127,0.4551971326164875,27,61,33,33,-43.19224202378931,59.40499565236107,-16.21275362857176,0.2125984251968504,False,-889.25
all_loss,1D,reliability_win,le,0.34629591770185414,0.7,,,,,576,0.6998784933171325,118,197,118,261,-86.64715777593366,150.73449297414632,-64.08733519821267,0.2048611111111111,189,0.6774193548387096,45,67,45,77,-63.82872386057433,91.99055606057577,-28.161832200001435,0.23809523809523808,False,-891.25
severe_mae_loss,1D,stability,ge,0.33721788339599695,0.7,,,,,248,0.30133657351154314,0,127,39,82,-50.76489754285782,65.7880556142855,-15.023158071427687,0.0,74,0.26523297491039427,0,38,13,23,-38.85836317857351,44.00345960714454,-5.145096428571035,0.0,False,-892.5
low_mfe_loss,1D,decision_hour,ge,18.0,0.6,,,,,330,0.40097205346294046,63,156,82,92,-65.38583855428963,102.0316300757163,-36.64579152142664,0.19090909090909092,130,0.4659498207885305,32,67,36,27,-76.08686379536323,94.93578983107847,-18.848926035715234,0.24615384615384617,False,-894.0
severe_mae_loss,1D,quality,le,0.7296018613408477,0.3,,,,,247,0.3001215066828676,0,107,67,73,-24.608658520717363,54.889805599288124,-30.281147078570765,0.0,95,0.34050179211469533,0,48,28,19,-23.962598563216314,37.07249677750221,-13.109898214285893,0.0,False,-897.5
all_loss,1D,reliability_asset_strategy_win,le,0.40072083424055294,0.7,,,,,578,0.7023086269744836,118,200,118,260,-85.71418074736262,150.05310965986106,-64.33892891249842,0.2041522491349481,190,0.6810035842293907,46,67,46,77,-63.423368146288325,92.83295034629002,-29.409582200001694,0.24210526315789474,False,-898.0
low_mfe_loss,1D,trailing_giveback,le,0.8576054056457244,0.5,,,,,412,0.5006075334143378,68,149,94,169,-40.60154408857212,87.95215923857131,-47.35061514999921,0.1650485436893204,156,0.5591397849462365,34,71,38,47,-85.34250262036343,106.52245429893647,-21.179951678573026,0.21794871794871795,False,-898.0
severe_mae_loss,1D,reliability_strategy_win,ge,0.311195133979944,0.8,,,,,192,0.2332928311057108,0,107,44,41,-37.34423187071589,53.22839817785835,-15.884166307142468,0.0,98,0.35125448028673834,0,50,19,29,-22.11272460249911,30.801595316784145,-8.688870714285038,0.0,False,-900.5
all_loss,1D,stability,ge,0.2566054712996296,0.6,,,,,329,0.3997569866342649,60,160,60,109,-62.48581452071529,89.39497518500066,-26.909160664285377,0.182370820668693,113,0.4050179211469534,22,58,22,33,-49.70897724393018,60.062711172501565,-10.353733928571387,0.19469026548672566,False,-902.5
all_loss,1D,reliability_strategy_win,le,0.3073463268365817,0.6,,,,,530,0.6439854191980559,101,191,101,238,-89.87813839379093,142.19706380628935,-52.31892541249844,0.19056603773584907,156,0.5591397849462365,35,60,35,61,-79.11762464272024,101.71068041415032,-22.593055771430063,0.22435897435897437,False,-902.5
all_loss,1D,reliability_asset_strategy_win,ge,0.3544731173197028,0.6,,,,,329,0.3997569866342649,65,169,65,95,-60.84515344928752,86.92869625642993,-26.0835428071424,0.19756838905775076,116,0.4157706093189964,25,58,25,33,-45.58532340250145,57.12121625964421,-11.53589285714275,0.21551724137931033,False,-906.25
all_loss,1D,trailing_win_rate,ge,0.3626943005181347,0.6,,,,,330,0.40097205346294046,66,166,66,98,-60.94816093142999,87.56448231000064,-26.616321378570664,0.2,120,0.43010752688172044,25,61,25,34,-47.1743469739301,58.710239831072855,-11.53589285714275,0.20833333333333334,False,-916.5
all_loss,1D,reliability_strategy_mean_r,ge,0.10973021099308534,0.4,,,,,498,0.6051032806804374,85,187,85,226,-77.7302698387195,121.92746997229074,-44.197200133571265,0.1706827309236948,152,0.5448028673835126,31,56,31,65,-63.16593559642987,83.25282131071661,-20.08688571428675,0.20394736842105263,False,-917.5
all_loss,1D,trailing_win_rate,le,0.4057971014492754,0.7,,,,,594,0.7217496962332929,120,210,120,264,-96.23068274736279,160.47939251700424,-64.24870976964147,0.20202020202020202,188,0.6738351254480287,46,65,46,77,-62.3479674320028,91.7575496320045,-29.409582200001694,0.24468085106382978,False,-919.5
all_loss,1D,reliability_score,le,0.18421042163583867,0.7,,,,,576,0.6998784933171325,120,203,120,253,-82.83147221879096,144.69532348843205,-61.86385126964112,0.20833333333333334,193,0.6917562724014337,48,71,48,74,-68.169503175931,98.21626751878995,-30.046764342858957,0.24870466321243523,False,-924.25
all_loss,1D,reliability_score,ge,0.07922181291414032,0.6,,,,,329,0.3997569866342649,62,169,62,98,-60.5712297421443,86.93763640642928,-26.36640666428497,0.1884498480243161,119,0.4265232974910394,26,60,26,33,-46.279286973930105,58.16523983107285,-11.885952857142744,0.2184873949579832,False,-926.0
severe_mae_loss,1D,reliability_strategy_mean_r,le,0.10821210379473341,0.3,,,,,273,0.33171324422843257,0,126,68,79,-50.51691572292836,79.73953013042735,-29.222614407498988,0.0,72,0.25806451612903225,0,42,20,10,-36.01022072393178,44.01155033107416,-8.001329607142385,0.0,False,-926.25
all_loss,1D,reliability_win,ge,0.3182110471300351,0.6,,,,,329,0.3997569866342649,63,171,63,95,-64.15487902071602,88.94012768500096,-24.785248664284936,0.19148936170212766,117,0.41935483870967744,25,59,25,33,-46.46152911678723,57.99742197392999,-11.53589285714275,0.21367521367521367,False,-928.5
low_mfe_loss,1D,reliability_strategy_win,ge,0.3073463268365817,0.6,,,,,340,0.4131227217496962,50,162,69,109,-52.62451154214395,83.14678799214346,-30.522276449999513,0.14705882352941177,123,0.44086021505376344,23,57,29,37,-27.240552977498936,40.94713654892739,-13.706583571428448,0.18699186991869918,False,-931.75
all_loss,1D,quality,ge,0.7747002262330679,0.5,,,,,412,0.5006075334143378,67,167,67,178,-88.66045054964557,122.34656693928723,-33.686116389641654,0.16262135922330098,139,0.4982078853046595,20,56,20,63,-79.95633542843129,94.06683477128944,-14.11049934285815,0.14388489208633093,False,-932.75
all_loss,1D,trailing_giveback,ge,0.8494403079273415,0.4,,,,,497,0.6038882138517618,91,204,91,202,-94.36369190093461,138.39300462771834,-44.02931272678376,0.18309859154929578,139,0.4982078853046595,29,51,29,59,-25.080501428427223,41.21514623556989,-16.13464480714267,0.20863309352517986,False,-936.0
severe_mae_loss,1D,reliability_strategy_win,le,0.27726995734308346,0.3,,,,,277,0.33657351154313486,0,96,52,129,-60.60742943021769,89.38151572843151,-28.774086298213813,0.0,148,0.5304659498207885,0,56,34,58,-75.31200692843426,97.8299426998643,-22.51793577143004,0.0,False,-938.25
severe_mae_loss,1D,trailing_giveback,ge,0.8646121882926417,0.6,,,,,329,0.3997569866342649,0,145,55,129,-73.15837674450253,97.197213349858,-24.038836605355463,0.0,85,0.3046594982078853,0,32,21,32,-11.671749567714706,23.6125567677141,-11.940807199999398,0.0,False,-939.5
low_mfe_loss,1D,trailing_giveback,ge,0.8576054056457244,0.5,,,,,414,0.503037667071689,54,182,74,158,-90.04155838307656,124.43828152414683,-34.396723141070275,0.13043478260869565,123,0.44086021505376344,21,46,26,51,-21.015674999855754,36.13536266414124,-15.119687664285486,0.17073170731707318,False,-942.25
low_mfe_loss,1D,reliability_strategy_mean_r,ge,0.11093802037669297,0.5,,,,,457,0.5552855407047388,58,171,81,205,-67.27097387086242,108.51486064729056,-41.24388677642816,0.12691466083150985,152,0.5448028673835126,28,56,31,65,-63.16593559642987,83.25282131071661,-20.08688571428675,0.18421052631578946,False,-942.25
all_loss,1D,reliability_asset_strategy_mean_r,ge,0.1973429665689098,0.5,,,,,412,0.5006075334143378,74,195,74,143,-91.2567345071446,125.35636857857232,-34.099634071427715,0.1796116504854369,132,0.4731182795698925,33,56,33,43,-46.366058250001664,63.39873507143006,-17.032676821428403,0.25,False,-944.0
low_mfe_loss,1D,rank_score,le,0.47499746846600327,0.6,,,,,494,0.6002430133657352,77,168,109,217,-63.87093409664678,120.37074360200266,-56.49980950535586,0.15587044534412955,176,0.6308243727598566,37,70,42,64,-64.550275155932,90.41767664164769,-25.8674014857157,0.21022727272727273,False,-946.5
severe_mae_loss,1D,trailing_giveback,le,0.8420790231420375,0.3,,,,,249,0.3025516403402187,0,98,61,90,-28.45642329214226,58.50476913499984,-30.04834584285758,0.0,118,0.4229390681003584,0,58,26,34,-78.86499226322024,92.7267875132211,-13.861795250000856,0.0,False,-947.75
severe_mae_loss,1D,decision_hour,ge,21.0,0.8,,,,,208,0.25273390036452004,0,117,55,36,-46.755588810001456,70.73899340285696,-23.983404592855504,0.0,82,0.2939068100358423,0,51,23,8,-62.6600204642911,73.45670975000499,-10.796689285713871,0.0,False,-948.5
severe_mae_loss,1D,decision_hour,ge,21.0,0.9,,,,,208,0.25273390036452004,0,117,55,36,-46.755588810001456,70.73899340285696,-23.983404592855504,0.0,82,0.2939068100358423,0,51,23,8,-62.6600204642911,73.45670975000499,-10.796689285713871,0.0,False,-948.5
low_mfe_loss,1D,expected_r,le,0.28996695527258154,0.6,,,,,497,0.6038882138517618,73,172,105,220,-66.77397888236182,120.12768245914626,-53.353703576784454,0.14688128772635814,174,0.6236559139784946,37,67,42,65,-63.81323694164632,89.75914235593346,-25.94590541428712,0.21264367816091953,False,-950.75
all_loss,1D,stability,le,0.33721788339599695,0.7,,,,,577,0.701093560145808,128,204,128,245,-80.11059939307664,146.57750818414692,-66.46690879107028,0.2218370883882149,205,0.7347670250896058,51,79,51,75,-67.49981444164567,98.65435735593316,-31.154542914287475,0.24878048780487805,False,-953.5
low_mfe_loss,1D,quality,le,0.7995731733677752,0.6,,,,,494,0.6002430133657352,85,189,111,194,-56.61883790521823,109.4778037605748,-52.85896585535658,0.1720647773279352,166,0.5949820788530465,40,66,47,53,-33.145254834644895,56.40024769178796,-23.254992857143073,0.24096385542168675,False,-954.0
severe_mae_loss,1D,reliability_score,ge,0.18421042163583867,0.7,,,,,247,0.3001215066828676,0,126,47,74,-47.822608645714936,67.44882423857179,-19.626215592856852,0.0,86,0.30824372759856633,0,46,16,24,-38.188674444288196,44.44154944428774,-6.252874999999555,0.0,False,-955.25
low_mfe_loss,1D,reliability_expected_r,le,0.1395124803801714,0.6,,,,,495,0.6014580801944107,80,163,114,218,-59.940199053789854,117.84541863057417,-57.90521957678431,0.16161616161616163,169,0.6057347670250897,30,71,34,64,-65.21193747736032,86.27376003450469,-21.061822557144364,0.17751479289940827,False,-966.0
low_mfe_loss,1D,reliability_strategy_mean_r,le,0.11093802037669297,0.5,,,,,447,0.543134872417983,74,180,101,166,-79.60932789307611,128.9547132555742,-49.3453853624981,0.16554809843400448,127,0.4551971326164875,27,61,33,33,-43.19224202378931,59.40499565236107,-16.21275362857176,0.2125984251968504,False,-967.5
low_mfe_loss,1D,stability,ge,0.2566054712996296,0.6,,,,,329,0.3997569866342649,45,160,60,109,-62.48581452071529,89.39497518500066,-26.909160664285377,0.13677811550151975,113,0.4050179211469534,18,58,22,33,-49.70897724393018,60.062711172501565,-10.353733928571387,0.1592920353982301,False,-971.5
all_loss,1D,reliability_strategy_win,le,0.3100295778435063,0.7,,,,,599,0.7278250303766707,116,215,116,268,-93.62139077950495,153.70168097771727,-60.08029019821233,0.19365609348914858,181,0.6487455197132617,45,67,45,69,-84.24545301772007,111.85622164629356,-27.610768628573474,0.24861878453038674,False,-973.0
all_loss,1D,reliability_strategy_win,ge,0.30622738525995047,0.5,,,,,414,0.503037667071689,80,200,80,134,-69.8074274564303,103.74606640642976,-33.93863894999947,0.1932367149758454,123,0.44086021505376344,29,57,29,37,-27.240552977498936,40.94713654892739,-13.706583571428448,0.23577235772357724,False,-976.25
low_mfe_loss,1D,decision_hour,le,18.0,0.6,,,,,509,0.6184690157958688,59,178,85,246,-69.5025287245023,114.34680406557362,-44.84427534107134,0.11591355599214145,162,0.5806451612903226,26,54,31,77,-35.480407789141665,54.74462098914209,-19.264213200000423,0.16049382716049382,False,-978.75
low_mfe_loss,1D,reliability_asset_strategy_win,ge,0.3544731173197028,0.6,,,,,329,0.3997569866342649,49,169,65,95,-60.84515344928752,86.92869625642993,-26.0835428071424,0.14893617021276595,116,0.4157706093189964,20,58,25,33,-45.58532340250145,57.12121625964421,-11.53589285714275,0.1724137931034483,False,-984.25
severe_mae_loss,1D,reliability_strategy_win,ge,0.3100295778435063,0.7,,,,,258,0.3134872417982989,0,124,60,74,-37.63109833500074,63.43569692785771,-25.804598592856962,0.0,98,0.35125448028673834,0,50,19,29,-22.11272460249911,30.801595316784145,-8.688870714285038,0.0,False,-985.0
low_mfe_loss,1D,reliability_asset_strategy_mean_r,le,0.23053020459079532,0.6,,,,,496,0.6026731470230863,79,167,112,217,-62.806207025218576,120.05479795914586,-57.24859093392729,0.1592741935483871,170,0.6093189964157706,30,71,34,65,-65.21193747736032,86.27376003450469,-21.061822557144364,0.17647058823529413,False,-985.5
all_loss,1D,reliability_win,ge,0.29776452395286457,0.5,,,,,412,0.5006075334143378,80,198,80,134,-79.10375403500194,113.1599279135726,-34.05617387857069,0.1941747572815534,133,0.4767025089605735,35,64,35,34,-48.31775670607297,66.25703849178723,-17.93928178571426,0.2631578947368421,False,-990.25
all_loss,1D,trailing_giveback,le,0.8646121882926417,0.6,,,,,494,0.6002430133657352,112,184,112,198,-57.49570412000335,114.94693437714585,-57.45123025714251,0.22672064777327935,194,0.6953405017921147,43,85,43,66,-94.68642805250448,119.0452601953636,-24.358832142859114,0.22164948453608246,False,-994.0
low_mfe_loss,1D,trailing_win_rate,ge,0.3626943005181347,0.6,,,,,330,0.40097205346294046,50,166,66,98,-60.94816093142999,87.56448231000064,-26.616321378570664,0.15151515151515152,120,0.43010752688172044,20,61,25,34,-47.1743469739301,58.710239831072855,-11.53589285714275,0.16666666666666666,False,-994.5
all_loss,1D,decision_hour,le,20.0,0.7,,,,,615,0.74726609963548,112,212,112,291,-83.89849205450443,141.4051543241469,-57.50666226964247,0.1821138211382114,197,0.7060931899641577,41,66,41,90,-43.69815715592807,69.20110721307272,-25.50295005714464,0.20812182741116753,False,-997.0
low_mfe_loss,1D,reliability_strategy_win,le,0.3073463268365817,0.6,,,,,530,0.6439854191980559,75,191,101,238,-89.87813839379093,142.19706380628935,-52.31892541249844,0.14150943396226415,156,0.5591397849462365,32,60,35,61,-79.11762464272024,101.71068041415032,-22.593055771430063,0.20512820512820512,False,-998.5
low_mfe_loss,1D,reliability_strategy_mean_r,le,0.11197295753630912,0.6,,,,,504,0.6123936816524909,85,193,118,193,-76.57232862521906,134.41607927343128,-57.843750648212236,0.16865079365079366,127,0.4551971326164875,27,61,33,33,-43.19224202378931,59.40499565236107,-16.21275362857176,0.2125984251968504,False,-1000.75
low_mfe_loss,1D,reliability_win,ge,0.3182110471300351,0.6,,,,,329,0.3997569866342649,48,171,63,95,-64.15487902071602,88.94012768500096,-24.785248664284936,0.1458966565349544,117,0.41935483870967744,20,59,25,33,-46.46152911678723,57.99742197392999,-11.53589285714275,0.17094017094017094,False,-1003.5
low_mfe_loss,1D,reliability_score,ge,0.07922181291414032,0.6,,,,,329,0.3997569866342649,46,169,62,98,-60.5712297421443,86.93763640642928,-26.36640666428497,0.1398176291793313,119,0.4265232974910394,21,60,26,33,-46.279286973930105,58.16523983107285,-11.885952857142744,0.17647058823529413,False,-1004.0
low_mfe_loss,1D,reliability_strategy_mean_r,ge,0.10973021099308534,0.4,,,,,498,0.6051032806804374,61,187,85,226,-77.7302698387195,121.92746997229074,-44.197200133571265,0.12248995983935743,152,0.5448028673835126,28,56,31,65,-63.16593559642987,83.25282131071661,-20.08688571428675,0.18421052631578946,False,-1007.5
all_loss,1D,expected_r,le,0.4014021000815497,0.7,,,,,582,0.707168894289186,125,212,125,245,-83.76425539307735,146.4978534698619,-62.73359807678455,0.21477663230240548,209,0.7491039426523297,54,83,54,72,-69.09120087021705,101.05295807021854,-31.961757200001482,0.2583732057416268,False,-1010.75
severe_mae_loss,1D,reliability_win,ge,0.34629591770185414,0.7,,,,,247,0.3001215066828676,0,132,49,66,-44.00692308857223,61.40965475285752,-17.402731664285287,0.0,90,0.3225806451612903,0,50,19,21,-42.52945375964486,50.66726090250194,-8.137807142857076,0.0,False,-1012.25
low_mfe_loss,1D,quality,ge,0.7747002262330679,0.5,,,,,412,0.5006075334143378,46,167,67,178,-88.66045054964557,122.34656693928723,-33.686116389641654,0.11165048543689321,139,0.4982078853046595,17,56,20,63,-79.95633542843129,94.06683477128944,-14.11049934285815,0.1223021582733813,False,-1013.75
all_loss,1D,rank_score,le,0.5285471018002386,0.7,,,,,576,0.6998784933171325,123,208,123,245,-83.46361032164818,147.04697625557566,-63.58336593392746,0.21354166666666666,205,0.7347670250896058,50,82,50,73,-69.29272229878792,99.14924378450372,-29.856521485715813,0.24390243902439024,False,-1014.25
severe_mae_loss,1D,reliability_strategy_win,le,0.2792262732483457,0.4,,,,,329,0.3997569866342649,0,112,66,151,-63.01432473307573,99.85866335271729,-36.84433861964154,0.0,148,0.5304659498207885,0,56,34,58,-75.31200692843426,97.8299426998643,-22.51793577143004,0.0,False,-1015.25
low_mfe_loss,1D,reliability_win,le,0.34629591770185414,0.7,,,,,576,0.6998784933171325,86,197,118,261,-86.64715777593366,150.73449297414632,-64.08733519821267,0.14930555555555555,189,0.6774193548387096,40,67,45,77,-63.82872386057433,91.99055606057577,-28.161832200001435,0.21164021164021163,False,-1017.25
all_loss,1D,decision_hour,ge,15.0,0.5,,,,,413,0.5018226002430134,93,192,93,128,-82.21497918071758,123.70546638785822,-41.49048720714064,0.22518159806295399,159,0.5698924731182796,41,79,41,39,-83.20691508107726,104.22461825965,-21.017703178572717,0.2578616352201258,False,-1018.0
all_loss,1D,quality,ge,0.76,0.4,,,,,501,0.6087484811664642,88,192,88,221,-92.25051822593035,138.1901478670007,-45.93962964107037,0.17564870259481039,169,0.6057347670250897,30,66,30,73,-80.78160928557466,101.86862469986151,-21.087015414286856,0.17751479289940827,False,-1019.5
all_loss,1D,rank_score,ge,0.44349626195741826,0.5,,,,,412,0.5006075334143378,78,196,78,138,-88.69233629928787,125.03111089214414,-36.338774592856275,0.18932038834951456,133,0.4767025089605735,28,63,28,42,-72.4293173728611,88.23129951571877,-15.80198214285765,0.21052631578947367,False,-1022.25
low_mfe_loss,1D,reliability_asset_strategy_win,le,0.40072083424055294,0.7,,,,,578,0.7023086269744836,86,200,118,260,-85.71418074736262,150.05310965986106,-64.33892891249842,0.14878892733564014,190,0.6810035842293907,41,67,46,77,-63.423368146288325,92.83295034629002,-29.409582200001694,0.21578947368421053,False,-1024.0
all_loss,1D,reliability_expected_r,le,0.21481947009822153,0.7,,,,,576,0.6998784933171325,124,210,124,242,-79.89328653236146,140.83901410914592,-60.94572757678447,0.2152777777777778,200,0.7168458781362007,50,83,50,67,-69.95263015593123,98.40565521307532,-28.453025057144075,0.25,False,-1026.0
severe_mae_loss,1D,trailing_win_rate,ge,0.4057971014492754,0.7,,,,,255,0.30984204131227217,0,131,49,75,-41.13433026000066,59.35647306714289,-18.22214280714223,0.0,91,0.32616487455197135,0,52,18,21,-44.01021018821639,50.9002673310732,-6.890057142856817,0.0,False,-1026.5
severe_mae_loss,1D,reliability_expected_r,le,0.11973611964320728,0.5,,,,,413,0.5018226002430134,0,135,96,182,-33.651044182361645,82.62086397343201,-48.96981979107038,0.0,129,0.46236559139784944,0,44,29,56,-25.336427102356666,42.86662430235839,-17.53019720000173,0.0,False,-1027.5
all_loss,1D,reliability_strategy_win,ge,0.2792262732483457,0.4,,,,,494,0.6002430133657352,101,217,101,176,-67.63975613143015,112.2854843742866,-44.645728242856435,0.20445344129554655,131,0.46953405017921146,30,61,30,40,-31.04617069178492,44.82787426321339,-13.781703571428473,0.22900763358778625,False,-1029.25
all_loss,1D,reliability_asset_strategy_win,ge,0.3265411458233644,0.5,,,,,414,0.503037667071689,78,202,78,134,-84.66830803143121,118.42730405285869,-33.75899602142748,0.18840579710144928,129,0.46236559139784944,32,64,32,33,-50.17360584893002,66.20418334892993,-16.03057749999992,0.24806201550387597,False,-1029.75
severe_mae_loss,1D,expected_r,le,0.2023301025242247,0.5,,,,,413,0.5018226002430134,0,134,96,183,-41.442821225216775,90.00711158771624,-48.564290362499456,0.0,123,0.44086021505376344,0,45,28,50,-47.93039901307288,63.18244128450163,-15.252042271428751,0.0,False,-1030.0
low_mfe_loss,1D,trailing_giveback,ge,0.8494403079273415,0.4,,,,,497,0.6038882138517618,69,204,91,202,-94.36369190093461,138.39300462771834,-44.02931272678376,0.13883299798792756,139,0.4982078853046595,24,51,29,59,-25.080501428427223,41.21514623556989,-16.13464480714267,0.17266187050359713,False,-1032.0
low_mfe_loss,1D,reliability_asset_strategy_mean_r,ge,0.1973429665689098,0.5,,,,,412,0.5006075334143378,56,195,74,143,-91.2567345071446,125.35636857857232,-34.099634071427715,0.13592233009708737,132,0.4731182795698925,27,56,33,43,-46.366058250001664,63.39873507143006,-17.032676821428403,0.20454545454545456,False,-1034.0
all_loss,1D,trailing_giveback,ge,0.8420790231420375,0.3,,,,,579,0.7035236938031592,108,233,108,238,-106.27849042950683,158.25430430629015,-51.97581387678334,0.18652849740932642,161,0.5770609318996416,38,59,38,64,-27.493185356998953,49.9310294498566,-22.437844092857656,0.2360248447204969,False,-1037.0
severe_mae_loss,1D,trailing_win_rate,le,0.32545931758530183,0.5,,,,,412,0.5006075334143378,0,133,87,192,-56.46892046164716,104.12069880271717,-47.65177834107002,0.0,140,0.5017921146953405,0,46,32,62,-48.882490199860165,69.15155204271876,-20.269061842858598,0.0,False,-1038.0
all_loss,1D,reliability_score,ge,0.017944480852766842,0.5,,,,,415,0.5042527339003645,77,201,77,137,-84.19059971357322,116.40920523500121,-32.218605521428,0.1855421686746988,138,0.4946236559139785,35,68,35,35,-73.0971229917891,90.04934334893183,-16.95222035714272,0.2536231884057971,False,-1045.25
all_loss,1D,stability,ge,0.19671842966445863,0.5,,,,,415,0.5042527339003645,73,194,73,148,-80.35362549214501,112.92357079928681,-32.569945307141786,0.17590361445783131,140,0.5017921146953405,32,68,32,40,-55.798031116787556,72.61065790250174,-16.81262678571417,0.22857142857142856,False,-1047.75
low_mfe_loss,1D,trailing_win_rate,le,0.4057971014492754,0.7,,,,,594,0.7217496962332929,87,210,120,264,-96.23068274736279,160.47939251700424,-64.24870976964147,0.14646464646464646,188,0.6738351254480287,41,65,46,77,-62.3479674320028,91.7575496320045,-29.409582200001694,0.21808510638297873,False,-1048.5
severe_mae_loss,1D,reliability_score,le,0.017944480852766842,0.5,,,,,412,0.5006075334143378,0,130,91,191,-46.777527579503996,96.58234249200277,-49.80481491249877,0.0,141,0.5053763440860215,0,49,29,63,-33.26105462843008,52.608473614145865,-19.34741898571579,0.0,False,-1050.25
all_loss,1D,reliability_strategy_win,le,0.311195133979944,0.8,,,,,668,0.8116646415552855,128,239,128,301,-103.25561138664736,170.99187051343162,-67.73625912678423,0.19161676646706588,181,0.6487455197132617,45,67,45,69,-84.24545301772007,111.85622164629356,-27.610768628573474,0.24861878453038674,False,-1050.25
severe_mae_loss,1D,reliability_asset_strategy_win,ge,0.40072083424055294,0.7,,,,,271,0.3292831105710814,0,141,51,79,-51.650832260000826,69.78275592428609,-18.13192366428527,0.0,89,0.31899641577060933,0,50,18,21,-42.934809473930855,49.824866616787666,-6.890057142856817,0.0,False,-1054.0
all_loss,1D,reliability_asset_strategy_mean_r,le,0.3494376818480413,0.7,,,,,576,0.6998784933171325,123,212,123,241,-80.93049403593392,142.35087425557512,-61.42038021964122,0.21354166666666666,204,0.7311827956989247,51,86,51,67,-69.50036729878832,99.77261378450393,-30.27224648571559,0.25,False,-1056.0
all_loss,1D,trailing_win_rate,ge,0.32545931758530183,0.5,,,,,412,0.5006075334143378,80,196,80,136,-74.18516040285873,108.0234489242867,-33.838288521427955,0.1941747572815534,139,0.4982078853046595,32,71,32,36,-57.47568742035902,73.50626492035894,-16.03057749999992,0.2302158273381295,False,-1057.75
low_mfe_loss,1D,reliability_score,le,0.18421042163583867,0.7,,,,,576,0.6998784933171325,85,203,120,253,-82.83147221879096,144.69532348843205,-61.86385126964112,0.14756944444444445,193,0.6917562724014337,42,71,48,74,-68.169503175931,98.21626751878995,-30.046764342858957,0.21761658031088082,False,-1065.25
severe_mae_loss,1D,stability,le,0.19671842966445863,0.5,,,,,414,0.503037667071689,0,135,94,185,-50.30045537236089,99.22057692771706,-48.92012155535619,0.0,139,0.4982078853046595,0,49,32,58,-50.560146503431625,70.04715906057596,-19.487012557144343,0.0,False,-1070.25
all_loss,1D,reliability_expected_r,ge,0.11973611964320728,0.5,,,,,412,0.5006075334143378,72,194,72,146,-96.8285652535728,129.52328375357183,-32.69471849999905,0.17475728155339806,150,0.5376344086021505,35,73,35,42,-81.02175051786253,99.79119266071929,-18.769442142856786,0.23333333333333334,False,-1074.5
low_mfe_loss,1D,reliability_strategy_win,ge,0.30622738525995047,0.5,,,,,414,0.503037667071689,59,200,80,134,-69.8074274564303,103.74606640642976,-33.93863894999947,0.14251207729468598,123,0.44086021505376344,23,57,29,37,-27.240552977498936,40.94713654892739,-13.706583571428448,0.18699186991869918,False,-1075.25
all_loss,1D,expected_r,ge,0.2023301025242247,0.5,,,,,415,0.5042527339003645,73,198,73,144,-90.95803024643199,124.30589699643048,-33.3478667499985,0.17590361445783131,156,0.5591397849462365,36,72,36,48,-58.427778607146294,79.47537567857606,-21.047597071429763,0.23076923076923078,False,-1075.75
severe_mae_loss,1D,quality,ge,0.7995731733677752,0.6,,,,,329,0.3997569866342649,0,140,56,133,-74.03524295928767,102.66634396642905,-28.631101007141403,0.0,113,0.4050179211469534,0,51,17,45,-73.21292278557429,86.25756927128974,-13.04464648571544,0.0,False,-1078.5
severe_mae_loss,1D,decision_hour,le,15.0,0.5,,,,,449,0.5455650060753341,0,154,78,217,-56.80994412807374,98.60641389771678,-41.79646976964304,0.0,125,0.44802867383512546,0,40,24,61,-24.963208253427986,40.54250156057093,-15.579293307142947,0.0,False,-1079.5
low_mfe_loss,1D,reliability_win,ge,0.29776452395286457,0.5,,,,,412,0.5006075334143378,59,198,80,134,-79.10375403500194,113.1599279135726,-34.05617387857069,0.14320388349514562,133,0.4767025089605735,29,64,35,34,-48.31775670607297,66.25703849178723,-17.93928178571426,0.21804511278195488,False,-1089.25
severe_mae_loss,1D,reliability_win,le,0.29776452395286457,0.5,,,,,412,0.5006075334143378,0,132,87,193,-52.02125182950388,99.45514481343116,-47.433892983927294,0.0,146,0.5232974910394266,0,53,29,64,-58.04042091414622,76.40077847129047,-18.360357557144248,0.0,False,-1091.5
all_loss,1D,reliability_strategy_mean_r,ge,0.10821210379473341,0.3,,,,,601,0.7302551640340219,108,220,108,273,-92.83673408307692,151.95660616700454,-59.119872083927625,0.17970049916805325,207,0.7419354838709677,44,75,44,88,-70.3479568962874,98.64626663200353,-28.298309735716124,0.21256038647342995,False,-1094.0
all_loss,1D,quality,le,0.8148595874560972,0.7,,,,,576,0.6998784933171325,123,236,123,217,-79.46003697093198,136.15618729057388,-56.6961503196419,0.21354166666666666,191,0.6845878136200717,52,80,52,59,-59.15634092036119,84.00666240607575,-24.850321485714574,0.27225130890052357,False,-1094.75
severe_mae_loss,1D,reliability_asset_strategy_win,le,0.3265411458233644,0.5,,,,,419,0.5091130012150669,0,133,92,194,-55.390294618789056,105.18783331700222,-49.79753869821318,0.0,150,0.5376344086021505,0,53,32,65,-56.184571771289164,76.45363361414775,-20.269061842858598,0.0,False,-1098.25
low_mfe_loss,1D,reliability_strategy_win,le,0.3100295778435063,0.7,,,,,599,0.7278250303766707,86,215,116,268,-93.62139077950495,153.70168097771727,-60.08029019821233,0.14357262103505844,181,0.6487455197132617,39,67,45,69,-84.24545301772007,111.85622164629356,-27.610768628573474,0.2154696132596685,False,-1099.0
low_mfe_loss,1D,stability,le,0.33721788339599695,0.7,,,,,577,0.701093560145808,91,204,128,245,-80.11059939307664,146.57750818414692,-66.46690879107028,0.15771230502599654,205,0.7347670250896058,45,79,51,75,-67.49981444164567,98.65435735593316,-31.154542914287475,0.21951219512195122,False,-1100.5
all_loss,1D,reliability_score,le,0.22156966219986063,0.8,,,,,658,0.7995139732685298,132,236,132,290,-100.21644561164814,166.51781830986113,-66.30137269821302,0.2006079027355623,210,0.7526881720430108,49,79,49,82,-72.10197854878777,102.46565003450388,-30.363671485716125,0.23333333333333334,False,-1103.0
severe_mae_loss,1D,rank_score,le,0.44349626195741826,0.5,,,,,412,0.5006075334143378,0,133,89,190,-41.96174456521803,87.11303683485973,-45.15129226964171,0.0,146,0.5232974910394266,0,54,36,56,-33.92886024735807,54.426517447358925,-20.49765720000086,0.0,False,-1103.5
severe_mae_loss,1D,quality,le,0.76,0.4,,,,,352,0.42770352369380316,0,143,87,122,-38.41508515286176,78.82732519714608,-40.41224004428435,0.0,118,0.4229390681003584,0,52,40,26,-21.582227263215874,41.4625122632162,-19.880285000000335,0.0,False,-1105.5
all_loss,1D,quality,ge,0.7296018613408477,0.3,,,,,576,0.6998784933171325,100,222,100,254,-106.04542234378853,157.25434212771572,-51.20891978392721,0.1736111111111111,184,0.6594982078853047,36,69,36,79,-82.39557905700286,105.58532018557548,-23.18974112857262,0.1956521739130435,False,-1114.0
low_mfe_loss,1D,trailing_giveback,le,0.8646121882926417,0.6,,,,,494,0.6002430133657352,82,184,112,198,-57.49570412000335,114.94693437714585,-57.45123025714251,0.1659919028340081,194,0.6953405017921147,38,85,43,66,-94.68642805250448,119.0452601953636,-24.358832142859114,0.1958762886597938,False,-1114.0
low_mfe_loss,1D,rank_score,ge,0.44349626195741826,0.5,,,,,412,0.5006075334143378,57,196,78,138,-88.69233629928787,125.03111089214414,-36.338774592856275,0.1383495145631068,133,0.4767025089605735,23,63,28,42,-72.4293173728611,88.23129951571877,-15.80198214285765,0.17293233082706766,False,-1115.25
low_mfe_loss,1D,reliability_asset_strategy_win,ge,0.3265411458233644,0.5,,,,,414,0.503037667071689,59,202,78,134,-84.66830803143121,118.42730405285869,-33.75899602142748,0.14251207729468598,129,0.46236559139784944,27,64,32,33,-50.17360584893002,66.20418334892993,-16.03057749999992,0.20930232558139536,False,-1116.75
low_mfe_loss,1D,decision_hour,ge,15.0,0.5,,,,,413,0.5018226002430134,72,192,93,128,-82.21497918071758,123.70546638785822,-41.49048720714064,0.17433414043583534,159,0.5698924731182796,35,79,41,39,-83.20691508107726,104.22461825965,-21.017703178572717,0.22012578616352202,False,-1117.0
severe_mae_loss,1D,decision_hour,ge,20.0,0.7,,,,,260,0.3159173754556501,0,135,68,57,-56.62719824000256,85.9041971900003,-29.276998949997736,0.0,100,0.35842293906810035,0,61,27,12,-72.58784047393523,86.84194725964979,-14.254106785714548,0.0,False,-1118.0
low_mfe_loss,1D,quality,ge,0.76,0.4,,,,,501,0.6087484811664642,63,192,88,221,-92.25051822593035,138.1901478670007,-45.93962964107037,0.12574850299401197,169,0.6057347670250897,26,66,30,73,-80.78160928557466,101.86862469986151,-21.087015414286856,0.15384615384615385,False,-1118.5
low_mfe_loss,1D,decision_hour,le,20.0,0.7,,,,,615,0.74726609963548,80,212,112,291,-83.89849205450443,141.4051543241469,-57.50666226964247,0.13008130081300814,197,0.7060931899641577,36,66,41,90,-43.69815715592807,69.20110721307272,-25.50295005714464,0.18274111675126903,False,-1123.0
all_loss,1D,reliability_win,ge,0.28630674256749367,0.4,,,,,494,0.6002430133657352,99,229,99,166,-93.15027522785924,137.64910132071535,-44.498826092856106,0.20040485829959515,157,0.5627240143369175,40,73,40,44,-77.08526883107504,96.48568065250356,-19.400411821428516,0.25477707006369427,False,-1125.75
all_loss,1D,decision_hour,ge,12.0,0.4,,,,,529,0.6427703523693803,119,228,119,182,-87.11232993771799,142.4588708391445,-55.34654090142655,0.22495274102079396,195,0.6989247311827957,51,87,51,57,-86.92240681679115,113.93347956679264,-27.011072750001485,0.26153846153846155,False,-1126.0
all_loss,1D,reliability_strategy_win,ge,0.27726995734308346,0.3,,,,,587,0.7132442284325637,119,249,119,219,-80.50594740214527,136.17524132357252,-55.669293921427254,0.20272572402044292,131,0.46953405017921146,30,61,30,40,-31.04617069178492,44.82787426321339,-13.781703571428473,0.22900763358778625,False,-1126.5
severe_mae_loss,1D,rank_score,ge,0.47499746846600327,0.6,,,,,329,0.3997569866342649,0,161,58,110,-66.78314676785911,91.77340412500122,-24.990257357142113,0.0,103,0.36917562724014336,0,47,22,34,-41.80790246428719,52.240140321430005,-10.432237857142814,0.0,False,-1128.0
all_loss,1D,trailing_win_rate,le,0.4868421052631579,0.8,,,,,668,0.8116646415552855,128,243,128,297,-108.28171003307642,176.73123180271807,-68.44952176964165,0.19161676646706588,212,0.7598566308243727,46,75,46,91,-70.77006921771635,100.17965141771805,-29.409582200001694,0.2169811320754717,False,-1132.0
all_loss,1D,reliability_strategy_mean_r,le,0.14673061446425303,0.7,,,,,583,0.7083839611178615,128,224,128,231,-88.10935591093309,152.82985191628845,-64.72049600535536,0.2195540308747856,223,0.7992831541218638,58,96,58,69,-95.05164070593477,127.90821290593618,-32.8565722000014,0.2600896860986547,False,-1133.5
low_mfe_loss,1D,stability,ge,0.19671842966445863,0.5,,,,,415,0.5042527339003645,56,194,73,148,-80.35362549214501,112.92357079928681,-32.569945307141786,0.13493975903614458,140,0.5017921146953405,26,68,32,40,-55.798031116787556,72.61065790250174,-16.81262678571417,0.18571428571428572,False,-1134.75
severe_mae_loss,1D,reliability_asset_strategy_mean_r,ge,0.23053020459079532,0.6,,,,,337,0.4094775212636695,0,165,59,113,-69.28806094643019,95.28613723214372,-25.998076285713523,0.0,109,0.3906810035842294,0,46,30,33,-41.146240142858865,56.38405692857301,-15.237816785714147,0.0,False,-1139.5
severe_mae_loss,1D,expected_r,ge,0.28996695527258154,0.6,,,,,330,0.40097205346294046,0,158,62,110,-63.97456626785838,92.1109295535719,-28.13636328571353,0.0,105,0.3763440860215054,0,50,22,33,-42.54494067857286,52.898674607144244,-10.353733928571387,0.0,False,-1140.75
low_mfe_loss,1D,reliability_score,ge,0.017944480852766842,0.5,,,,,415,0.5042527339003645,57,201,77,137,-84.19059971357322,116.40920523500121,-32.218605521428,0.13734939759036144,138,0.4946236559139785,29,68,35,35,-73.0971229917891,90.04934334893183,-16.95222035714272,0.21014492753623187,False,-1141.25
low_mfe_loss,1D,trailing_win_rate,ge,0.32545931758530183,0.5,,,,,412,0.5006075334143378,61,196,80,136,-74.18516040285873,108.0234489242867,-33.838288521427955,0.14805825242718446,139,0.4982078853046595,27,71,32,36,-57.47568742035902,73.50626492035894,-16.03057749999992,0.19424460431654678,False,-1144.75
severe_mae_loss,1D,reliability_expected_r,ge,0.1395124803801714,0.6,,,,,330,0.40097205346294046,0,167,53,110,-70.77647466785888,94.36132195357253,-23.58484728571366,0.0,110,0.3942652329749104,0,46,30,34,-41.146240142858865,56.38405692857301,-15.237816785714147,0.0,False,-1146.0
severe_mae_loss,1D,trailing_giveback,le,0.8494403079273415,0.4,,,,,330,0.40097205346294046,0,126,76,128,-37.00874759214259,74.46950172785681,-37.46075413571422,0.0,140,0.5017921146953405,0,66,35,39,-81.27767619179195,101.4426707275078,-20.164994535715845,0.0,False,-1149.5
low_mfe_loss,1D,trailing_giveback,ge,0.8420790231420375,0.3,,,,,579,0.7035236938031592,80,233,108,238,-106.27849042950683,158.25430430629015,-51.97581387678334,0.1381692573402418,161,0.5770609318996416,33,59,38,64,-27.493185356998953,49.9310294498566,-22.437844092857656,0.20496894409937888,False,-1151.0
all_loss,1D,reliability_strategy_mean_r,ge,0.10558505613350275,0.2,,,,,659,0.8007290400972054,118,239,118,302,-100.03109031164826,162.52135397414725,-62.49026366249899,0.17905918057663125,207,0.7419354838709677,44,75,44,88,-70.3479568962874,98.64626663200353,-28.298309735716124,0.21256038647342995,False,-1154.5
low_mfe_loss,1D,reliability_strategy_win,ge,0.2792262732483457,0.4,,,,,494,0.6002430133657352,72,217,101,176,-67.63975613143015,112.2854843742866,-44.645728242856435,0.145748987854251,131,0.46953405017921146,23,61,30,40,-31.04617069178492,44.82787426321339,-13.781703571428473,0.17557251908396945,False,-1158.25
low_mfe_loss,1D,rank_score,le,0.5285471018002386,0.7,,,,,576,0.6998784933171325,87,208,123,245,-83.46361032164818,147.04697625557566,-63.58336593392746,0.15104166666666666,205,0.7347670250896058,44,82,50,73,-69.29272229878792,99.14924378450372,-29.856521485715813,0.2146341463414634,False,-1158.25
low_mfe_loss,1D,expected_r,ge,0.2023301025242247,0.5,,,,,415,0.5042527339003645,55,198,73,144,-90.95803024643199,124.30589699643048,-33.3478667499985,0.13253012048192772,156,0.5591397849462365,31,72,36,48,-58.427778607146294,79.47537567857606,-21.047597071429763,0.1987179487179487,False,-1159.75
all_loss,1D,reliability_asset_strategy_win,le,0.459540486044784,0.8,,,,,661,0.8031591737545565,130,240,130,291,-105.92024313307698,174.94042118843294,-69.02017805535598,0.19667170953101362,230,0.8243727598566308,49,83,49,98,-84.56727278914556,114.93299784629029,-30.36572505714471,0.21304347826086956,False,-1162.75
low_mfe_loss,1D,reliability_expected_r,ge,0.11973611964320728,0.5,,,,,412,0.5006075334143378,53,194,72,146,-96.8285652535728,129.52328375357183,-32.69471849999905,0.12864077669902912,150,0.5376344086021505,29,73,35,42,-81.02175051786253,99.79119266071929,-18.769442142856786,0.19333333333333333,False,-1167.5
severe_mae_loss,1D,reliability_asset_strategy_mean_r,le,0.1973429665689098,0.5,,,,,414,0.503037667071689,0,135,93,186,-40.19546567164694,87.58589846271718,-47.39043279107025,0.0,147,0.5268817204301075,0,61,31,55,-59.99211937021752,79.25908189164764,-19.26696252143011,0.0,False,-1168.25
low_mfe_loss,1D,expected_r,le,0.4014021000815497,0.7,,,,,582,0.707168894289186,86,212,125,245,-83.76425539307735,146.4978534698619,-62.73359807678455,0.14776632302405499,209,0.7491039426523297,47,83,54,72,-69.09120087021705,101.05295807021854,-31.961757200001482,0.22488038277511962,False,-1169.75
low_mfe_loss,1D,reliability_expected_r,le,0.21481947009822153,0.7,,,,,576,0.6998784933171325,88,210,124,242,-79.89328653236146,140.83901410914592,-60.94572757678447,0.1527777777777778,200,0.7168458781362007,44,83,50,67,-69.95263015593123,98.40565521307532,-28.453025057144075,0.22,False,-1170.0
all_loss,1D,expected_r,le,0.45361065785615307,0.8,,,,,659,0.8007290400972054,136,247,136,276,-93.87562003593374,161.92648954128987,-68.05086950535612,0.20637329286798178,229,0.8207885304659498,56,88,56,85,-72.94857765593109,105.68863842736103,-32.740060771429945,0.2445414847161572,False,-1170.0
all_loss,1D,trailing_giveback,le,0.874697740561679,0.7,,,,,581,0.7059538274605103,126,225,126,230,-90.56512269857667,155.69043109857515,-65.12530839999846,0.21686746987951808,223,0.7992831541218638,49,93,49,81,-101.38735924536124,128.96670823107746,-27.579348985716237,0.21973094170403587,False,-1173.0
all_loss,1D,reliability_asset_strategy_win,ge,0.30492914979757085,0.4,,,,,501,0.6087484811664642,100,234,100,167,-100.70726040643075,144.62902964214356,-43.92176923571283,0.1996007984031936,163,0.5842293906810035,42,78,42,43,-75.78314325964504,95.8000873310736,-20.016944071428536,0.25766871165644173,False,-1174.0
severe_mae_loss,1D,reliability_strategy_mean_r,ge,0.11197295753630912,0.6,,,,,376,0.456865127582017,0,149,66,161,-51.04475297142978,83.18943447142965,-32.14468149999988,0.0,152,0.5448028673835126,0,56,31,65,-63.16593559642987,83.25282131071661,-20.08688571428675,0.0,False,-1176.0
all_loss,1D,reliability_win,le,0.3761738273374446,0.8,,,,,658,0.7995139732685298,130,237,130,291,-106.46311744736285,175.9322670027187,-69.46914955535587,0.19756838905775076,237,0.8494623655913979,51,88,51,98,-95.55198993200447,126.60582570343507,-31.05383577143058,0.21518987341772153,False,-1179.75
all_loss,1D,rank_score,le,0.5719960562151344,0.8,,,,,658,0.7995139732685298,139,244,139,275,-92.41695370021962,161.65915091986108,-69.24219721964145,0.21124620060790272,233,0.8351254480286738,56,92,56,85,-71.0841847987886,103.82424557021855,-32.740060771429945,0.24034334763948498,False,-1181.75
low_mfe_loss,1D,reliability_strategy_win,le,0.311195133979944,0.8,,,,,668,0.8116646415552855,95,239,128,301,-103.25561138664736,170.99187051343162,-67.73625912678423,0.14221556886227546,181,0.6487455197132617,39,67,45,69,-84.24545301772007,111.85622164629356,-27.610768628573474,0.2154696132596685,False,-1185.25
all_loss,1D,trailing_giveback,ge,0.8275796734142848,0.2,,,,,659,0.8007290400972054,129,260,129,270,-108.48011186164847,173.61546773843244,-65.13535587678396,0.19575113808801214,202,0.7240143369175627,47,76,47,79,-56.57043657128676,85.4729777355738,-28.902541164287054,0.23267326732673269,False,-1194.25
all_loss,1D,stability,le,0.44472442584298566,0.8,,,,,683,0.8298906439854192,142,259,142,282,-102.98292246450538,175.81253482700407,-72.82961236249871,0.20790629575402636,214,0.7670250896057348,52,84,52,78,-70.15455801307394,101.66395807021851,-31.509400057144532,0.24299065420560748,False,-1194.25
all_loss,1D,quality,ge,0.7163555457730956,0.2,,,,,658,0.7995139732685298,120,244,120,294,-108.8563198509344,171.87008470628967,-63.013764855355255,0.182370820668693,203,0.7275985663082437,42,77,42,84,-85.0307196462897,111.78933463200526,-26.758614985715575,0.20689655172413793,False,-1195.25
low_mfe_loss,1D,reliability_asset_strategy_mean_r,le,0.3494376818480413,0.7,,,,,576,0.6998784933171325,86,212,123,241,-80.93049403593392,142.35087425557512,-61.42038021964122,0.14930555555555555,204,0.7311827956989247,46,86,51,67,-69.50036729878832,99.77261378450393,-30.27224648571559,0.22549019607843138,False,-1197.0
all_loss,1D,reliability_expected_r,le,0.24513895111390224,0.8,,,,,658,0.7995139732685298,140,247,140,271,-93.0796557216488,161.41240829843224,-68.33275257678346,0.2127659574468085,227,0.8136200716845878,55,93,55,79,-74.7985705130739,107.13350271307539,-32.33493220000149,0.2422907488986784,False,-1203.25
severe_mae_loss,1D,reliability_strategy_win,le,0.30622738525995047,0.5,,,,,436,0.5297691373025516,0,145,91,200,-71.41383155093304,120.06150517771735,-48.647673626784304,0.0,156,0.5591397849462365,0,60,35,61,-79.11762464272024,101.71068041415032,-22.593055771430063,0.0,False,-1208.0
all_loss,1D,reliability_asset_strategy_mean_r,ge,0.1569651527438252,0.4,,,,,494,0.6002430133657352,94,223,94,177,-106.8303388142885,150.3808667428586,-43.55052792857009,0.1902834008097166,189,0.6774193548387096,43,86,43,60,-88.23250264071945,112.37116581929187,-24.138663178572425,0.2275132275132275,False,-1210.75
low_mfe_loss,1D,reliability_strategy_mean_r,ge,0.10821210379473341,0.3,,,,,601,0.7302551640340219,79,220,108,273,-92.83673408307692,151.95660616700454,-59.119872083927625,0.1314475873544093,207,0.7419354838709677,39,75,44,88,-70.3479568962874,98.64626663200353,-28.298309735716124,0.18840579710144928,False,-1211.0
severe_mae_loss,1D,stability,ge,0.2566054712996296,0.6,,,,,329,0.3997569866342649,0,160,60,109,-62.48581452071529,89.39497518500066,-26.909160664285377,0.0,113,0.4050179211469534,0,58,22,33,-49.70897724393018,60.062711172501565,-10.353733928571387,0.0,False,-1214.5
severe_mae_loss,1D,reliability_strategy_win,ge,0.3073463268365817,0.6,,,,,340,0.4131227217496962,0,162,69,109,-52.62451154214395,83.14678799214346,-30.522276449999513,0.0,123,0.44086021505376344,0,57,29,37,-27.240552977498936,40.94713654892739,-13.706583571428448,0.0,False,-1219.75
all_loss,1D,trailing_win_rate,ge,0.30716723549488056,0.4,,,,,495,0.6014580801944107,97,231,97,167,-96.59952311714468,139.19688992428667,-42.59736680714196,0.19595959595959597,173,0.6200716845878136,42,84,42,47,-70.78151279536027,92.7817000453602,-22.000187249999904,0.24277456647398843,False,-1220.0
all_loss,1D,rank_score,ge,0.4137125336302984,0.4,,,,,494,0.6002430133657352,94,225,94,175,-102.54192868143087,146.8852585600012,-44.34332987857033,0.1902834008097166,160,0.5734767025089605,32,79,32,49,-87.17794749178988,105.03144749179035,-17.85350000000046,0.2,False,-1221.5
low_mfe_loss,1D,quality,ge,0.7296018613408477,0.3,,,,,576,0.6998784933171325,74,222,100,254,-106.04542234378853,157.25434212771572,-51.20891978392721,0.1284722222222222,184,0.6594982078853047,31,69,36,79,-82.39557905700286,105.58532018557548,-23.18974112857262,0.16847826086956522,False,-1222.0
all_loss,1D,decision_hour,ge,10.0,0.3,,,,,596,0.724179829890644,128,252,128,216,-98.41126815328948,157.92112234757295,-59.509854194283484,0.21476510067114093,213,0.7634408602150538,55,91,55,67,-87.46130670593399,116.71496915593565,-29.25366245000163,0.25821596244131456,False,-1224.25
all_loss,1D,reliability_asset_strategy_mean_r,le,0.41417781315300256,0.8,,,,,670,0.8140947752126367,138,250,138,282,-91.57251115021903,157.91773515557443,-66.34522400535542,0.20597014925373133,228,0.8172043010752689,55,93,55,80,-74.7985705130739,107.13350271307539,-32.33493220000149,0.2412280701754386,False,-1224.5
low_mfe_loss,1D,quality,le,0.8148595874560972,0.7,,,,,576,0.6998784933171325,92,236,123,217,-79.46003697093198,136.15618729057388,-56.6961503196419,0.1597222222222222,191,0.6845878136200717,45,80,52,59,-59.15634092036119,84.00666240607575,-24.850321485714574,0.2356020942408377,False,-1229.75
severe_mae_loss,1D,trailing_giveback,ge,0.8576054056457244,0.5,,,,,414,0.503037667071689,0,182,74,158,-90.04155838307656,124.43828152414683,-34.396723141070275,0.0,123,0.44086021505376344,0,46,26,51,-21.015674999855754,36.13536266414124,-15.119687664285486,0.0,False,-1230.25
low_mfe_loss,1D,reliability_win,ge,0.28630674256749367,0.4,,,,,494,0.6002430133657352,75,229,99,166,-93.15027522785924,137.64910132071535,-44.498826092856106,0.15182186234817813,157,0.5627240143369175,34,73,40,44,-77.08526883107504,96.48568065250356,-19.400411821428516,0.21656050955414013,False,-1233.75
all_loss,1D,expected_r,ge,0.161674278018405,0.4,,,,,499,0.606318347509113,95,229,95,175,-109.0228665100029,152.63166099571575,-43.608794485712856,0.1903807615230461,178,0.6379928315412187,41,85,41,52,-90.64216551179098,114.243871511792,-23.601706000001023,0.2303370786516854,False,-1234.25
severe_mae_loss,1D,reliability_strategy_mean_r,le,0.10973021099308534,0.4,,,,,366,0.44471445929526127,0,158,86,122,-63.383106993643466,103.6292870797133,-40.246180086069806,0.0,127,0.4551971326164875,0,61,33,33,-43.19224202378931,59.40499565236107,-16.21275362857176,0.0,False,-1243.25
severe_mae_loss,1D,reliability_asset_strategy_win,ge,0.3544731173197028,0.6,,,,,329,0.3997569866342649,0,169,65,95,-60.84515344928752,86.92869625642993,-26.0835428071424,0.0,116,0.4157706093189964,0,58,25,33,-45.58532340250145,57.12121625964421,-11.53589285714275,0.0,False,-1251.25
low_mfe_loss,1D,reliability_score,le,0.22156966219986063,0.8,,,,,658,0.7995139732685298,94,236,132,290,-100.21644561164814,166.51781830986113,-66.30137269821302,0.14285714285714285,210,0.7526881720430108,43,79,49,82,-72.10197854878777,102.46565003450388,-30.363671485716125,0.20476190476190476,False,-1253.0
severe_mae_loss,1D,quality,ge,0.7747002262330679,0.5,,,,,412,0.5006075334143378,0,167,67,178,-88.66045054964557,122.34656693928723,-33.686116389641654,0.0,139,0.4982078853046595,0,56,20,63,-79.95633542843129,94.06683477128944,-14.11049934285815,0.0,False,-1253.75
all_loss,1D,stability,ge,0.14975745898888393,0.4,,,,,496,0.6026731470230863,94,227,94,175,-104.89057067071747,148.689268763573,-43.79869809285556,0.18951612903225806,184,0.6594982078853047,41,88,41,55,-93.08649563464817,115.61799063464909,-22.531495000000916,0.22282608695652173,False,-1254.0
all_loss,1D,reliability_expected_r,ge,0.09587491488518873,0.4,,,,,494,0.6002430133657352,94,227,94,173,-107.11186569928827,150.14544579214407,-43.03358009285581,0.1902834008097166,187,0.6702508960573477,41,88,41,58,-91.68910965857671,114.34138469429192,-22.652275035715213,0.2192513368983957,False,-1254.25
low_mfe_loss,1D,decision_hour,ge,12.0,0.4,,,,,529,0.6427703523693803,90,228,119,182,-87.11232993771799,142.4588708391445,-55.34654090142655,0.17013232514177692,195,0.6989247311827957,44,87,51,57,-86.92240681679115,113.93347956679264,-27.011072750001485,0.22564102564102564,False,-1255.0
all_loss,1D,reliability_strategy_win,ge,0.2739559235358578,0.2,,,,,701,0.8517618469015796,142,292,142,267,-103.8142461043591,171.6914866547149,-67.8772405503558,0.20256776034236804,132,0.4731182795698925,30,61,30,41,-31.046170691784916,44.82787426321339,-13.781703571428473,0.22727272727272727,False,-1258.25
severe_mae_loss,1D,reliability_score,le,0.07922181291414032,0.6,,,,,494,0.6002430133657352,0,160,105,229,-70.08285112236159,125.20651132057459,-55.123660198213,0.0,160,0.5734767025089605,0,57,38,65,-60.07889064628907,84.49257713200485,-24.41368648571577,0.0,False,-1259.5
severe_mae_loss,1D,reliability_win,le,0.3182110471300351,0.6,,,,,494,0.6002430133657352,0,158,104,232,-66.49920184378988,123.2040200420029,-56.70481819821303,0.0,162,0.5806451612903226,0,58,39,65,-59.89664850343195,84.6603949891477,-24.763746485715764,0.0,False,-1260.0
severe_mae_loss,1D,trailing_win_rate,ge,0.3626943005181347,0.6,,,,,330,0.40097205346294046,0,166,66,98,-60.94816093142999,87.56448231000064,-26.616321378570664,0.0,120,0.43010752688172044,0,61,25,34,-47.1743469739301,58.710239831072855,-11.53589285714275,0.0,False,-1264.5
low_mfe_loss,1D,trailing_win_rate,le,0.4868421052631579,0.8,,,,,668,0.8116646415552855,93,243,128,297,-108.28171003307642,176.73123180271807,-68.44952176964165,0.13922155688622753,212,0.7598566308243727,41,75,46,91,-70.77006921771635,100.17965141771805,-29.409582200001694,0.19339622641509435,False,-1267.0
severe_mae_loss,1D,reliability_win,ge,0.3182110471300351,0.6,,,,,329,0.3997569866342649,0,171,63,95,-64.15487902071602,88.94012768500096,-24.785248664284936,0.0,117,0.41935483870967744,0,59,25,33,-46.46152911678723,57.99742197392999,-11.53589285714275,0.0,False,-1267.5
severe_mae_loss,1D,reliability_score,ge,0.07922181291414032,0.6,,,,,329,0.3997569866342649,0,169,62,98,-60.5712297421443,86.93763640642928,-26.36640666428497,0.0,119,0.4265232974910394,0,60,26,33,-46.279286973930105,58.16523983107285,-11.885952857142744,0.0,False,-1268.0
low_mfe_loss,1D,reliability_strategy_win,ge,0.27726995734308346,0.3,,,,,587,0.7132442284325637,85,249,119,219,-80.50594740214527,136.17524132357252,-55.669293921427254,0.14480408858603067,131,0.46953405017921146,23,61,30,40,-31.04617069178492,44.82787426321339,-13.781703571428473,0.17557251908396945,False,-1270.5
all_loss,1D,reliability_win,ge,0.2774425059218657,0.3,,,,,577,0.701093560145808,113,260,113,204,-104.64614941357704,157.7556908635753,-53.10954144999827,0.19584055459272098,175,0.6272401433691757,44,81,44,50,-83.49728147393208,104.90142161678912,-21.404140142857035,0.25142857142857145,False,-1273.0
severe_mae_loss,1D,quality,le,0.7747002262330679,0.5,,,,,412,0.5006075334143378,0,162,101,149,-41.8066602180746,89.79758078771663,-47.990920569642036,0.0,140,0.5017921146953405,0,61,44,35,-26.401842191787907,48.590982191788264,-22.189140000000364,0.0,False,-1274.0
severe_mae_loss,1D,decision_hour,ge,18.0,0.6,,,,,330,0.40097205346294046,0,156,82,92,-65.38583855428963,102.0316300757163,-36.64579152142664,0.0,130,0.4659498207885305,0,67,36,27,-76.08686379536323,94.93578983107847,-18.848926035715234,0.0,False,-1275.0
severe_mae_loss,1D,trailing_win_rate,le,0.3626943005181347,0.6,,,,,496,0.6026731470230863,0,166,101,229,-72.54719493307618,127.42094041700348,-54.87374548392731,0.0,159,0.5698924731182796,0,56,39,64,-59.18383064628907,83.94757713200484,-24.763746485715764,0.0,False,-1275.75
all_loss,1D,reliability_score,ge,-0.019076476753512116,0.4,,,,,494,0.6002430133657352,96,233,96,165,-103.96018347071578,146.97889570642872,-43.01871223571293,0.19433198380566802,177,0.6344086021505376,40,88,40,49,-92.36102663464789,112.72123667036185,-20.360210035713962,0.22598870056497175,False,-1275.75
severe_mae_loss,1D,reliability_asset_strategy_win,le,0.3544731173197028,0.6,,,,,494,0.6002430133657352,0,160,102,232,-69.80892741521836,125.21545147057392,-55.406524055355575,0.0,163,0.5842293906810035,0,59,39,65,-60.77285421771772,85.53660070343349,-24.763746485715764,0.0,False,-1276.25
low_mfe_loss,1D,reliability_strategy_mean_r,ge,0.10558505613350275,0.2,,,,,659,0.8007290400972054,87,239,118,302,-100.03109031164826,162.52135397414725,-62.49026366249899,0.13201820940819423,207,0.7419354838709677,39,75,44,88,-70.3479568962874,98.64626663200353,-28.298309735716124,0.18840579710144928,False,-1277.5
low_mfe_loss,1D,reliability_asset_strategy_win,ge,0.30492914979757085,0.4,,,,,501,0.6087484811664642,76,234,100,167,-100.70726040643075,144.62902964214356,-43.92176923571283,0.15169660678642716,163,0.5842293906810035,36,78,42,43,-75.78314325964504,95.8000873310736,-20.016944071428536,0.22085889570552147,False,-1282.0
severe_mae_loss,1D,reliability_strategy_mean_r,ge,0.11093802037669297,0.5,,,,,457,0.5552855407047388,0,171,81,205,-67.27097387086242,108.51486064729056,-41.24388677642816,0.0,152,0.5448028673835126,0,56,31,65,-63.16593559642987,83.25282131071661,-20.08688571428675,0.0,False,-1284.25
low_mfe_loss,1D,reliability_strategy_mean_r,le,0.14673061446425303,0.7,,,,,583,0.7083839611178615,95,224,128,231,-88.10935591093309,152.82985191628845,-64.72049600535536,0.16295025728987994,223,0.7992831541218638,49,96,58,69,-95.05164070593477,127.90821290593618,-32.8565722000014,0.21973094170403587,False,-1286.5
all_loss,1D,reliability_strategy_win,le,0.6332662721893492,0.9,,,,,748,0.9088699878493317,147,274,147,327,-112.30821264736238,186.99990320271812,-74.69169055535575,0.196524064171123,237,0.8494623655913979,51,88,51,98,-95.55198993200447,126.60582570343507,-31.05383577143058,0.21518987341772153,False,-1299.25
all_loss,1D,reliability_asset_strategy_win,ge,0.2910004813364106,0.3,,,,,576,0.6998784933171325,116,256,116,204,-103.2727736350052,157.9724857992896,-54.69971216428442,0.2013888888888889,196,0.7025089605734767,48,90,48,58,-87.36266900964665,112.58959479536075,-25.22692578571407,0.24489795918367346,False,-1301.0
low_mfe_loss,1D,reliability_asset_strategy_win,le,0.459540486044784,0.8,,,,,661,0.8031591737545565,95,240,130,291,-105.92024313307698,174.94042118843294,-69.02017805535598,0.1437216338880484,230,0.8243727598566308,43,83,49,98,-84.56727278914556,114.93299784629029,-30.36572505714471,0.18695652173913044,False,-1303.75
severe_mae_loss,1D,trailing_giveback,le,0.8576054056457244,0.5,,,,,412,0.5006075334143378,0,149,94,169,-40.60154408857212,87.95215923857131,-47.35061514999921,0.0,156,0.5591397849462365,0,71,38,47,-85.34250262036343,106.52245429893647,-21.179951678573026,0.0,False,-1306.0
low_mfe_loss,1D,trailing_giveback,le,0.874697740561679,0.7,,,,,581,0.7059538274605103,91,225,126,230,-90.56512269857667,155.69043109857515,-65.12530839999846,0.1566265060240964,223,0.7992831541218638,44,93,49,81,-101.38735924536124,128.96670823107746,-27.579348985716237,0.19730941704035873,False,-1308.0
severe_mae_loss,1D,decision_hour,le,18.0,0.6,,,,,509,0.6184690157958688,0,178,85,246,-69.5025287245023,114.34680406557362,-44.84427534107134,0.0,162,0.5806451612903226,0,54,31,77,-35.480407789141665,54.74462098914209,-19.264213200000423,0.0,False,-1311.75
low_mfe_loss,1D,reliability_asset_strategy_mean_r,ge,0.1569651527438252,0.4,,,,,494,0.6002430133657352,72,223,94,177,-106.8303388142885,150.3808667428586,-43.55052792857009,0.145748987854251,189,0.6774193548387096,37,86,43,60,-88.23250264071945,112.37116581929187,-24.138663178572425,0.19576719576719576,False,-1312.75
severe_mae_loss,1D,stability,le,0.2566054712996296,0.6,,,,,494,0.6002430133657352,0,169,107,218,-68.1682663437906,122.7491725420032,-54.5809061982126,0.0,166,0.5949820788530465,0,59,42,65,-56.649200376289,82.59510579057614,-25.94590541428712,0.0,False,-1313.0
all_loss,1D,trailing_giveback,le,0.8967585507542115,0.8,,,,,671,0.8153098420413123,143,252,143,276,-98.79692633236245,170.8329006948611,-72.03597436249868,0.21311475409836064,250,0.8960573476702509,54,104,54,92,-101.7951981916473,133.97389824879193,-32.17870005714462,0.216,False,-1317.25
all_loss,1D,reliability_asset_strategy_win,le,0.6624451987404646,0.9,,,,,740,0.8991494532199271,144,269,144,327,-115.64332020093471,190.87690718486115,-75.23358698392646,0.1945945945945946,248,0.8888888888888888,55,95,55,98,-97.56774353307577,129.9807971616492,-32.41305362857348,0.2217741935483871,False,-1321.0
all_loss,1D,reliability_strategy_win,ge,0.2731983805668016,0.1,,,,,782,0.9501822600243013,157,314,157,311,-120.04046700379175,197.01691283057582,-76.97644582678407,0.20076726342711,132,0.4731182795698925,30,61,30,41,-31.046170691784916,44.82787426321339,-13.781703571428473,0.22727272727272727,False,-1321.5
low_mfe_loss,1D,reliability_win,le,0.3761738273374446,0.8,,,,,658,0.7995139732685298,94,237,130,291,-106.46311744736285,175.9322670027187,-69.46914955535587,0.14285714285714285,237,0.8494623655913979,45,88,51,98,-95.55198993200447,126.60582570343507,-31.05383577143058,0.189873417721519,False,-1323.75
low_mfe_loss,1D,quality,ge,0.7163555457730956,0.2,,,,,658,0.7995139732685298,87,244,120,294,-108.8563198509344,171.87008470628967,-63.013764855355255,0.13221884498480244,203,0.7275985663082437,37,77,42,84,-85.0307196462897,111.78933463200526,-26.758614985715575,0.18226600985221675,False,-1324.25
all_loss,1D,trailing_win_rate,le,0.6666666666666666,0.9,,,,,741,0.9003645200486027,144,270,144,327,-113.04157580807677,186.8013556491466,-73.75977984106984,0.19433198380566802,248,0.8888888888888888,55,95,55,98,-96.81952932486166,129.23258295343516,-32.41305362857348,0.2217741935483871,False,-1325.25
low_mfe_loss,1D,rank_score,ge,0.4137125336302984,0.4,,,,,494,0.6002430133657352,71,225,94,175,-102.54192868143087,146.8852585600012,-44.34332987857033,0.1437246963562753,160,0.5734767025089605,26,79,32,49,-87.17794749178988,105.03144749179035,-17.85350000000046,0.1625,False,-1326.5
low_mfe_loss,1D,trailing_win_rate,ge,0.30716723549488056,0.4,,,,,495,0.6014580801944107,75,231,97,167,-96.59952311714468,139.19688992428667,-42.59736680714196,0.15151515151515152,173,0.6200716845878136,35,84,42,47,-70.78151279536027,92.7817000453602,-22.000187249999904,0.2023121387283237,False,-1328.0
low_mfe_loss,1D,expected_r,le,0.45361065785615307,0.8,,,,,659,0.8007290400972054,96,247,136,276,-93.87562003593374,161.92648954128987,-68.05086950535612,0.1456752655538695,229,0.8207885304659498,49,88,56,85,-72.94857765593109,105.68863842736103,-32.740060771429945,0.21397379912663755,False,-1332.0
all_loss,1D,reliability_win,le,0.6014302970055891,0.9,,,,,740,0.8991494532199271,142,271,142,327,-117.29860248664893,191.18061089914693,-73.882008412498,0.1918918918918919,248,0.8888888888888888,55,95,55,98,-97.56774353307577,129.9807971616492,-32.41305362857348,0.2217741935483871,False,-1335.0
all_loss,1D,quality,le,0.8400000000000001,0.8,,,,,673,0.8177399756986634,138,274,138,261,-93.37442526721878,157.01320772971764,-63.63878246249886,0.2050520059435364,230,0.8243727598566308,59,98,59,73,-76.41755217393265,107.8914383025047,-31.473886128572047,0.2565217391304348,False,-1337.75
low_mfe_loss,1D,expected_r,ge,0.161674278018405,0.4,,,,,499,0.606318347509113,72,229,95,175,-109.0228665100029,152.63166099571575,-43.608794485712856,0.14428857715430862,178,0.6379928315412187,35,85,41,52,-90.64216551179098,114.243871511792,-23.601706000001023,0.19662921348314608,False,-1339.25
low_mfe_loss,1D,rank_score,le,0.5719960562151344,0.8,,,,,658,0.7995139732685298,100,244,139,275,-92.41695370021962,161.65915091986108,-69.24219721964145,0.1519756838905775,233,0.8351254480286738,49,92,56,85,-71.0841847987886,103.82424557021855,-32.740060771429945,0.21030042918454936,False,-1340.75
all_loss,1D,expected_r,ge,0.126843373535016,0.3,,,,,578,0.7023086269744836,112,255,112,211,-108.48266117429145,162.5005196600043,-54.01785848571286,0.19377162629757785,196,0.7025089605734767,44,91,44,61,-93.51251177750532,117.83580206322057,-24.32329028571525,0.22448979591836735,False,-1341.5
low_mfe_loss,1D,trailing_giveback,ge,0.8275796734142848,0.2,,,,,659,0.8007290400972054,95,260,129,270,-108.48011186164847,173.61546773843244,-65.13535587678396,0.1441578148710167,202,0.7240143369175627,39,76,47,79,-56.57043657128676,85.4729777355738,-28.902541164287054,0.19306930693069307,False,-1344.25
severe_mae_loss,1D,reliability_strategy_mean_r,le,0.11093802037669297,0.5,,,,,447,0.543134872417983,0,180,101,166,-79.60932789307611,128.9547132555742,-49.3453853624981,0.0,127,0.4551971326164875,0,61,33,33,-43.19224202378931,59.40499565236107,-16.21275362857176,0.0,False,-1351.5
all_loss,1D,trailing_win_rate,ge,0.28721174004192873,0.3,,,,,580,0.7047387606318347,119,262,119,199,-100.98254423500433,155.89048772071772,-54.907943485713396,0.20517241379310344,202,0.7240143369175627,49,95,49,58,-90.53356861678974,117.01533250964677,-26.481763892857003,0.24257425742574257,False,-1352.5
low_mfe_loss,1D,stability,le,0.44472442584298566,0.8,,,,,683,0.8298906439854192,101,259,142,282,-102.98292246450538,175.81253482700407,-72.82961236249871,0.1478770131771596,214,0.7670250896057348,46,84,52,78,-70.15455801307394,101.66395807021851,-31.509400057144532,0.21495327102803738,False,-1353.25
all_loss,1D,reliability_strategy_mean_r,ge,0.07630568207694308,0.1,,,,,741,0.9003645200486027,138,292,138,311,-113.67834743236244,183.94610397343263,-70.26775654107021,0.1862348178137652,215,0.7706093189964157,45,79,45,91,-74.15357461057337,102.52700434628953,-28.373429735716147,0.20930232558139536,False,-1355.0
severe_mae_loss,1D,reliability_strategy_mean_r,ge,0.10973021099308534,0.4,,,,,498,0.6051032806804374,0,187,85,226,-77.7302698387195,121.92746997229074,-44.197200133571265,0.0,152,0.5448028673835126,0,56,31,65,-63.16593559642987,83.25282131071661,-20.08688571428675,0.0,False,-1358.5
low_mfe_loss,1D,reliability_expected_r,ge,0.09587491488518873,0.4,,,,,494,0.6002430133657352,71,227,94,173,-107.11186569928827,150.14544579214407,-43.03358009285581,0.1437246963562753,187,0.6702508960573477,35,88,41,58,-91.68910965857671,114.34138469429192,-22.652275035715213,0.18716577540106952,False,-1359.25
low_mfe_loss,1D,stability,ge,0.14975745898888393,0.4,,,,,496,0.6026731470230863,72,227,94,175,-104.89057067071747,148.689268763573,-43.79869809285556,0.14516129032258066,184,0.6594982078853047,34,88,41,55,-93.08649563464817,115.61799063464909,-22.531495000000916,0.18478260869565216,False,-1362.0
severe_mae_loss,1D,reliability_asset_strategy_mean_r,ge,0.1973429665689098,0.5,,,,,412,0.5006075334143378,0,195,74,143,-91.2567345071446,125.35636857857232,-34.099634071427715,0.0,132,0.4731182795698925,0,56,33,43,-46.366058250001664,63.39873507143006,-17.032676821428403,0.0,False,-1364.0
all_loss,1D,rank_score,le,0.6081325952642994,0.9,,,,,740,0.8991494532199271,151,279,151,310,-105.65557186450557,180.3874994412901,-74.73192757678453,0.20405405405405405,245,0.8781362007168458,57,100,57,88,-77.49707004878829,110.5933022487897,-33.096232200001396,0.23265306122448978,False,-1367.25
low_mfe_loss,1D,reliability_expected_r,le,0.24513895111390224,0.8,,,,,658,0.7995139732685298,99,247,140,271,-93.0796557216488,161.41240829843224,-68.33275257678346,0.15045592705167174,227,0.8136200716845878,48,93,55,79,-74.7985705130739,107.13350271307539,-32.33493220000149,0.21145374449339208,False,-1368.25
low_mfe_loss,1D,decision_hour,ge,10.0,0.3,,,,,596,0.724179829890644,96,252,128,216,-98.41126815328948,157.92112234757295,-59.509854194283484,0.1610738255033557,213,0.7634408602150538,47,91,55,67,-87.46130670593399,116.71496915593565,-29.25366245000163,0.22065727699530516,False,-1368.25
all_loss,1D,reliability_score,le,0.27630626870155034,0.9,,,,,741,0.9003645200486027,146,275,146,320,-110.32471004307686,183.02614833414714,-72.70143829107029,0.1970310391363023,244,0.8745519713261649,52,97,52,95,-80.78277426307304,112.23336003450359,-31.45058577143054,0.21311475409836064,False,-1372.25
all_loss,1D,stability,le,0.5485997582722664,0.9,,,,,758,0.9210206561360875,150,295,150,313,-113.53047206450526,188.18818356986105,-74.65771150535582,0.19788918205804748,235,0.8422939068100358,57,93,57,85,-73.890965763074,106.98719796307543,-33.096232200001396,0.2425531914893617,False,-1380.25
severe_mae_loss,1D,trailing_giveback,ge,0.8494403079273415,0.4,,,,,497,0.6038882138517618,0,204,91,202,-94.36369190093461,138.39300462771834,-44.02931272678376,0.0,139,0.4982078853046595,0,51,29,59,-25.080501428427223,41.21514623556989,-16.13464480714267,0.0,False,-1383.0
low_mfe_loss,1D,reliability_asset_strategy_mean_r,le,0.41417781315300256,0.8,,,,,670,0.8140947752126367,99,250,138,282,-91.57251115021903,157.91773515557443,-66.34522400535542,0.14776119402985075,228,0.8172043010752689,48,93,55,80,-74.7985705130739,107.13350271307539,-32.33493220000149,0.21052631578947367,False,-1383.5
severe_mae_loss,1D,reliability_expected_r,le,0.1395124803801714,0.6,,,,,495,0.6014580801944107,0,163,114,218,-59.940199053789854,117.84541863057417,-57.90521957678431,0.0,169,0.6057347670250897,0,71,34,64,-65.21193747736032,86.27376003450469,-21.061822557144364,0.0,False,-1386.0
all_loss,1D,decision_hour,ge,7.0,0.2,,,,,662,0.804374240583232,133,279,133,250,-114.25643405021769,175.975730484144,-61.71929643392631,0.20090634441087613,238,0.8530465949820788,58,99,58,81,-93.57032143807695,125.93664863807852,-32.366327200001564,0.24369747899159663,False,-1386.0
all_loss,1D,reliability_asset_strategy_win,ge,0.2711849864472477,0.2,,,,,661,0.8031591737545565,132,281,132,248,-107.78724067429098,170.94264655286085,-63.155405878569866,0.19969742813918306,214,0.7670250896057348,52,94,52,68,-86.44689245964663,114.73798174536078,-28.291089285714126,0.24299065420560748,False,-1386.75
low_mfe_loss,1D,reliability_score,ge,-0.019076476753512116,0.4,,,,,494,0.6002430133657352,72,233,96,165,-103.96018347071578,146.97889570642872,-43.01871223571293,0.145748987854251,177,0.6344086021505376,33,88,40,49,-92.36102663464789,112.72123667036185,-20.360210035713962,0.1864406779661017,False,-1389.75
severe_mae_loss,1D,reliability_strategy_win,ge,0.30622738525995047,0.5,,,,,414,0.503037667071689,0,200,80,134,-69.8074274564303,103.74606640642976,-33.93863894999947,0.0,123,0.44086021505376344,0,57,29,37,-27.240552977498936,40.94713654892739,-13.706583571428448,0.0,False,-1390.25
severe_mae_loss,1D,expected_r,le,0.28996695527258154,0.6,,,,,497,0.6038882138517618,0,172,105,220,-66.77397888236182,120.12768245914626,-53.353703576784454,0.0,174,0.6236559139784946,0,67,42,65,-63.81323694164632,89.75914235593346,-25.94590541428712,0.0,False,-1391.75
all_loss,1D,reliability_strategy_mean_r,le,0.1510826192894883,0.8,,,,,694,0.8432563791008505,144,279,144,271,-115.2380342180768,185.50525129486084,-70.26721707678405,0.207492795389049,241,0.8637992831541219,61,105,61,75,-100.21840369164912,134.13869303450764,-33.920289342858524,0.25311203319502074,False,-1391.75
low_mfe_loss,1D,reliability_win,ge,0.2774425059218657,0.3,,,,,577,0.701093560145808,86,260,113,204,-104.64614941357704,157.7556908635753,-53.10954144999827,0.14904679376083188,175,0.6272401433691757,37,81,44,50,-83.49728147393208,104.90142161678912,-21.404140142857035,0.21142857142857144,False,-1396.0
all_loss,1D,stability,ge,0.11245498270748465,0.3,,,,,577,0.701093560145808,109,258,109,210,-111.81866127072021,164.12827689929028,-52.30961562857009,0.18890814558058924,215,0.7706093189964157,48,98,48,69,-95.00079524536284,123.0732859596495,-28.07249071428665,0.22325581395348837,False,-1399.0
severe_mae_loss,1D,rank_score,le,0.47499746846600327,0.6,,,,,494,0.6002430133657352,0,168,109,217,-63.87093409664678,120.37074360200266,-56.49980950535586,0.0,176,0.6308243727598566,0,70,42,64,-64.550275155932,90.41767664164769,-25.8674014857157,0.0,False,-1399.5
all_loss,1D,reliability_asset_strategy_mean_r,le,0.4610616472145215,0.9,,,,,742,0.9015795868772782,153,286,153,303,-112.73882204307728,186.60701747700398,-73.86819543392669,0.20619946091644206,241,0.8637992831541219,55,100,55,86,-79.31196872735887,111.64690092736036,-32.33493220000149,0.22821576763485477,False,-1400.75
severe_mae_loss,1D,reliability_asset_strategy_mean_r,le,0.23053020459079532,0.6,,,,,496,0.6026731470230863,0,167,112,217,-62.806207025218576,120.05479795914586,-57.24859093392729,0.0,170,0.6093189964157706,0,71,34,65,-65.21193747736032,86.27376003450469,-21.061822557144364,0.0,False,-1402.5
all_loss,1D,reliability_expected_r,ge,0.07339858947124882,0.3,,,,,577,0.701093560145808,112,253,112,212,-109.88776858143392,163.28140624571807,-53.393637664284164,0.19410745233968804,219,0.7849462365591398,48,102,48,69,-97.55186978107727,125.73931906679253,-28.187449285715243,0.2191780821917808,False,-1403.0
all_loss,1D,reliability_score,ge,-0.05612360587640852,0.3,,,,,577,0.701093560145808,115,259,115,203,-108.29786622428851,162.16154317428692,-53.863676949998414,0.19930675909878684,214,0.7670250896057348,48,101,48,65,-97.74749278107703,124.67482792393521,-26.927335142858173,0.22429906542056074,False,-1408.75
all_loss,1D,reliability_expected_r,le,0.27551975578017085,0.9,,,,,740,0.8991494532199271,150,288,150,302,-117.79590579307705,189.81958336986088,-72.02367757678383,0.20270270270270271,240,0.8602150537634409,55,99,55,86,-78.66959158450203,111.00452378450352,-32.33493220000149,0.22916666666666666,False,-1409.0
all_loss,1D,rank_score,ge,0.3845722601648459,0.3,,,,,577,0.701093560145808,114,254,114,209,-114.22114956000324,169.31693015285788,-55.09578059285466,0.1975736568457539,205,0.7347670250896058,42,99,42,64,-96.61442019179012,121.79517804893342,-25.18075785714333,0.2048780487804878,False,-1409.5
all_loss,1D,reliability_asset_strategy_mean_r,ge,0.11457466774677837,0.3,,,,,578,0.7023086269744836,114,255,114,209,-113.94604768857705,169.71027153143277,-55.7642238428557,0.1972318339100346,217,0.7777777777777778,47,102,47,68,-98.38580978107721,124.80910485250668,-26.423295071429457,0.21658986175115208,False,-1410.75
low_mfe_loss,1D,reliability_strategy_win,ge,0.2739559235358578,0.2,,,,,701,0.8517618469015796,105,292,142,267,-103.8142461043591,171.6914866547149,-67.8772405503558,0.14978601997146934,132,0.4731182795698925,23,61,30,41,-31.046170691784916,44.82787426321339,-13.781703571428473,0.17424242424242425,False,-1411.25
severe_mae_loss,1D,reliability_strategy_win,le,0.3073463268365817,0.6,,,,,530,0.6439854191980559,0,191,101,238,-89.87813839379093,142.19706380628935,-52.31892541249844,0.0,156,0.5591397849462365,0,60,35,61,-79.11762464272024,101.71068041415032,-22.593055771430063,0.0,False,-1415.5
severe_mae_loss,1D,reliability_strategy_mean_r,le,0.11197295753630912,0.6,,,,,504,0.6123936816524909,0,193,118,193,-76.57232862521906,134.41607927343128,-57.843750648212236,0.0,127,0.4551971326164875,0,61,33,33,-43.19224202378931,59.40499565236107,-16.21275362857176,0.0,False,-1417.75
severe_mae_loss,1D,rank_score,ge,0.44349626195741826,0.5,,,,,412,0.5006075334143378,0,196,78,138,-88.69233629928787,125.03111089214414,-36.338774592856275,0.0,133,0.4767025089605735,0,63,28,42,-72.4293173728611,88.23129951571877,-15.80198214285765,0.0,False,-1424.25
all_loss,1D,reliability_win,ge,0.2655132009803008,0.2,,,,,658,0.7995139732685298,136,283,136,239,-107.26788456714806,171.71267701714652,-64.44479244999849,0.2066869300911854,217,0.7777777777777778,51,100,51,66,-92.15883174536089,120.15546845964641,-27.996636714285533,0.2350230414746544,False,-1436.75
low_mfe_loss,1D,reliability_asset_strategy_win,ge,0.2910004813364106,0.3,,,,,576,0.6998784933171325,88,256,116,204,-103.2727736350052,157.9724857992896,-54.69971216428442,0.1527777777777778,196,0.7025089605734767,39,90,48,58,-87.36266900964665,112.58959479536075,-25.22692578571407,0.1989795918367347,False,-1439.0
severe_mae_loss,1D,reliability_win,ge,0.29776452395286457,0.5,,,,,412,0.5006075334143378,0,198,80,134,-79.10375403500194,113.1599279135726,-34.05617387857069,0.0,133,0.4767025089605735,0,64,35,34,-48.31775670607297,66.25703849178723,-17.93928178571426,0.0,False,-1440.25
all_loss,1D,reliability_expected_r,ge,0.055337280360104116,0.2,,,,,659,0.8007290400972054,131,273,131,255,-114.5271014385775,177.93682571000426,-63.40972427142679,0.19878603945371776,238,0.8530465949820788,56,107,56,75,-98.96615378107725,131.45105485250699,-32.484901071429746,0.23529411764705882,False,-1443.25
all_loss,1D,trailing_giveback,le,0.9101692267290301,0.9,,,,,744,0.9040097205346294,148,283,148,313,-111.71264009307622,185.366401598432,-73.6537615053558,0.1989247311827957,260,0.931899641577061,58,107,58,95,-102.57552444164679,135.91629592736314,-33.34077148571635,0.2230769230769231,False,-1447.0
severe_mae_loss,1D,quality,le,0.7995731733677752,0.6,,,,,494,0.6002430133657352,0,189,111,194,-56.61883790521823,109.4778037605748,-52.85896585535658,0.0,166,0.5949820788530465,0,66,47,53,-33.145254834644895,56.40024769178796,-23.254992857143073,0.0,False,-1449.0
all_loss,1D,trailing_win_rate,ge,0.272264631043257,0.2,,,,,662,0.804374240583232,133,287,133,242,-117.87628251714935,180.43666607429026,-62.56038355714092,0.20090634441087613,212,0.7598566308243727,50,98,50,64,-94.45419147393312,122.45395536679082,-27.99976389285769,0.2358490566037736,False,-1451.5
low_mfe_loss,1D,reliability_strategy_win,le,0.6332662721893492,0.9,,,,,748,0.9088699878493317,108,274,147,327,-112.30821264736238,186.99990320271812,-74.69169055535575,0.1443850267379679,237,0.8494623655913979,45,88,51,98,-95.55198993200447,126.60582570343507,-31.05383577143058,0.189873417721519,False,-1452.25
all_loss,1D,expected_r,le,0.5863367022891707,0.9,,,,,755,0.9173754556500607,148,293,148,314,-112.86613616450575,184.62313695557606,-71.75700079107031,0.19602649006622516,250,0.8960573476702509,57,102,57,91,-79.04193290593082,112.13816510593222,-33.096232200001396,0.228,False,-1453.25
all_loss,1D,reliability_asset_strategy_mean_r,ge,0.0818494506114442,0.2,,,,,660,0.8019441069258809,132,274,132,254,-114.60518715286358,178.19609742429012,-63.59091027142654,0.2,233,0.8351254480286738,53,106,53,74,-100.19078242393468,129.8612802810783,-29.670497857143626,0.22746781115879827,False,-1453.25
severe_mae_loss,1D,reliability_asset_strategy_win,ge,0.3265411458233644,0.5,,,,,414,0.503037667071689,0,202,78,134,-84.66830803143121,118.42730405285869,-33.75899602142748,0.0,129,0.46236559139784944,0,64,32,33,-50.17360584893002,66.20418334892993,-16.03057749999992,0.0,False,-1455.75
severe_mae_loss,1D,stability,ge,0.19671842966445863,0.5,,,,,415,0.5042527339003645,0,194,73,148,-80.35362549214501,112.92357079928681,-32.569945307141786,0.0,140,0.5017921146953405,0,68,32,40,-55.798031116787556,72.61065790250174,-16.81262678571417,0.0,False,-1458.75
all_loss,1D,expected_r,ge,0.07848740026365177,0.2,,,,,658,0.7995139732685298,133,275,133,250,-109.54656613857802,173.77791633857575,-64.23135019999772,0.20212765957446807,245,0.8781362007168458,55,108,55,82,-99.47712813821926,131.89908313822053,-32.42195500000127,0.22448979591836735,False,-1460.75
all_loss,1D,stability,ge,0.08985034339192623,0.2,,,,,658,0.7995139732685298,130,275,130,253,-110.4200316171495,173.5328425314329,-63.11281091428337,0.19756838905775076,234,0.8387096774193549,52,105,52,77,-100.36936099536322,129.73445170964973,-29.365090714286506,0.2222222222222222,False,-1461.0
severe_mae_loss,1D,quality,ge,0.76,0.4,,,,,501,0.6087484811664642,0,192,88,221,-92.25051822593035,138.1901478670007,-45.93962964107037,0.0,169,0.6057347670250897,0,66,30,73,-80.78160928557466,101.86862469986151,-21.087015414286856,0.0,False,-1463.5
all_loss,1D,decision_hour,le,21.0,0.8,,,,,754,0.9161603888213852,154,293,154,307,-126.94521230450542,201.6851995741465,-74.73998726964106,0.20424403183023873,264,0.946236559139785,62,109,62,93,-99.10893833450403,134.6983705345055,-35.58943220000149,0.23484848484848486,False,-1464.5
all_loss,1D,decision_hour,le,21.0,0.9,,,,,754,0.9161603888213852,154,293,154,307,-126.94521230450542,201.6851995741465,-74.73998726964106,0.20424403183023873,264,0.946236559139785,62,109,62,93,-99.10893833450403,134.6983705345055,-35.58943220000149,0.23484848484848486,False,-1464.5
all_loss,1D,reliability_score,ge,-0.08565533530457692,0.2,,,,,658,0.7995139732685298,134,281,134,243,-117.1243251528629,181.02908746000423,-63.90476230714133,0.20364741641337386,241,0.8637992831541219,59,109,59,73,-99.30671374536331,131.97002088822126,-32.66330714285799,0.24481327800829875,False,-1464.75
low_mfe_loss,1D,expected_r,ge,0.126843373535016,0.3,,,,,578,0.7023086269744836,83,255,112,211,-108.48266117429145,162.5005196600043,-54.01785848571286,0.14359861591695502,196,0.7025089605734767,37,91,44,61,-93.51251177750532,117.83580206322057,-24.32329028571525,0.18877551020408162,False,-1470.5
all_loss,1D,decision_hour,ge,3.0,0.1,,,,,752,0.913730255164034,156,304,156,292,-120.61558608593435,195.416720662718,-74.80113457678365,0.2074468085106383,259,0.9283154121863799,63,106,63,90,-92.35395500950585,128.33320435236436,-35.97924934285854,0.24324324324324326,False,-1470.75
low_mfe_loss,1D,trailing_giveback,le,0.8967585507542115,0.8,,,,,671,0.8153098420413123,103,252,143,276,-98.79692633236245,170.8329006948611,-72.03597436249868,0.15350223546944858,250,0.8960573476702509,48,104,54,92,-101.7951981916473,133.97389824879193,-32.17870005714462,0.192,False,-1473.25
all_loss,1D,trailing_giveback,ge,0.7836478161220687,0.1,,,,,741,0.9003645200486027,146,291,146,304,-119.44263409307695,193.14227341986108,-73.69963932678414,0.1970310391363023,244,0.8745519713261649,52,102,52,90,-84.1657658548601,114.89725059057567,-30.731484735715544,0.21311475409836064,False,-1476.25
low_mfe_loss,1D,reliability_asset_strategy_win,le,0.6624451987404646,0.9,,,,,740,0.8991494532199271,105,269,144,327,-115.64332020093471,190.87690718486115,-75.23358698392646,0.14189189189189189,248,0.8888888888888888,48,95,55,98,-97.56774353307577,129.9807971616492,-32.41305362857348,0.1935483870967742,False,-1480.0
low_mfe_loss,1D,trailing_win_rate,le,0.6666666666666666,0.9,,,,,741,0.9003645200486027,105,270,144,327,-113.04157580807677,186.8013556491466,-73.75977984106984,0.1417004048582996,248,0.8888888888888888,48,95,55,98,-96.81952932486166,129.23258295343516,-32.41305362857348,0.1935483870967742,False,-1484.25
severe_mae_loss,1D,reliability_score,ge,0.017944480852766842,0.5,,,,,415,0.5042527339003645,0,201,77,137,-84.19059971357322,116.40920523500121,-32.218605521428,0.0,138,0.4946236559139785,0,68,35,35,-73.0971229917891,90.04934334893183,-16.95222035714272,0.0,False,-1486.25
low_mfe_loss,1D,reliability_strategy_win,ge,0.2731983805668016,0.1,,,,,782,0.9501822600243013,115,314,157,311,-120.04046700379175,197.01691283057582,-76.97644582678407,0.14705882352941177,132,0.4731182795698925,23,61,30,41,-31.046170691784916,44.82787426321339,-13.781703571428473,0.17424242424242425,False,-1489.5
severe_mae_loss,1D,trailing_win_rate,ge,0.32545931758530183,0.5,,,,,412,0.5006075334143378,0,196,80,136,-74.18516040285873,108.0234489242867,-33.838288521427955,0.0,139,0.4982078853046595,0,71,32,36,-57.47568742035902,73.50626492035894,-16.03057749999992,0.0,False,-1489.75
low_mfe_loss,1D,quality,le,0.8400000000000001,0.8,,,,,673,0.8177399756986634,103,274,138,261,-93.37442526721878,157.01320772971764,-63.63878246249886,0.15304606240713226,230,0.8243727598566308,51,98,59,73,-76.41755217393265,107.8914383025047,-31.473886128572047,0.2217391304347826,False,-1490.75
low_mfe_loss,1D,reliability_win,le,0.6014302970055891,0.9,,,,,740,0.8991494532199271,104,271,142,327,-117.29860248664893,191.18061089914693,-73.882008412498,0.14054054054054055,248,0.8888888888888888,48,95,55,98,-97.56774353307577,129.9807971616492,-32.41305362857348,0.1935483870967742,False,-1491.0
low_mfe_loss,1D,trailing_win_rate,ge,0.28721174004192873,0.3,,,,,580,0.7047387606318347,88,262,119,199,-100.98254423500433,155.89048772071772,-54.907943485713396,0.15172413793103448,202,0.7240143369175627,40,95,49,58,-90.53356861678974,117.01533250964677,-26.481763892857003,0.19801980198019803,False,-1499.5
severe_mae_loss,1D,reliability_expected_r,ge,0.11973611964320728,0.5,,,,,412,0.5006075334143378,0,194,72,146,-96.8285652535728,129.52328375357183,-32.69471849999905,0.0,150,0.5376344086021505,0,73,35,42,-81.02175051786253,99.79119266071929,-18.769442142856786,0.0,False,-1500.5
low_mfe_loss,1D,reliability_strategy_mean_r,ge,0.07630568207694308,0.1,,,,,741,0.9003645200486027,101,292,138,311,-113.67834743236244,183.94610397343263,-70.26775654107021,0.13630229419703105,215,0.7706093189964157,39,79,45,91,-74.15357461057337,102.52700434628953,-28.373429735716147,0.1813953488372093,False,-1502.0
all_loss,1D,reliability_score,ge,-0.1170286712992689,0.1,,,,,740,0.8991494532199271,153,299,153,288,-118.32577250286297,192.19817706000356,-73.87240455714056,0.20675675675675675,253,0.9068100358422939,61,111,61,81,-99.84853088821944,134.00782374536345,-34.15929285714405,0.24110671936758893,False,-1507.25
severe_mae_loss,1D,expected_r,ge,0.2023301025242247,0.5,,,,,415,0.5042527339003645,0,198,73,144,-90.95803024643199,124.30589699643048,-33.3478667499985,0.0,156,0.5591397849462365,0,72,36,48,-58.427778607146294,79.47537567857606,-21.047597071429763,0.0,False,-1510.75
severe_mae_loss,1D,reliability_strategy_win,ge,0.2792262732483457,0.4,,,,,494,0.6002430133657352,0,217,101,176,-67.63975613143015,112.2854843742866,-44.645728242856435,0.0,131,0.46953405017921146,0,61,30,40,-31.04617069178492,44.82787426321339,-13.781703571428473,0.0,False,-1512.25
all_loss,1D,quality,le,0.9188283664440076,0.9,,,,,741,0.9003645200486027,149,303,149,289,-112.38942156450749,183.4158634984339,-71.02644193392644,0.20107962213225372,257,0.921146953405018,61,108,61,88,-96.67902322736123,128.82891221307608,-32.14988898571487,0.23735408560311283,False,-1512.5
severe_mae_loss,1D,reliability_win,le,0.34629591770185414,0.7,,,,,576,0.6998784933171325,0,197,118,261,-86.64715777593366,150.73449297414632,-64.08733519821267,0.0,189,0.6774193548387096,0,67,45,77,-63.82872386057433,91.99055606057577,-28.161832200001435,0.0,False,-1515.25
all_loss,1D,reliability_win,ge,0.2572510157730984,0.1,,,,,740,0.8991494532199271,149,303,149,288,-122.79039911000422,193.77360938143107,-70.98321027142686,0.20135135135135135,234,0.8387096774193549,56,106,56,72,-97.47433780250458,129.22503780250523,-31.750700000000656,0.23931623931623933,False,-1520.5
all_loss,1D,trailing_win_rate,ge,0.24832869080779946,0.1,,,,,740,0.8991494532199271,152,303,152,285,-121.06571232429175,194.44856188143268,-73.38284955714093,0.20540540540540542,250,0.8960573476702509,61,111,61,78,-100.26206923107729,134.7131335167926,-34.45106428571533,0.244,False,-1525.5
low_mfe_loss,1D,reliability_expected_r,ge,0.07339858947124882,0.3,,,,,577,0.701093560145808,85,253,112,212,-109.88776858143392,163.28140624571807,-53.393637664284164,0.14731369150779897,219,0.7849462365591398,41,102,48,69,-97.55186978107727,125.73931906679253,-28.187449285715243,0.1872146118721461,False,-1526.0
severe_mae_loss,1D,reliability_asset_strategy_win,le,0.40072083424055294,0.7,,,,,578,0.7023086269744836,0,200,118,260,-85.71418074736262,150.05310965986106,-64.33892891249842,0.0,190,0.6810035842293907,0,67,46,77,-63.423368146288325,92.83295034629002,-29.409582200001694,0.0,False,-1528.0
low_mfe_loss,1D,stability,ge,0.11245498270748465,0.3,,,,,577,0.701093560145808,82,258,109,210,-111.81866127072021,164.12827689929028,-52.30961562857009,0.14211438474870017,215,0.7706093189964157,40,98,48,69,-95.00079524536284,123.0732859596495,-28.07249071428665,0.18604651162790697,False,-1528.0
low_mfe_loss,1D,reliability_asset_strategy_mean_r,ge,0.11457466774677837,0.3,,,,,578,0.7023086269744836,85,255,114,209,-113.94604768857705,169.71027153143277,-55.7642238428557,0.14705882352941177,217,0.7777777777777778,41,102,47,68,-98.38580978107721,124.80910485250668,-26.423295071429457,0.1889400921658986,False,-1533.75
all_loss,1D,reliability_asset_strategy_mean_r,ge,0.031966292844013824,0.1,,,,,740,0.8991494532199271,152,300,152,288,-120.15036707429154,193.8925752028606,-73.74220812856908,0.20540540540540542,276,0.989247311827957,64,115,64,97,-103.61506499164784,139.91470433450633,-36.29963934285851,0.2318840579710145,False,-1534.0
low_mfe_loss,1D,decision_hour,ge,7.0,0.2,,,,,662,0.804374240583232,99,279,133,250,-114.25643405021769,175.975730484144,-61.71929643392631,0.14954682779456194,238,0.8530465949820788,50,99,58,81,-93.57032143807695,125.93664863807852,-32.366327200001564,0.21008403361344538,False,-1536.0
low_mfe_loss,1D,reliability_score,le,0.27630626870155034,0.9,,,,,741,0.9003645200486027,105,275,146,320,-110.32471004307686,183.02614833414714,-72.70143829107029,0.1417004048582996,244,0.8745519713261649,45,97,52,95,-80.78277426307304,112.23336003450359,-31.45058577143054,0.18442622950819673,False,-1537.25
all_loss,1D,reliability_expected_r,ge,0.031401115543752356,0.1,,,,,742,0.9015795868772782,151,299,151,292,-120.41960963550552,194.58790571800347,-74.16829608249799,0.20350404312668463,268,0.9605734767025089,63,115,63,90,-103.9364400487907,139.91470433450633,-35.978264285715674,0.23507462686567165,False,-1537.5
low_mfe_loss,1D,rank_score,le,0.6081325952642994,0.9,,,,,740,0.8991494532199271,108,279,151,310,-105.65557186450557,180.3874994412901,-74.73192757678453,0.14594594594594595,245,0.8781362007168458,50,100,57,88,-77.49707004878829,110.5933022487897,-33.096232200001396,0.20408163265306123,False,-1538.25
low_mfe_loss,1D,reliability_asset_strategy_win,ge,0.2711849864472477,0.2,,,,,661,0.8031591737545565,99,281,132,248,-107.78724067429098,170.94264655286085,-63.155405878569866,0.14977307110438728,214,0.7670250896057348,43,94,52,68,-86.44689245964663,114.73798174536078,-28.291089285714126,0.20093457943925233,False,-1539.75
low_mfe_loss,1D,reliability_score,ge,-0.05612360587640852,0.3,,,,,577,0.701093560145808,85,259,115,203,-108.29786622428851,162.16154317428692,-53.863676949998414,0.14731369150779897,214,0.7670250896057348,41,101,48,65,-97.74749278107703,124.67482792393521,-26.927335142858173,0.19158878504672897,False,-1540.75
low_mfe_loss,1D,rank_score,ge,0.3845722601648459,0.3,,,,,577,0.701093560145808,84,254,114,209,-114.22114956000324,169.31693015285788,-55.09578059285466,0.14558058925476602,205,0.7347670250896058,35,99,42,64,-96.61442019179012,121.79517804893342,-25.18075785714333,0.17073170731707318,False,-1541.5
severe_mae_loss,1D,decision_hour,ge,15.0,0.5,,,,,413,0.5018226002430134,0,192,93,128,-82.21497918071758,123.70546638785822,-41.49048720714064,0.0,159,0.5698924731182796,0,79,41,39,-83.20691508107726,104.22461825965,-21.017703178572717,0.0,False,-1543.0
all_loss,1D,reliability_strategy_mean_r,le,0.16677690115788216,0.9,,,,,763,0.9270959902794653,159,303,159,301,-118.98128660379083,197.00986846628876,-78.02858186249796,0.20838794233289645,279,1.0,64,117,64,98,-106.35817762021918,142.65781696307766,-36.29963934285851,0.22939068100358423,False,-1547.5
low_mfe_loss,1D,stability,le,0.5485997582722664,0.9,,,,,758,0.9210206561360875,108,295,150,313,-113.53047206450526,188.18818356986105,-74.65771150535582,0.1424802110817942,235,0.8422939068100358,50,93,57,85,-73.890965763074,106.98719796307543,-33.096232200001396,0.2127659574468085,False,-1548.25
all_loss,1D,rank_score,ge,0.3262616466952146,0.1,,,,,740,0.8991494532199271,150,301,150,289,-120.3261550657204,195.15194773714657,-74.82579267142617,0.20270270270270271,268,0.9605734767025089,61,114,61,93,-104.05353434879066,139.35949154879194,-35.305957200001295,0.22761194029850745,False,-1552.0
severe_mae_loss,1D,trailing_win_rate,le,0.4057971014492754,0.7,,,,,594,0.7217496962332929,0,210,120,264,-96.23068274736279,160.47939251700424,-64.24870976964147,0.0,188,0.6738351254480287,0,65,46,77,-62.3479674320028,91.7575496320045,-29.409582200001694,0.0,False,-1555.5
low_mfe_loss,1D,reliability_strategy_mean_r,le,0.1510826192894883,0.8,,,,,694,0.8432563791008505,106,279,144,271,-115.2380342180768,185.50525129486084,-70.26721707678405,0.15273775216138327,241,0.8637992831541219,52,105,61,75,-100.21840369164912,134.13869303450764,-33.920289342858524,0.2157676348547718,False,-1559.75
all_loss,1D,reliability_asset_strategy_win,ge,0.25269263106155654,0.1,,,,,742,0.9015795868772782,149,306,149,287,-126.1675205385766,197.89338438143233,-71.7258638428557,0.20080862533692723,248,0.8888888888888888,60,112,60,76,-100.65967374536234,134.5528237453635,-33.89315000000117,0.24193548387096775,False,-1560.5
all_loss,1D,expected_r,ge,0.036071880864820556,0.1,,,,,746,0.9064398541919806,153,301,153,292,-120.23770020864964,194.90971230900442,-74.6720121003548,0.20509383378016086,274,0.982078853046595,61,116,61,97,-103.30225976307624,138.6082169630775,-35.305957200001295,0.22262773722627738,False,-1562.0
all_loss,1D,stability,ge,0.04290265346146096,0.1,,,,,746,0.9064398541919806,153,301,153,292,-120.23770020864964,194.90971230900442,-74.6720121003548,0.20509383378016086,274,0.982078853046595,61,116,61,97,-103.30225976307624,138.6082169630775,-35.305957200001295,0.22262773722627738,False,-1562.0
all_loss,1D,rank_score,ge,0.3572763578368383,0.2,,,,,658,0.7995139732685298,123,285,123,250,-125.03914413586078,184.9005247287153,-59.861380592854516,0.18693009118541035,234,0.8387096774193549,48,108,48,78,-106.09797079879067,134.82180965593454,-28.723838857143907,0.20512820512820512,False,-1570.0
low_mfe_loss,1D,reliability_asset_strategy_mean_r,le,0.4610616472145215,0.9,,,,,742,0.9015795868772782,110,286,153,303,-112.73882204307728,186.60701747700398,-73.86819543392669,0.14824797843665768,241,0.8637992831541219,48,100,55,86,-79.31196872735887,111.64690092736036,-32.33493220000149,0.1991701244813278,False,-1571.75
severe_mae_loss,1D,reliability_score,le,0.18421042163583867,0.7,,,,,576,0.6998784933171325,0,203,120,253,-82.83147221879096,144.69532348843205,-61.86385126964112,0.0,193,0.6917562724014337,0,71,48,74,-68.169503175931,98.21626751878995,-30.046764342858957,0.0,False,-1572.25
severe_mae_loss,1D,decision_hour,le,20.0,0.7,,,,,615,0.74726609963548,0,212,112,291,-83.89849205450443,141.4051543241469,-57.50666226964247,0.0,197,0.7060931899641577,0,66,41,90,-43.69815715592807,69.20110721307272,-25.50295005714464,0.0,False,-1579.0
low_mfe_loss,1D,reliability_expected_r,le,0.27551975578017085,0.9,,,,,740,0.8991494532199271,107,288,150,302,-117.79590579307705,189.81958336986088,-72.02367757678383,0.1445945945945946,240,0.8602150537634409,48,99,55,86,-78.66959158450203,111.00452378450352,-32.33493220000149,0.2,False,-1580.0
severe_mae_loss,1D,trailing_giveback,le,0.8646121882926417,0.6,,,,,494,0.6002430133657352,0,184,112,198,-57.49570412000335,114.94693437714585,-57.45123025714251,0.0,194,0.6953405017921147,0,85,43,66,-94.68642805250448,119.0452601953636,-24.358832142859114,0.0,False,-1588.0
severe_mae_loss,1D,trailing_giveback,ge,0.8420790231420375,0.3,,,,,579,0.7035236938031592,0,233,108,238,-106.27849042950683,158.25430430629015,-51.97581387678334,0.0,161,0.5770609318996416,0,59,38,64,-27.493185356998953,49.9310294498566,-22.437844092857656,0.0,False,-1589.0
low_mfe_loss,1D,reliability_win,ge,0.2655132009803008,0.2,,,,,658,0.7995139732685298,103,283,136,239,-107.26788456714806,171.71267701714652,-64.44479244999849,0.15653495440729484,217,0.7777777777777778,42,100,51,66,-92.15883174536089,120.15546845964641,-27.996636714285533,0.1935483870967742,False,-1589.75
severe_mae_loss,1D,reliability_strategy_win,le,0.3100295778435063,0.7,,,,,599,0.7278250303766707,0,215,116,268,-93.62139077950495,153.70168097771727,-60.08029019821233,0.0,181,0.6487455197132617,0,67,45,69,-84.24545301772007,111.85622164629356,-27.610768628573474,0.0,False,-1591.0
low_mfe_loss,1D,reliability_expected_r,ge,0.055337280360104116,0.2,,,,,659,0.8007290400972054,96,273,131,255,-114.5271014385775,177.93682571000426,-63.40972427142679,0.1456752655538695,238,0.8530465949820788,48,107,56,75,-98.96615378107725,131.45105485250699,-32.484901071429746,0.20168067226890757,False,-1596.25
low_mfe_loss,1D,trailing_win_rate,ge,0.272264631043257,0.2,,,,,662,0.804374240583232,99,287,133,242,-117.87628251714935,180.43666607429026,-62.56038355714092,0.14954682779456194,212,0.7598566308243727,41,98,50,64,-94.45419147393312,122.45395536679082,-27.99976389285769,0.19339622641509435,False,-1607.5
low_mfe_loss,1D,reliability_asset_strategy_mean_r,ge,0.0818494506114442,0.2,,,,,660,0.8019441069258809,96,274,132,254,-114.60518715286358,178.19609742429012,-63.59091027142654,0.14545454545454545,233,0.8351254480286738,45,106,53,74,-100.19078242393468,129.8612802810783,-29.670497857143626,0.19313304721030042,False,-1609.25
low_mfe_loss,1D,stability,ge,0.08985034339192623,0.2,,,,,658,0.7995139732685298,95,275,130,253,-110.4200316171495,173.5328425314329,-63.11281091428337,0.14437689969604864,234,0.8387096774193549,44,105,52,77,-100.36936099536322,129.73445170964973,-29.365090714286506,0.18803418803418803,False,-1614.0
low_mfe_loss,1D,expected_r,ge,0.07848740026365177,0.2,,,,,658,0.7995139732685298,97,275,133,250,-109.54656613857802,173.77791633857575,-64.23135019999772,0.1474164133738602,245,0.8781362007168458,47,108,55,82,-99.47712813821926,131.89908313822053,-32.42195500000127,0.19183673469387755,False,-1616.75
low_mfe_loss,1D,trailing_giveback,le,0.9101692267290301,0.9,,,,,744,0.9040097205346294,107,283,148,313,-111.71264009307622,185.366401598432,-73.6537615053558,0.14381720430107528,260,0.931899641577061,50,107,58,95,-102.57552444164679,135.91629592736314,-33.34077148571635,0.19230769230769232,False,-1618.0
low_mfe_loss,1D,expected_r,le,0.5863367022891707,0.9,,,,,755,0.9173754556500607,107,293,148,314,-112.86613616450575,184.62313695557606,-71.75700079107031,0.14172185430463577,250,0.8960573476702509,50,102,57,91,-79.04193290593082,112.13816510593222,-33.096232200001396,0.2,False,-1618.25
low_mfe_loss,1D,reliability_score,ge,-0.08565533530457692,0.2,,,,,658,0.7995139732685298,98,281,134,243,-117.1243251528629,181.02908746000423,-63.90476230714133,0.14893617021276595,241,0.8637992831541219,50,109,59,73,-99.30671374536331,131.97002088822126,-32.66330714285799,0.2074688796680498,False,-1626.75
severe_mae_loss,1D,quality,ge,0.7296018613408477,0.3,,,,,576,0.6998784933171325,0,222,100,254,-106.04542234378853,157.25434212771572,-51.20891978392721,0.0,184,0.6594982078853047,0,69,36,79,-82.39557905700286,105.58532018557548,-23.18974112857262,0.0,False,-1630.0
low_mfe_loss,1D,trailing_giveback,ge,0.7836478161220687,0.1,,,,,741,0.9003645200486027,107,291,146,304,-119.44263409307695,193.14227341986108,-73.69963932678414,0.14439946018893388,244,0.8745519713261649,44,102,52,90,-84.1657658548601,114.89725059057567,-30.731484735715544,0.18032786885245902,False,-1641.25
low_mfe_loss,1D,decision_hour,le,21.0,0.8,,,,,754,0.9161603888213852,111,293,154,307,-126.94521230450542,201.6851995741465,-74.73998726964106,0.14721485411140584,264,0.946236559139785,54,109,62,93,-99.10893833450403,134.6983705345055,-35.58943220000149,0.20454545454545456,False,-1641.5
low_mfe_loss,1D,decision_hour,le,21.0,0.9,,,,,754,0.9161603888213852,111,293,154,307,-126.94521230450542,201.6851995741465,-74.73998726964106,0.14721485411140584,264,0.946236559139785,54,109,62,93,-99.10893833450403,134.6983705345055,-35.58943220000149,0.20454545454545456,False,-1641.5
all_loss,1D,quality,ge,0.58,0.1,,,,,823,1.0,167,329,167,327,-130.6540808645059,212.14414772700383,-81.49006686249797,0.20291616038882138,279,1.0,64,117,64,98,-106.35817762021918,142.65781696307766,-36.29963934285851,0.22939068100358423,False,-1642.5
all_loss,1D,cost_r,le,0.0,0.1,,,,,823,1.0,167,329,167,327,-130.6540808645059,212.14414772700383,-81.49006686249797,0.20291616038882138,279,1.0,64,117,64,98,-106.35817762021918,142.65781696307766,-36.29963934285851,0.22939068100358423,False,-1642.5
all_loss,1D,cost_r,ge,0.0,0.1,,,,,823,1.0,167,329,167,327,-130.6540808645059,212.14414772700383,-81.49006686249797,0.20291616038882138,279,1.0,64,117,64,98,-106.35817762021918,142.65781696307766,-36.29963934285851,0.22939068100358423,False,-1642.5
all_loss,1D,cost_r,le,0.0,0.2,,,,,823,1.0,167,329,167,327,-130.6540808645059,212.14414772700383,-81.49006686249797,0.20291616038882138,279,1.0,64,117,64,98,-106.35817762021918,142.65781696307766,-36.29963934285851,0.22939068100358423,False,-1642.5
all_loss,1D,cost_r,ge,0.0,0.2,,,,,823,1.0,167,329,167,327,-130.6540808645059,212.14414772700383,-81.49006686249797,0.20291616038882138,279,1.0,64,117,64,98,-106.35817762021918,142.65781696307766,-36.29963934285851,0.22939068100358423,False,-1642.5
all_loss,1D,cost_r,le,0.0,0.3,,,,,823,1.0,167,329,167,327,-130.6540808645059,212.14414772700383,-81.49006686249797,0.20291616038882138,279,1.0,64,117,64,98,-106.35817762021918,142.65781696307766,-36.29963934285851,0.22939068100358423,False,-1642.5
all_loss,1D,cost_r,ge,0.0,0.3,,,,,823,1.0,167,329,167,327,-130.6540808645059,212.14414772700383,-81.49006686249797,0.20291616038882138,279,1.0,64,117,64,98,-106.35817762021918,142.65781696307766,-36.29963934285851,0.22939068100358423,False,-1642.5
all_loss,1D,cost_r,le,0.0,0.4,,,,,823,1.0,167,329,167,327,-130.6540808645059,212.14414772700383,-81.49006686249797,0.20291616038882138,279,1.0,64,117,64,98,-106.35817762021918,142.65781696307766,-36.29963934285851,0.22939068100358423,False,-1642.5
all_loss,1D,cost_r,ge,0.0,0.4,,,,,823,1.0,167,329,167,327,-130.6540808645059,212.14414772700383,-81.49006686249797,0.20291616038882138,279,1.0,64,117,64,98,-106.35817762021918,142.65781696307766,-36.29963934285851,0.22939068100358423,False,-1642.5
all_loss,1D,cost_r,le,0.0,0.5,,,,,823,1.0,167,329,167,327,-130.6540808645059,212.14414772700383,-81.49006686249797,0.20291616038882138,279,1.0,64,117,64,98,-106.35817762021918,142.65781696307766,-36.29963934285851,0.22939068100358423,False,-1642.5
all_loss,1D,cost_r,ge,0.0,0.5,,,,,823,1.0,167,329,167,327,-130.6540808645059,212.14414772700383,-81.49006686249797,0.20291616038882138,279,1.0,64,117,64,98,-106.35817762021918,142.65781696307766,-36.29963934285851,0.22939068100358423,False,-1642.5
all_loss,1D,cost_r,le,0.0,0.6,,,,,823,1.0,167,329,167,327,-130.6540808645059,212.14414772700383,-81.49006686249797,0.20291616038882138,279,1.0,64,117,64,98,-106.35817762021918,142.65781696307766,-36.29963934285851,0.22939068100358423,False,-1642.5
all_loss,1D,cost_r,ge,0.0,0.6,,,,,823,1.0,167,329,167,327,-130.6540808645059,212.14414772700383,-81.49006686249797,0.20291616038882138,279,1.0,64,117,64,98,-106.35817762021918,142.65781696307766,-36.29963934285851,0.22939068100358423,False,-1642.5
all_loss,1D,cost_r,le,0.0,0.7,,,,,823,1.0,167,329,167,327,-130.6540808645059,212.14414772700383,-81.49006686249797,0.20291616038882138,279,1.0,64,117,64,98,-106.35817762021918,142.65781696307766,-36.29963934285851,0.22939068100358423,False,-1642.5
all_loss,1D,cost_r,ge,0.0,0.7,,,,,823,1.0,167,329,167,327,-130.6540808645059,212.14414772700383,-81.49006686249797,0.20291616038882138,279,1.0,64,117,64,98,-106.35817762021918,142.65781696307766,-36.29963934285851,0.22939068100358423,False,-1642.5
all_loss,1D,cost_r,le,0.0,0.8,,,,,823,1.0,167,329,167,327,-130.6540808645059,212.14414772700383,-81.49006686249797,0.20291616038882138,279,1.0,64,117,64,98,-106.35817762021918,142.65781696307766,-36.29963934285851,0.22939068100358423,False,-1642.5
all_loss,1D,cost_r,ge,0.0,0.8,,,,,823,1.0,167,329,167,327,-130.6540808645059,212.14414772700383,-81.49006686249797,0.20291616038882138,279,1.0,64,117,64,98,-106.35817762021918,142.65781696307766,-36.29963934285851,0.22939068100358423,False,-1642.5
all_loss,1D,cost_r,le,0.0,0.9,,,,,823,1.0,167,329,167,327,-130.6540808645059,212.14414772700383,-81.49006686249797,0.20291616038882138,279,1.0,64,117,64,98,-106.35817762021918,142.65781696307766,-36.29963934285851,0.22939068100358423,False,-1642.5
all_loss,1D,cost_r,ge,0.0,0.9,,,,,823,1.0,167,329,167,327,-130.6540808645059,212.14414772700383,-81.49006686249797,0.20291616038882138,279,1.0,64,117,64,98,-106.35817762021918,142.65781696307766,-36.29963934285851,0.22939068100358423,False,-1642.5
severe_mae_loss,1D,stability,le,0.33721788339599695,0.7,,,,,577,0.701093560145808,0,204,128,245,-80.11059939307664,146.57750818414692,-66.46690879107028,0.0,205,0.7347670250896058,0,79,51,75,-67.49981444164567,98.65435735593316,-31.154542914287475,0.0,False,-1643.5
low_mfe_loss,1D,decision_hour,ge,3.0,0.1,,,,,752,0.913730255164034,114,304,156,292,-120.61558608593435,195.416720662718,-74.80113457678365,0.15159574468085107,259,0.9283154121863799,54,106,63,90,-92.35395500950585,128.33320435236436,-35.97924934285854,0.2084942084942085,False,-1650.75
severe_mae_loss,1D,reliability_win,ge,0.28630674256749367,0.4,,,,,494,0.6002430133657352,0,229,99,166,-93.15027522785924,137.64910132071535,-44.498826092856106,0.0,157,0.5627240143369175,0,73,40,44,-77.08526883107504,96.48568065250356,-19.400411821428516,0.0,False,-1662.75
severe_mae_loss,1D,reliability_strategy_win,ge,0.27726995734308346,0.3,,,,,587,0.7132442284325637,0,249,119,219,-80.50594740214527,136.17524132357252,-55.669293921427254,0.0,131,0.46953405017921146,0,61,30,40,-31.04617069178492,44.82787426321339,-13.781703571428473,0.0,False,-1663.5
low_mfe_loss,1D,quality,le,0.9188283664440076,0.9,,,,,741,0.9003645200486027,111,303,149,289,-112.38942156450749,183.4158634984339,-71.02644193392644,0.14979757085020243,257,0.921146953405018,53,108,61,88,-96.67902322736123,128.82891221307608,-32.14988898571487,0.20622568093385213,False,-1674.5
severe_mae_loss,1D,reliability_strategy_mean_r,ge,0.10821210379473341,0.3,,,,,601,0.7302551640340219,0,220,108,273,-92.83673408307692,151.95660616700454,-59.119872083927625,0.0,207,0.7419354838709677,0,75,44,88,-70.3479568962874,98.64626663200353,-28.298309735716124,0.0,False,-1682.0
severe_mae_loss,1D,rank_score,le,0.5285471018002386,0.7,,,,,576,0.6998784933171325,0,208,123,245,-83.46361032164818,147.04697625557566,-63.58336593392746,0.0,205,0.7347670250896058,0,82,50,73,-69.29272229878792,99.14924378450372,-29.856521485715813,0.0,False,-1683.25
low_mfe_loss,1D,reliability_score,ge,-0.1170286712992689,0.1,,,,,740,0.8991494532199271,111,299,153,288,-118.32577250286297,192.19817706000356,-73.87240455714056,0.15,253,0.9068100358422939,52,111,61,81,-99.84853088821944,134.00782374536345,-34.15929285714405,0.20553359683794467,False,-1687.25
low_mfe_loss,1D,reliability_win,ge,0.2572510157730984,0.1,,,,,740,0.8991494532199271,109,303,149,288,-122.79039911000422,193.77360938143107,-70.98321027142686,0.1472972972972973,234,0.8387096774193549,47,106,56,72,-97.47433780250458,129.22503780250523,-31.750700000000656,0.20085470085470086,False,-1694.5
severe_mae_loss,1D,rank_score,ge,0.4137125336302984,0.4,,,,,494,0.6002430133657352,0,225,94,175,-102.54192868143087,146.8852585600012,-44.34332987857033,0.0,160,0.5734767025089605,0,79,32,49,-87.17794749178988,105.03144749179035,-17.85350000000046,0.0,False,-1695.5
severe_mae_loss,1D,reliability_expected_r,le,0.21481947009822153,0.7,,,,,576,0.6998784933171325,0,210,124,242,-79.89328653236146,140.83901410914592,-60.94572757678447,0.0,200,0.7168458781362007,0,83,50,67,-69.95263015593123,98.40565521307532,-28.453025057144075,0.0,False,-1698.0
low_mfe_loss,1D,trailing_win_rate,ge,0.24832869080779946,0.1,,,,,740,0.8991494532199271,112,303,152,285,-121.06571232429175,194.44856188143268,-73.38284955714093,0.15135135135135136,250,0.8960573476702509,52,111,61,78,-100.26206923107729,134.7131335167926,-34.45106428571533,0.208,False,-1699.5
severe_mae_loss,1D,reliability_strategy_win,le,0.311195133979944,0.8,,,,,668,0.8116646415552855,0,239,128,301,-103.25561138664736,170.99187051343162,-67.73625912678423,0.0,181,0.6487455197132617,0,67,45,69,-84.24545301772007,111.85622164629356,-27.610768628573474,0.0,False,-1704.25
severe_mae_loss,1D,expected_r,le,0.4014021000815497,0.7,,,,,582,0.707168894289186,0,212,125,245,-83.76425539307735,146.4978534698619,-62.73359807678455,0.0,209,0.7491039426523297,0,83,54,72,-69.09120087021705,101.05295807021854,-31.961757200001482,0.0,False,-1709.75
low_mfe_loss,1D,rank_score,ge,0.3572763578368383,0.2,,,,,658,0.7995139732685298,90,285,123,250,-125.03914413586078,184.9005247287153,-59.861380592854516,0.13677811550151975,234,0.8387096774193549,41,108,48,78,-106.09797079879067,134.82180965593454,-28.723838857143907,0.1752136752136752,False,-1711.0
low_mfe_loss,1D,reliability_expected_r,ge,0.031401115543752356,0.1,,,,,742,0.9015795868772782,111,299,151,292,-120.41960963550552,194.58790571800347,-74.16829608249799,0.1495956873315364,268,0.9605734767025089,54,115,63,90,-103.9364400487907,139.91470433450633,-35.978264285715674,0.20149253731343283,False,-1711.5
low_mfe_loss,1D,reliability_asset_strategy_mean_r,ge,0.031966292844013824,0.1,,,,,740,0.8991494532199271,110,300,152,288,-120.15036707429154,193.8925752028606,-73.74220812856908,0.14864864864864866,276,0.989247311827957,55,115,64,97,-103.61506499164784,139.91470433450633,-36.29963934285851,0.19927536231884058,False,-1714.0
low_mfe_loss,1D,rank_score,ge,0.3262616466952146,0.1,,,,,740,0.8991494532199271,109,301,150,289,-120.3261550657204,195.15194773714657,-74.82579267142617,0.1472972972972973,268,0.9605734767025089,53,114,61,93,-104.05353434879066,139.35949154879194,-35.305957200001295,0.19776119402985073,False,-1723.0
severe_mae_loss,1D,reliability_asset_strategy_win,ge,0.30492914979757085,0.4,,,,,501,0.6087484811664642,0,234,100,167,-100.70726040643075,144.62902964214356,-43.92176923571283,0.0,163,0.5842293906810035,0,78,42,43,-75.78314325964504,95.8000873310736,-20.016944071428536,0.0,False,-1726.0
low_mfe_loss,1D,reliability_strategy_mean_r,le,0.16677690115788216,0.9,,,,,763,0.9270959902794653,117,303,159,301,-118.98128660379083,197.00986846628876,-78.02858186249796,0.15334207077326342,279,1.0,55,117,64,98,-106.35817762021918,142.65781696307766,-36.29963934285851,0.1971326164874552,False,-1727.5
severe_mae_loss,1D,reliability_asset_strategy_mean_r,le,0.3494376818480413,0.7,,,,,576,0.6998784933171325,0,212,123,241,-80.93049403593392,142.35087425557512,-61.42038021964122,0.0,204,0.7311827956989247,0,86,51,67,-69.50036729878832,99.77261378450393,-30.27224648571559,0.0,False,-1731.0
low_mfe_loss,1D,reliability_asset_strategy_win,ge,0.25269263106155654,0.1,,,,,742,0.9015795868772782,109,306,149,287,-126.1675205385766,197.89338438143233,-71.7258638428557,0.14690026954177898,248,0.8888888888888888,51,112,60,76,-100.65967374536234,134.5528237453635,-33.89315000000117,0.2056451612903226,False,-1734.5
low_mfe_loss,1D,expected_r,ge,0.036071880864820556,0.1,,,,,746,0.9064398541919806,110,301,153,292,-120.23770020864964,194.90971230900442,-74.6720121003548,0.14745308310991956,274,0.982078853046595,53,116,61,97,-103.30225976307624,138.6082169630775,-35.305957200001295,0.19343065693430658,False,-1739.0
low_mfe_loss,1D,stability,ge,0.04290265346146096,0.1,,,,,746,0.9064398541919806,110,301,153,292,-120.23770020864964,194.90971230900442,-74.6720121003548,0.14745308310991956,274,0.982078853046595,53,116,61,97,-103.30225976307624,138.6082169630775,-35.305957200001295,0.19343065693430658,False,-1739.0
severe_mae_loss,1D,reliability_asset_strategy_mean_r,ge,0.1569651527438252,0.4,,,,,494,0.6002430133657352,0,223,94,177,-106.8303388142885,150.3808667428586,-43.55052792857009,0.0,189,0.6774193548387096,0,86,43,60,-88.23250264071945,112.37116581929187,-24.138663178572425,0.0,False,-1750.75
severe_mae_loss,1D,trailing_win_rate,ge,0.30716723549488056,0.4,,,,,495,0.6014580801944107,0,231,97,167,-96.59952311714468,139.19688992428667,-42.59736680714196,0.0,173,0.6200716845878136,0,84,42,47,-70.78151279536027,92.7817000453602,-22.000187249999904,0.0,False,-1763.0
severe_mae_loss,1D,expected_r,ge,0.161674278018405,0.4,,,,,499,0.606318347509113,0,229,95,175,-109.0228665100029,152.63166099571575,-43.608794485712856,0.0,178,0.6379928315412187,0,85,41,52,-90.64216551179098,114.243871511792,-23.601706000001023,0.0,False,-1765.25
severe_mae_loss,1D,reliability_strategy_mean_r,ge,0.10558505613350275,0.2,,,,,659,0.8007290400972054,0,239,118,302,-100.03109031164826,162.52135397414725,-62.49026366249899,0.0,207,0.7419354838709677,0,75,44,88,-70.3479568962874,98.64626663200353,-28.298309735716124,0.0,False,-1772.5
severe_mae_loss,1D,quality,le,0.8148595874560972,0.7,,,,,576,0.6998784933171325,0,236,123,217,-79.46003697093198,136.15618729057388,-56.6961503196419,0.0,191,0.6845878136200717,0,80,52,59,-59.15634092036119,84.00666240607575,-24.850321485714574,0.0,False,-1775.75
severe_mae_loss,1D,stability,ge,0.14975745898888393,0.4,,,,,496,0.6026731470230863,0,227,94,175,-104.89057067071747,148.689268763573,-43.79869809285556,0.0,184,0.6594982078853047,0,88,41,55,-93.08649563464817,115.61799063464909,-22.531495000000916,0.0,False,-1782.0
severe_mae_loss,1D,reliability_expected_r,ge,0.09587491488518873,0.4,,,,,494,0.6002430133657352,0,227,94,173,-107.11186569928827,150.14544579214407,-43.03358009285581,0.0,187,0.6702508960573477,0,88,41,58,-91.68910965857671,114.34138469429192,-22.652275035715213,0.0,False,-1782.25
severe_mae_loss,1D,decision_hour,ge,12.0,0.4,,,,,529,0.6427703523693803,0,228,119,182,-87.11232993771799,142.4588708391445,-55.34654090142655,0.0,195,0.6989247311827957,0,87,51,57,-86.92240681679115,113.93347956679264,-27.011072750001485,0.0,False,-1789.0
severe_mae_loss,1D,trailing_win_rate,le,0.4868421052631579,0.8,,,,,668,0.8116646415552855,0,243,128,297,-108.28171003307642,176.73123180271807,-68.44952176964165,0.0,212,0.7598566308243727,0,75,46,91,-70.77006921771635,100.17965141771805,-29.409582200001694,0.0,False,-1792.0
severe_mae_loss,1D,reliability_score,le,0.22156966219986063,0.8,,,,,658,0.7995139732685298,0,236,132,290,-100.21644561164814,166.51781830986113,-66.30137269821302,0.0,210,0.7526881720430108,0,79,49,82,-72.10197854878777,102.46565003450388,-30.363671485716125,0.0,False,-1793.0
severe_mae_loss,1D,reliability_score,ge,-0.019076476753512116,0.4,,,,,494,0.6002430133657352,0,233,96,165,-103.96018347071578,146.97889570642872,-43.01871223571293,0.0,177,0.6344086021505376,0,88,40,49,-92.36102663464789,112.72123667036185,-20.360210035713962,0.0,False,-1803.75
severe_mae_loss,1D,quality,ge,0.7163555457730956,0.2,,,,,658,0.7995139732685298,0,244,120,294,-108.8563198509344,171.87008470628967,-63.013764855355255,0.0,203,0.7275985663082437,0,77,42,84,-85.0307196462897,111.78933463200526,-26.758614985715575,0.0,False,-1807.25
low_mfe_loss,1D,quality,ge,0.58,0.1,,,,,823,1.0,122,329,167,327,-130.6540808645059,212.14414772700383,-81.49006686249797,0.14823815309842042,279,1.0,55,117,64,98,-106.35817762021918,142.65781696307766,-36.29963934285851,0.1971326164874552,False,-1831.5
low_mfe_loss,1D,cost_r,le,0.0,0.1,,,,,823,1.0,122,329,167,327,-130.6540808645059,212.14414772700383,-81.49006686249797,0.14823815309842042,279,1.0,55,117,64,98,-106.35817762021918,142.65781696307766,-36.29963934285851,0.1971326164874552,False,-1831.5
low_mfe_loss,1D,cost_r,ge,0.0,0.1,,,,,823,1.0,122,329,167,327,-130.6540808645059,212.14414772700383,-81.49006686249797,0.14823815309842042,279,1.0,55,117,64,98,-106.35817762021918,142.65781696307766,-36.29963934285851,0.1971326164874552,False,-1831.5
low_mfe_loss,1D,cost_r,le,0.0,0.2,,,,,823,1.0,122,329,167,327,-130.6540808645059,212.14414772700383,-81.49006686249797,0.14823815309842042,279,1.0,55,117,64,98,-106.35817762021918,142.65781696307766,-36.29963934285851,0.1971326164874552,False,-1831.5
low_mfe_loss,1D,cost_r,ge,0.0,0.2,,,,,823,1.0,122,329,167,327,-130.6540808645059,212.14414772700383,-81.49006686249797,0.14823815309842042,279,1.0,55,117,64,98,-106.35817762021918,142.65781696307766,-36.29963934285851,0.1971326164874552,False,-1831.5
low_mfe_loss,1D,cost_r,le,0.0,0.3,,,,,823,1.0,122,329,167,327,-130.6540808645059,212.14414772700383,-81.49006686249797,0.14823815309842042,279,1.0,55,117,64,98,-106.35817762021918,142.65781696307766,-36.29963934285851,0.1971326164874552,False,-1831.5
low_mfe_loss,1D,cost_r,ge,0.0,0.3,,,,,823,1.0,122,329,167,327,-130.6540808645059,212.14414772700383,-81.49006686249797,0.14823815309842042,279,1.0,55,117,64,98,-106.35817762021918,142.65781696307766,-36.29963934285851,0.1971326164874552,False,-1831.5
low_mfe_loss,1D,cost_r,le,0.0,0.4,,,,,823,1.0,122,329,167,327,-130.6540808645059,212.14414772700383,-81.49006686249797,0.14823815309842042,279,1.0,55,117,64,98,-106.35817762021918,142.65781696307766,-36.29963934285851,0.1971326164874552,False,-1831.5
low_mfe_loss,1D,cost_r,ge,0.0,0.4,,,,,823,1.0,122,329,167,327,-130.6540808645059,212.14414772700383,-81.49006686249797,0.14823815309842042,279,1.0,55,117,64,98,-106.35817762021918,142.65781696307766,-36.29963934285851,0.1971326164874552,False,-1831.5
low_mfe_loss,1D,cost_r,le,0.0,0.5,,,,,823,1.0,122,329,167,327,-130.6540808645059,212.14414772700383,-81.49006686249797,0.14823815309842042,279,1.0,55,117,64,98,-106.35817762021918,142.65781696307766,-36.29963934285851,0.1971326164874552,False,-1831.5
low_mfe_loss,1D,cost_r,ge,0.0,0.5,,,,,823,1.0,122,329,167,327,-130.6540808645059,212.14414772700383,-81.49006686249797,0.14823815309842042,279,1.0,55,117,64,98,-106.35817762021918,142.65781696307766,-36.29963934285851,0.1971326164874552,False,-1831.5
low_mfe_loss,1D,cost_r,le,0.0,0.6,,,,,823,1.0,122,329,167,327,-130.6540808645059,212.14414772700383,-81.49006686249797,0.14823815309842042,279,1.0,55,117,64,98,-106.35817762021918,142.65781696307766,-36.29963934285851,0.1971326164874552,False,-1831.5
low_mfe_loss,1D,cost_r,ge,0.0,0.6,,,,,823,1.0,122,329,167,327,-130.6540808645059,212.14414772700383,-81.49006686249797,0.14823815309842042,279,1.0,55,117,64,98,-106.35817762021918,142.65781696307766,-36.29963934285851,0.1971326164874552,False,-1831.5
low_mfe_loss,1D,cost_r,le,0.0,0.7,,,,,823,1.0,122,329,167,327,-130.6540808645059,212.14414772700383,-81.49006686249797,0.14823815309842042,279,1.0,55,117,64,98,-106.35817762021918,142.65781696307766,-36.29963934285851,0.1971326164874552,False,-1831.5
low_mfe_loss,1D,cost_r,ge,0.0,0.7,,,,,823,1.0,122,329,167,327,-130.6540808645059,212.14414772700383,-81.49006686249797,0.14823815309842042,279,1.0,55,117,64,98,-106.35817762021918,142.65781696307766,-36.29963934285851,0.1971326164874552,False,-1831.5
low_mfe_loss,1D,cost_r,le,0.0,0.8,,,,,823,1.0,122,329,167,327,-130.6540808645059,212.14414772700383,-81.49006686249797,0.14823815309842042,279,1.0,55,117,64,98,-106.35817762021918,142.65781696307766,-36.29963934285851,0.1971326164874552,False,-1831.5
low_mfe_loss,1D,cost_r,ge,0.0,0.8,,,,,823,1.0,122,329,167,327,-130.6540808645059,212.14414772700383,-81.49006686249797,0.14823815309842042,279,1.0,55,117,64,98,-106.35817762021918,142.65781696307766,-36.29963934285851,0.1971326164874552,False,-1831.5
low_mfe_loss,1D,cost_r,le,0.0,0.9,,,,,823,1.0,122,329,167,327,-130.6540808645059,212.14414772700383,-81.49006686249797,0.14823815309842042,279,1.0,55,117,64,98,-106.35817762021918,142.65781696307766,-36.29963934285851,0.1971326164874552,False,-1831.5
low_mfe_loss,1D,cost_r,ge,0.0,0.9,,,,,823,1.0,122,329,167,327,-130.6540808645059,212.14414772700383,-81.49006686249797,0.14823815309842042,279,1.0,55,117,64,98,-106.35817762021918,142.65781696307766,-36.29963934285851,0.1971326164874552,False,-1831.5
severe_mae_loss,1D,trailing_giveback,le,0.874697740561679,0.7,,,,,581,0.7059538274605103,0,225,126,230,-90.56512269857667,155.69043109857515,-65.12530839999846,0.0,223,0.7992831541218638,0,93,49,81,-101.38735924536124,128.96670823107746,-27.579348985716237,0.0,False,-1845.0
severe_mae_loss,1D,reliability_asset_strategy_win,le,0.459540486044784,0.8,,,,,661,0.8031591737545565,0,240,130,291,-105.92024313307698,174.94042118843294,-69.02017805535598,0.0,230,0.8243727598566308,0,83,49,98,-84.56727278914556,114.93299784629029,-30.36572505714471,0.0,False,-1846.75
severe_mae_loss,1D,trailing_giveback,ge,0.8275796734142848,0.2,,,,,659,0.8007290400972054,0,260,129,270,-108.48011186164847,173.61546773843244,-65.13535587678396,0.0,202,0.7240143369175627,0,76,47,79,-56.57043657128676,85.4729777355738,-28.902541164287054,0.0,False,-1863.25
severe_mae_loss,1D,reliability_strategy_win,ge,0.2739559235358578,0.2,,,,,701,0.8517618469015796,0,292,142,267,-103.8142461043591,171.6914866547149,-67.8772405503558,0.0,132,0.4731182795698925,0,61,30,41,-31.046170691784916,44.82787426321339,-13.781703571428473,0.0,False,-1864.25
severe_mae_loss,1D,reliability_strategy_mean_r,le,0.14673061446425303,0.7,,,,,583,0.7083839611178615,0,224,128,231,-88.10935591093309,152.82985191628845,-64.72049600535536,0.0,223,0.7992831541218638,0,96,58,69,-95.05164070593477,127.90821290593618,-32.8565722000014,0.0,False,-1865.5
severe_mae_loss,1D,reliability_win,le,0.3761738273374446,0.8,,,,,658,0.7995139732685298,0,237,130,291,-106.46311744736285,175.9322670027187,-69.46914955535587,0.0,237,0.8494623655913979,0,88,51,98,-95.55198993200447,126.60582570343507,-31.05383577143058,0.0,False,-1875.75
severe_mae_loss,1D,reliability_win,ge,0.2774425059218657,0.3,,,,,577,0.701093560145808,0,260,113,204,-104.64614941357704,157.7556908635753,-53.10954144999827,0.0,175,0.6272401433691757,0,81,44,50,-83.49728147393208,104.90142161678912,-21.404140142857035,0.0,False,-1876.0
severe_mae_loss,1D,expected_r,le,0.45361065785615307,0.8,,,,,659,0.8007290400972054,0,247,136,276,-93.87562003593374,161.92648954128987,-68.05086950535612,0.0,229,0.8207885304659498,0,88,56,85,-72.94857765593109,105.68863842736103,-32.740060771429945,0.0,False,-1914.0
severe_mae_loss,1D,stability,le,0.44472442584298566,0.8,,,,,683,0.8298906439854192,0,259,142,282,-102.98292246450538,175.81253482700407,-72.82961236249871,0.0,214,0.7670250896057348,0,84,52,78,-70.15455801307394,101.66395807021851,-31.509400057144532,0.0,False,-1932.25
severe_mae_loss,1D,rank_score,le,0.5719960562151344,0.8,,,,,658,0.7995139732685298,0,244,139,275,-92.41695370021962,161.65915091986108,-69.24219721964145,0.0,233,0.8351254480286738,0,92,56,85,-71.0841847987886,103.82424557021855,-32.740060771429945,0.0,False,-1934.75
severe_mae_loss,1D,reliability_asset_strategy_win,ge,0.2910004813364106,0.3,,,,,576,0.6998784933171325,0,256,116,204,-103.2727736350052,157.9724857992896,-54.69971216428442,0.0,196,0.7025089605734767,0,90,48,58,-87.36266900964665,112.58959479536075,-25.22692578571407,0.0,False,-1937.0
severe_mae_loss,1D,decision_hour,ge,10.0,0.3,,,,,596,0.724179829890644,0,252,128,216,-98.41126815328948,157.92112234757295,-59.509854194283484,0.0,213,0.7634408602150538,0,91,55,67,-87.46130670593399,116.71496915593565,-29.25366245000163,0.0,False,-1938.25
severe_mae_loss,1D,expected_r,ge,0.126843373535016,0.3,,,,,578,0.7023086269744836,0,255,112,211,-108.48266117429145,162.5005196600043,-54.01785848571286,0.0,196,0.7025089605734767,0,91,44,61,-93.51251177750532,117.83580206322057,-24.32329028571525,0.0,False,-1941.5
severe_mae_loss,1D,reliability_expected_r,le,0.24513895111390224,0.8,,,,,658,0.7995139732685298,0,247,140,271,-93.0796557216488,161.41240829843224,-68.33275257678346,0.0,227,0.8136200716845878,0,93,55,79,-74.7985705130739,107.13350271307539,-32.33493220000149,0.0,False,-1953.25
severe_mae_loss,1D,reliability_asset_strategy_mean_r,le,0.41417781315300256,0.8,,,,,670,0.8140947752126367,0,250,138,282,-91.57251115021903,157.91773515557443,-66.34522400535542,0.0,228,0.8172043010752689,0,93,55,80,-74.7985705130739,107.13350271307539,-32.33493220000149,0.0,False,-1968.5
severe_mae_loss,1D,reliability_strategy_win,ge,0.2731983805668016,0.1,,,,,782,0.9501822600243013,0,314,157,311,-120.04046700379175,197.01691283057582,-76.97644582678407,0.0,132,0.4731182795698925,0,61,30,41,-31.046170691784916,44.82787426321339,-13.781703571428473,0.0,False,-1972.5
severe_mae_loss,1D,trailing_win_rate,ge,0.28721174004192873,0.3,,,,,580,0.7047387606318347,0,262,119,199,-100.98254423500433,155.89048772071772,-54.907943485713396,0.0,202,0.7240143369175627,0,95,49,58,-90.53356861678974,117.01533250964677,-26.481763892857003,0.0,False,-2003.5
severe_mae_loss,1D,rank_score,ge,0.3845722601648459,0.3,,,,,577,0.701093560145808,0,254,114,209,-114.22114956000324,169.31693015285788,-55.09578059285466,0.0,205,0.7347670250896058,0,99,42,64,-96.61442019179012,121.79517804893342,-25.18075785714333,0.0,False,-2003.5
severe_mae_loss,1D,stability,ge,0.11245498270748465,0.3,,,,,577,0.701093560145808,0,258,109,210,-111.81866127072021,164.12827689929028,-52.30961562857009,0.0,215,0.7706093189964157,0,98,48,69,-95.00079524536284,123.0732859596495,-28.07249071428665,0.0,False,-2014.0
severe_mae_loss,1D,reliability_expected_r,ge,0.07339858947124882,0.3,,,,,577,0.701093560145808,0,253,112,212,-109.88776858143392,163.28140624571807,-53.393637664284164,0.0,219,0.7849462365591398,0,102,48,69,-97.55186978107727,125.73931906679253,-28.187449285715243,0.0,False,-2027.0
severe_mae_loss,1D,reliability_asset_strategy_mean_r,ge,0.11457466774677837,0.3,,,,,578,0.7023086269744836,0,255,114,209,-113.94604768857705,169.71027153143277,-55.7642238428557,0.0,217,0.7777777777777778,0,102,47,68,-98.38580978107721,124.80910485250668,-26.423295071429457,0.0,False,-2034.75
severe_mae_loss,1D,reliability_strategy_mean_r,ge,0.07630568207694308,0.1,,,,,741,0.9003645200486027,0,292,138,311,-113.67834743236244,183.94610397343263,-70.26775654107021,0.0,215,0.7706093189964157,0,79,45,91,-74.15357461057337,102.52700434628953,-28.373429735716147,0.0,False,-2039.0
severe_mae_loss,1D,reliability_score,ge,-0.05612360587640852,0.3,,,,,577,0.701093560145808,0,259,115,203,-108.29786622428851,162.16154317428692,-53.863676949998414,0.0,214,0.7670250896057348,0,101,48,65,-97.74749278107703,124.67482792393521,-26.927335142858173,0.0,False,-2041.75
severe_mae_loss,1D,reliability_strategy_win,le,0.6332662721893492,0.9,,,,,748,0.9088699878493317,0,274,147,327,-112.30821264736238,186.99990320271812,-74.69169055535575,0.0,237,0.8494623655913979,0,88,51,98,-95.55198993200447,126.60582570343507,-31.05383577143058,0.0,False,-2046.25
severe_mae_loss,1D,trailing_giveback,le,0.8967585507542115,0.8,,,,,671,0.8153098420413123,0,252,143,276,-98.79692633236245,170.8329006948611,-72.03597436249868,0.0,250,0.8960573476702509,0,104,54,92,-101.7951981916473,133.97389824879193,-32.17870005714462,0.0,False,-2070.25
severe_mae_loss,1D,reliability_asset_strategy_win,le,0.6624451987404646,0.9,,,,,740,0.8991494532199271,0,269,144,327,-115.64332020093471,190.87690718486115,-75.23358698392646,0.0,248,0.8888888888888888,0,95,55,98,-97.56774353307577,129.9807971616492,-32.41305362857348,0.0,False,-2083.0
severe_mae_loss,1D,trailing_win_rate,le,0.6666666666666666,0.9,,,,,741,0.9003645200486027,0,270,144,327,-113.04157580807677,186.8013556491466,-73.75977984106984,0.0,248,0.8888888888888888,0,95,55,98,-96.81952932486166,129.23258295343516,-32.41305362857348,0.0,False,-2087.25
severe_mae_loss,1D,reliability_win,le,0.6014302970055891,0.9,,,,,740,0.8991494532199271,0,271,142,327,-117.29860248664893,191.18061089914693,-73.882008412498,0.0,248,0.8888888888888888,0,95,55,98,-97.56774353307577,129.9807971616492,-32.41305362857348,0.0,False,-2091.0
severe_mae_loss,1D,reliability_asset_strategy_win,ge,0.2711849864472477,0.2,,,,,661,0.8031591737545565,0,281,132,248,-107.78724067429098,170.94264655286085,-63.155405878569866,0.0,214,0.7670250896057348,0,94,52,68,-86.44689245964663,114.73798174536078,-28.291089285714126,0.0,False,-2094.75
severe_mae_loss,1D,quality,le,0.8400000000000001,0.8,,,,,673,0.8177399756986634,0,274,138,261,-93.37442526721878,157.01320772971764,-63.63878246249886,0.0,230,0.8243727598566308,0,98,59,73,-76.41755217393265,107.8914383025047,-31.473886128572047,0.0,False,-2105.75
severe_mae_loss,1D,reliability_score,le,0.27630626870155034,0.9,,,,,741,0.9003645200486027,0,275,146,320,-110.32471004307686,183.02614833414714,-72.70143829107029,0.0,244,0.8745519713261649,0,97,52,95,-80.78277426307304,112.23336003450359,-31.45058577143054,0.0,False,-2122.25
severe_mae_loss,1D,decision_hour,ge,7.0,0.2,,,,,662,0.804374240583232,0,279,133,250,-114.25643405021769,175.975730484144,-61.71929643392631,0.0,238,0.8530465949820788,0,99,58,81,-93.57032143807695,125.93664863807852,-32.366327200001564,0.0,False,-2133.0
severe_mae_loss,1D,trailing_win_rate,ge,0.272264631043257,0.2,,,,,662,0.804374240583232,0,287,133,242,-117.87628251714935,180.43666607429026,-62.56038355714092,0.0,212,0.7598566308243727,0,98,50,64,-94.45419147393312,122.45395536679082,-27.99976389285769,0.0,False,-2150.5
severe_mae_loss,1D,reliability_win,ge,0.2655132009803008,0.2,,,,,658,0.7995139732685298,0,283,136,239,-107.26788456714806,171.71267701714652,-64.44479244999849,0.0,217,0.7777777777777778,0,100,51,66,-92.15883174536089,120.15546845964641,-27.996636714285533,0.0,False,-2150.75
severe_mae_loss,1D,rank_score,le,0.6081325952642994,0.9,,,,,740,0.8991494532199271,0,279,151,310,-105.65557186450557,180.3874994412901,-74.73192757678453,0.0,245,0.8781362007168458,0,100,57,88,-77.49707004878829,110.5933022487897,-33.096232200001396,0.0,False,-2162.25
severe_mae_loss,1D,stability,ge,0.08985034339192623,0.2,,,,,658,0.7995139732685298,0,275,130,253,-110.4200316171495,173.5328425314329,-63.11281091428337,0.0,234,0.8387096774193549,0,105,52,77,-100.36936099536322,129.73445170964973,-29.365090714286506,0.0,False,-2163.0
severe_mae_loss,1D,reliability_asset_strategy_mean_r,ge,0.0818494506114442,0.2,,,,,660,0.8019441069258809,0,274,132,254,-114.60518715286358,178.19609742429012,-63.59091027142654,0.0,233,0.8351254480286738,0,106,53,74,-100.19078242393468,129.8612802810783,-29.670497857143626,0.0,False,-2167.25
severe_mae_loss,1D,stability,le,0.5485997582722664,0.9,,,,,758,0.9210206561360875,0,295,150,313,-113.53047206450526,188.18818356986105,-74.65771150535582,0.0,235,0.8422939068100358,0,93,57,85,-73.890965763074,106.98719796307543,-33.096232200001396,0.0,False,-2172.25
severe_mae_loss,1D,reliability_expected_r,ge,0.055337280360104116,0.2,,,,,659,0.8007290400972054,0,273,131,255,-114.5271014385775,177.93682571000426,-63.40972427142679,0.0,238,0.8530465949820788,0,107,56,75,-98.96615378107725,131.45105485250699,-32.484901071429746,0.0,False,-2172.25
severe_mae_loss,1D,reliability_expected_r,le,0.27551975578017085,0.9,,,,,740,0.8991494532199271,0,288,150,302,-117.79590579307705,189.81958336986088,-72.02367757678383,0.0,240,0.8602150537634409,0,99,55,86,-78.66959158450203,111.00452378450352,-32.33493220000149,0.0,False,-2189.0
severe_mae_loss,1D,reliability_asset_strategy_mean_r,le,0.4610616472145215,0.9,,,,,742,0.9015795868772782,0,286,153,303,-112.73882204307728,186.60701747700398,-73.86819543392669,0.0,241,0.8637992831541219,0,100,55,86,-79.31196872735887,111.64690092736036,-32.33493220000149,0.0,False,-2189.75
severe_mae_loss,1D,expected_r,ge,0.07848740026365177,0.2,,,,,658,0.7995139732685298,0,275,133,250,-109.54656613857802,173.77791633857575,-64.23135019999772,0.0,245,0.8781362007168458,0,108,55,82,-99.47712813821926,131.89908313822053,-32.42195500000127,0.0,False,-2189.75
severe_mae_loss,1D,reliability_strategy_mean_r,le,0.1510826192894883,0.8,,,,,694,0.8432563791008505,0,279,144,271,-115.2380342180768,185.50525129486084,-70.26721707678405,0.0,241,0.8637992831541219,0,105,61,75,-100.21840369164912,134.13869303450764,-33.920289342858524,0.0,False,-2189.75
severe_mae_loss,1D,reliability_score,ge,-0.08565533530457692,0.2,,,,,658,0.7995139732685298,0,281,134,243,-117.1243251528629,181.02908746000423,-63.90476230714133,0.0,241,0.8637992831541219,0,109,59,73,-99.30671374536331,131.97002088822126,-32.66330714285799,0.0,False,-2220.75
severe_mae_loss,1D,trailing_giveback,ge,0.7836478161220687,0.1,,,,,741,0.9003645200486027,0,291,146,304,-119.44263409307695,193.14227341986108,-73.69963932678414,0.0,244,0.8745519713261649,0,102,52,90,-84.1657658548601,114.89725059057567,-30.731484735715544,0.0,False,-2226.25
severe_mae_loss,1D,rank_score,ge,0.3572763578368383,0.2,,,,,658,0.7995139732685298,0,285,123,250,-125.03914413586078,184.9005247287153,-59.861380592854516,0.0,234,0.8387096774193549,0,108,48,78,-106.09797079879067,134.82180965593454,-28.723838857143907,0.0,False,-2227.0
severe_mae_loss,1D,trailing_giveback,le,0.9101692267290301,0.9,,,,,744,0.9040097205346294,0,283,148,313,-111.71264009307622,185.366401598432,-73.6537615053558,0.0,260,0.931899641577061,0,107,58,95,-102.57552444164679,135.91629592736314,-33.34077148571635,0.0,False,-2239.0
severe_mae_loss,1D,expected_r,le,0.5863367022891707,0.9,,,,,755,0.9173754556500607,0,293,148,314,-112.86613616450575,184.62313695557606,-71.75700079107031,0.0,250,0.8960573476702509,0,102,57,91,-79.04193290593082,112.13816510593222,-33.096232200001396,0.0,False,-2239.25
severe_mae_loss,1D,decision_hour,le,21.0,0.8,,,,,754,0.9161603888213852,0,293,154,307,-126.94521230450542,201.6851995741465,-74.73998726964106,0.0,264,0.946236559139785,0,109,62,93,-99.10893833450403,134.6983705345055,-35.58943220000149,0.0,False,-2298.5
severe_mae_loss,1D,decision_hour,le,21.0,0.9,,,,,754,0.9161603888213852,0,293,154,307,-126.94521230450542,201.6851995741465,-74.73998726964106,0.0,264,0.946236559139785,0,109,62,93,-99.10893833450403,134.6983705345055,-35.58943220000149,0.0,False,-2298.5
severe_mae_loss,1D,reliability_win,ge,0.2572510157730984,0.1,,,,,740,0.8991494532199271,0,303,149,288,-122.79039911000422,193.77360938143107,-70.98321027142686,0.0,234,0.8387096774193549,0,106,56,72,-97.47433780250458,129.22503780250523,-31.750700000000656,0.0,False,-2303.5
severe_mae_loss,1D,decision_hour,ge,3.0,0.1,,,,,752,0.913730255164034,0,304,156,292,-120.61558608593435,195.416720662718,-74.80113457678365,0.0,259,0.9283154121863799,0,106,63,90,-92.35395500950585,128.33320435236436,-35.97924934285854,0.0,False,-2316.75
severe_mae_loss,1D,quality,le,0.9188283664440076,0.9,,,,,741,0.9003645200486027,0,303,149,289,-112.38942156450749,183.4158634984339,-71.02644193392644,0.0,257,0.921146953405018,0,108,61,88,-96.67902322736123,128.82891221307608,-32.14988898571487,0.0,False,-2325.5
severe_mae_loss,1D,reliability_score,ge,-0.1170286712992689,0.1,,,,,740,0.8991494532199271,0,299,153,288,-118.32577250286297,192.19817706000356,-73.87240455714056,0.0,253,0.9068100358422939,0,111,61,81,-99.84853088821944,134.00782374536345,-34.15929285714405,0.0,False,-2332.25
severe_mae_loss,1D,trailing_win_rate,ge,0.24832869080779946,0.1,,,,,740,0.8991494532199271,0,303,152,285,-121.06571232429175,194.44856188143268,-73.38284955714093,0.0,250,0.8960573476702509,0,111,61,78,-100.26206923107729,134.7131335167926,-34.45106428571533,0.0,False,-2347.5
severe_mae_loss,1D,reliability_asset_strategy_win,ge,0.25269263106155654,0.1,,,,,742,0.9015795868772782,0,306,149,287,-126.1675205385766,197.89338438143233,-71.7258638428557,0.0,248,0.8888888888888888,0,112,60,76,-100.65967374536234,134.5528237453635,-33.89315000000117,0.0,False,-2367.5
severe_mae_loss,1D,rank_score,ge,0.3262616466952146,0.1,,,,,740,0.8991494532199271,0,301,150,289,-120.3261550657204,195.15194773714657,-74.82579267142617,0.0,268,0.9605734767025089,0,114,61,93,-104.05353434879066,139.35949154879194,-35.305957200001295,0.0,False,-2368.0
severe_mae_loss,1D,reliability_expected_r,ge,0.031401115543752356,0.1,,,,,742,0.9015795868772782,0,299,151,292,-120.41960963550552,194.58790571800347,-74.16829608249799,0.0,268,0.9605734767025089,0,115,63,90,-103.9364400487907,139.91470433450633,-35.978264285715674,0.0,False,-2368.5
severe_mae_loss,1D,reliability_asset_strategy_mean_r,ge,0.031966292844013824,0.1,,,,,740,0.8991494532199271,0,300,152,288,-120.15036707429154,193.8925752028606,-73.74220812856908,0.0,276,0.989247311827957,0,115,64,97,-103.61506499164784,139.91470433450633,-36.29963934285851,0.0,False,-2374.0
severe_mae_loss,1D,expected_r,ge,0.036071880864820556,0.1,,,,,746,0.9064398541919806,0,301,153,292,-120.23770020864964,194.90971230900442,-74.6720121003548,0.0,274,0.982078853046595,0,116,61,97,-103.30225976307624,138.6082169630775,-35.305957200001295,0.0,False,-2387.0
severe_mae_loss,1D,stability,ge,0.04290265346146096,0.1,,,,,746,0.9064398541919806,0,301,153,292,-120.23770020864964,194.90971230900442,-74.6720121003548,0.0,274,0.982078853046595,0,116,61,97,-103.30225976307624,138.6082169630775,-35.305957200001295,0.0,False,-2387.0
severe_mae_loss,1D,reliability_strategy_mean_r,le,0.16677690115788216,0.9,,,,,763,0.9270959902794653,0,303,159,301,-118.98128660379083,197.00986846628876,-78.02858186249796,0.0,279,1.0,0,117,64,98,-106.35817762021918,142.65781696307766,-36.29963934285851,0.0,False,-2408.5
severe_mae_loss,1D,quality,ge,0.58,0.1,,,,,823,1.0,0,329,167,327,-130.6540808645059,212.14414772700383,-81.49006686249797,0.0,279,1.0,0,117,64,98,-106.35817762021918,142.65781696307766,-36.29963934285851,0.0,False,-2527.5
severe_mae_loss,1D,cost_r,le,0.0,0.1,,,,,823,1.0,0,329,167,327,-130.6540808645059,212.14414772700383,-81.49006686249797,0.0,279,1.0,0,117,64,98,-106.35817762021918,142.65781696307766,-36.29963934285851,0.0,False,-2527.5
severe_mae_loss,1D,cost_r,ge,0.0,0.1,,,,,823,1.0,0,329,167,327,-130.6540808645059,212.14414772700383,-81.49006686249797,0.0,279,1.0,0,117,64,98,-106.35817762021918,142.65781696307766,-36.29963934285851,0.0,False,-2527.5
severe_mae_loss,1D,cost_r,le,0.0,0.2,,,,,823,1.0,0,329,167,327,-130.6540808645059,212.14414772700383,-81.49006686249797,0.0,279,1.0,0,117,64,98,-106.35817762021918,142.65781696307766,-36.29963934285851,0.0,False,-2527.5
severe_mae_loss,1D,cost_r,ge,0.0,0.2,,,,,823,1.0,0,329,167,327,-130.6540808645059,212.14414772700383,-81.49006686249797,0.0,279,1.0,0,117,64,98,-106.35817762021918,142.65781696307766,-36.29963934285851,0.0,False,-2527.5
severe_mae_loss,1D,cost_r,le,0.0,0.3,,,,,823,1.0,0,329,167,327,-130.6540808645059,212.14414772700383,-81.49006686249797,0.0,279,1.0,0,117,64,98,-106.35817762021918,142.65781696307766,-36.29963934285851,0.0,False,-2527.5
severe_mae_loss,1D,cost_r,ge,0.0,0.3,,,,,823,1.0,0,329,167,327,-130.6540808645059,212.14414772700383,-81.49006686249797,0.0,279,1.0,0,117,64,98,-106.35817762021918,142.65781696307766,-36.29963934285851,0.0,False,-2527.5
severe_mae_loss,1D,cost_r,le,0.0,0.4,,,,,823,1.0,0,329,167,327,-130.6540808645059,212.14414772700383,-81.49006686249797,0.0,279,1.0,0,117,64,98,-106.35817762021918,142.65781696307766,-36.29963934285851,0.0,False,-2527.5
severe_mae_loss,1D,cost_r,ge,0.0,0.4,,,,,823,1.0,0,329,167,327,-130.6540808645059,212.14414772700383,-81.49006686249797,0.0,279,1.0,0,117,64,98,-106.35817762021918,142.65781696307766,-36.29963934285851,0.0,False,-2527.5
severe_mae_loss,1D,cost_r,le,0.0,0.5,,,,,823,1.0,0,329,167,327,-130.6540808645059,212.14414772700383,-81.49006686249797,0.0,279,1.0,0,117,64,98,-106.35817762021918,142.65781696307766,-36.29963934285851,0.0,False,-2527.5
severe_mae_loss,1D,cost_r,ge,0.0,0.5,,,,,823,1.0,0,329,167,327,-130.6540808645059,212.14414772700383,-81.49006686249797,0.0,279,1.0,0,117,64,98,-106.35817762021918,142.65781696307766,-36.29963934285851,0.0,False,-2527.5
severe_mae_loss,1D,cost_r,le,0.0,0.6,,,,,823,1.0,0,329,167,327,-130.6540808645059,212.14414772700383,-81.49006686249797,0.0,279,1.0,0,117,64,98,-106.35817762021918,142.65781696307766,-36.29963934285851,0.0,False,-2527.5
severe_mae_loss,1D,cost_r,ge,0.0,0.6,,,,,823,1.0,0,329,167,327,-130.6540808645059,212.14414772700383,-81.49006686249797,0.0,279,1.0,0,117,64,98,-106.35817762021918,142.65781696307766,-36.29963934285851,0.0,False,-2527.5
severe_mae_loss,1D,cost_r,le,0.0,0.7,,,,,823,1.0,0,329,167,327,-130.6540808645059,212.14414772700383,-81.49006686249797,0.0,279,1.0,0,117,64,98,-106.35817762021918,142.65781696307766,-36.29963934285851,0.0,False,-2527.5
severe_mae_loss,1D,cost_r,ge,0.0,0.7,,,,,823,1.0,0,329,167,327,-130.6540808645059,212.14414772700383,-81.49006686249797,0.0,279,1.0,0,117,64,98,-106.35817762021918,142.65781696307766,-36.29963934285851,0.0,False,-2527.5
severe_mae_loss,1D,cost_r,le,0.0,0.8,,,,,823,1.0,0,329,167,327,-130.6540808645059,212.14414772700383,-81.49006686249797,0.0,279,1.0,0,117,64,98,-106.35817762021918,142.65781696307766,-36.29963934285851,0.0,False,-2527.5
severe_mae_loss,1D,cost_r,ge,0.0,0.8,,,,,823,1.0,0,329,167,327,-130.6540808645059,212.14414772700383,-81.49006686249797,0.0,279,1.0,0,117,64,98,-106.35817762021918,142.65781696307766,-36.29963934285851,0.0,False,-2527.5
severe_mae_loss,1D,cost_r,le,0.0,0.9,,,,,823,1.0,0,329,167,327,-130.6540808645059,212.14414772700383,-81.49006686249797,0.0,279,1.0,0,117,64,98,-106.35817762021918,142.65781696307766,-36.29963934285851,0.0,False,-2527.5
severe_mae_loss,1D,cost_r,ge,0.0,0.9,,,,,823,1.0,0,329,167,327,-130.6540808645059,212.14414772700383,-81.49006686249797,0.0,279,1.0,0,117,64,98,-106.35817762021918,142.65781696307766,-36.29963934285851,0.0,False,-2527.5
